2025-07-15 15:16:04,431 - app - INFO - 启动应用，配置: type
2025-07-15 15:16:04,431 - app - INFO - 启动应用，配置: type
2025-07-15 15:16:04,431 - app - INFO - 日志文件: logs/app.log
2025-07-15 15:16:04,431 - app - INFO - 启动应用，配置: type
2025-07-15 15:16:04,431 - app - INFO - API基础URL: https://ark.cn-beijing.volces.com/api/v3
2025-07-15 15:16:04,431 - app - INFO - 日志文件: logs/app.log
2025-07-15 15:16:04,432 - app - INFO - 日志文件: logs/app.log
2025-07-15 15:16:04,432 - app - INFO - API基础URL: https://ark.cn-beijing.volces.com/api/v3
2025-07-15 15:16:04,432 - app - INFO - API基础URL: https://ark.cn-beijing.volces.com/api/v3
2025-07-15 15:18:10,384 - app - INFO - 启动应用，配置: type
2025-07-15 15:18:10,385 - app - INFO - 日志文件: logs/app.log
2025-07-15 15:18:10,385 - app - INFO - API基础URL: https://ark.cn-beijing.volces.com/api/v3
2025-07-15 15:18:10,860 - app - INFO - 启动应用，配置: type
2025-07-15 15:18:10,860 - app - INFO - 日志文件: logs/app.log
2025-07-15 15:18:10,860 - app - INFO - API基础URL: https://ark.cn-beijing.volces.com/api/v3
2025-07-15 15:19:47,908 - app - INFO - 启动应用，配置: type
2025-07-15 15:19:47,908 - app - INFO - 启动应用，配置: type
2025-07-15 15:19:47,908 - app - INFO - 日志文件: logs/app.log
2025-07-15 15:19:47,908 - app - INFO - 日志文件: logs/app.log
2025-07-15 15:19:47,908 - app - INFO - API基础URL: https://ark.cn-beijing.volces.com/api/v3
2025-07-15 15:19:47,908 - app - INFO - API基础URL: https://ark.cn-beijing.volces.com/api/v3
2025-07-15 15:19:48,181 - app - INFO - 启动应用，配置: type
2025-07-15 15:19:48,182 - app - INFO - 日志文件: logs/app.log
2025-07-15 15:19:48,182 - app - INFO - API基础URL: https://ark.cn-beijing.volces.com/api/v3
2025-07-15 15:20:21,803 - app - INFO - [555b361e] === 新的聊天请求开始 ===
2025-07-15 15:20:21,804 - app - INFO - [555b361e] 请求数据字段: ['api_key', 'model_endpoint', 'model_id', 'system_content', 'user_content']
2025-07-15 15:20:21,806 - app - INFO - [555b361e] 使用模型参数: skylark-pro-sc-250615
2025-07-15 15:20:21,806 - app - INFO - [555b361e] API密钥: 6f7f****************************39fd (长度: 36)
2025-07-15 15:20:21,806 - app - INFO - [555b361e] 用户输入长度: 1 字符
2025-07-15 15:20:21,806 - app - INFO - [555b361e] 系统消息长度: 1 字符
2025-07-15 15:20:21,870 - app - INFO - [555b361e] ModelArk服务初始化成功
2025-07-15 15:20:21,870 - app - INFO - [555b361e] 开始调用API...
2025-07-15 15:20:23,454 - app - ERROR - [555b361e] === 请求处理失败 ===
2025-07-15 15:20:23,454 - app - ERROR - [555b361e] 总耗时: 1.65秒
2025-07-15 15:20:23,454 - app - ERROR - [555b361e] 错误: Error code: 401 - {'error': {'code': 'AuthenticationError', 'message': 'The API key in the request is missing or invalid. Request id: 02175256402371896a6127c591581fd2c335f654ab52db5ca53f8', 'param': '', 'type': 'Unauthorized'}}
2025-07-15 15:21:37,290 - app - INFO - 启动应用，配置: type
2025-07-15 15:21:37,290 - app - INFO - 日志文件: logs/app.log
2025-07-15 15:21:37,290 - app - INFO - API基础URL: https://ark.cn-beijing.volces.com/api/v3
2025-07-15 15:21:37,855 - app - INFO - 启动应用，配置: type
2025-07-15 15:21:37,855 - app - INFO - 日志文件: logs/app.log
2025-07-15 15:21:37,855 - app - INFO - API基础URL: https://ark.cn-beijing.volces.com/api/v3
2025-07-15 15:21:37,908 - app - INFO - 启动应用，配置: type
2025-07-15 15:21:37,908 - app - INFO - 日志文件: logs/app.log
2025-07-15 15:21:37,909 - app - INFO - API基础URL: https://ark.cn-beijing.volces.com/api/v3
2025-07-15 15:21:49,188 - app - INFO - 启动应用，配置: type
2025-07-15 15:21:49,188 - app - INFO - 日志文件: logs/app.log
2025-07-15 15:21:49,188 - app - INFO - API基础URL: https://ark.cn-beijing.volces.com/api/v3
2025-07-15 15:21:49,896 - app - INFO - 启动应用，配置: type
2025-07-15 15:21:49,896 - app - INFO - 日志文件: logs/app.log
2025-07-15 15:21:49,896 - app - INFO - API基础URL: https://ark.cn-beijing.volces.com/api/v3
2025-07-15 15:21:49,897 - app - INFO - 启动应用，配置: type
2025-07-15 15:21:49,897 - app - INFO - 日志文件: logs/app.log
2025-07-15 15:21:49,897 - app - INFO - API基础URL: https://ark.cn-beijing.volces.com/api/v3
2025-07-15 15:26:03,000 - app - INFO - 启动应用，配置: type
2025-07-15 15:26:03,001 - app - INFO - 日志文件: logs/app.log
2025-07-15 15:26:03,001 - app - INFO - API基础URL: https://ark.cn-beijing.volces.com/api/v3
2025-07-15 15:26:03,551 - app - INFO - 启动应用，配置: type
2025-07-15 15:26:03,551 - app - INFO - 日志文件: logs/app.log
2025-07-15 15:26:03,551 - app - INFO - API基础URL: https://ark.cn-beijing.volces.com/api/v3
2025-07-15 15:31:15,044 - app - INFO - 启动应用，配置: type
2025-07-15 15:31:15,045 - app - INFO - 日志文件: logs/app.log
2025-07-15 15:31:15,045 - app - INFO - API基础URL: https://ark.ap-southeast.bytepluses.com/api/v3
2025-07-15 15:31:41,908 - app - INFO - [617db60e] === 新的聊天请求开始 ===
2025-07-15 15:31:41,908 - app - INFO - [617db60e] 请求数据字段: ['api_key', 'model_endpoint', 'model_id', 'system_content', 'user_content']
2025-07-15 15:31:41,910 - app - INFO - [617db60e] 使用模型参数: skylark-pro-sc-250615
2025-07-15 15:31:41,910 - app - INFO - [617db60e] API密钥: 6f7f1187-f042-41fb-8d0b-6f75f5ae39fd (长度: 36)
2025-07-15 15:31:41,910 - app - INFO - [617db60e] 用户输入长度: 1 字符
2025-07-15 15:31:41,910 - app - INFO - [617db60e] 系统消息长度: 1 字符
2025-07-15 15:31:41,980 - app - INFO - [617db60e] ModelArk服务初始化成功
2025-07-15 15:31:41,981 - app - INFO - [617db60e] 开始调用API...
2025-07-15 15:31:46,421 - app - INFO - [617db60e] === 请求处理成功 ===
2025-07-15 15:31:46,421 - app - INFO - [617db60e] 总耗时: 4.51秒
2025-07-15 15:31:46,421 - app - INFO - [617db60e] API耗时: 4.44秒
2025-07-15 15:32:38,186 - app - INFO - [284c7144] === 新的聊天请求开始 ===
2025-07-15 15:32:38,188 - app - INFO - [284c7144] 请求数据字段: ['api_key', 'model_endpoint', 'model_id', 'system_content', 'user_content']
2025-07-15 15:32:38,188 - app - INFO - [284c7144] 使用模型参数: skylark-pro-sc-250615
2025-07-15 15:32:38,188 - app - INFO - [284c7144] API密钥: 6f7f1187-f042-41fb-8d0b-6f75f5ae39fd (长度: 36)
2025-07-15 15:32:38,188 - app - INFO - [284c7144] 用户输入长度: 3 字符
2025-07-15 15:32:38,188 - app - INFO - [284c7144] 系统消息长度: 1509 字符
2025-07-15 15:32:38,219 - app - INFO - [284c7144] ModelArk服务初始化成功
2025-07-15 15:32:38,219 - app - INFO - [284c7144] 开始调用API...
2025-07-15 15:32:40,474 - app - INFO - [284c7144] === 请求处理成功 ===
2025-07-15 15:32:40,474 - app - INFO - [284c7144] 总耗时: 2.29秒
2025-07-15 15:32:40,474 - app - INFO - [284c7144] API耗时: 2.25秒
2025-07-15 15:32:47,999 - app - INFO - [b0355ef6] === 新的聊天请求开始 ===
2025-07-15 15:32:48,000 - app - INFO - [b0355ef6] 请求数据字段: ['api_key', 'model_endpoint', 'model_id', 'system_content', 'user_content']
2025-07-15 15:32:48,001 - app - INFO - [b0355ef6] 使用模型参数: skylark-pro-sc-250615
2025-07-15 15:32:48,001 - app - INFO - [b0355ef6] API密钥: 6f7f1187-f042-41fb-8d0b-6f75f5ae39fd (长度: 36)
2025-07-15 15:32:48,001 - app - INFO - [b0355ef6] 用户输入长度: 3 字符
2025-07-15 15:32:48,001 - app - INFO - [b0355ef6] 系统消息长度: 1509 字符
2025-07-15 15:32:48,026 - app - INFO - [b0355ef6] ModelArk服务初始化成功
2025-07-15 15:32:48,026 - app - INFO - [b0355ef6] 开始调用API...
2025-07-15 15:32:50,951 - app - INFO - [b0355ef6] === 请求处理成功 ===
2025-07-15 15:32:50,951 - app - INFO - [b0355ef6] 总耗时: 2.95秒
2025-07-15 15:32:50,952 - app - INFO - [b0355ef6] API耗时: 2.92秒
2025-07-15 15:32:55,800 - app - INFO - [17ce099a] === 新的聊天请求开始 ===
2025-07-15 15:32:55,802 - app - INFO - [17ce099a] 请求数据字段: ['api_key', 'model_endpoint', 'model_id', 'system_content', 'user_content']
2025-07-15 15:32:55,803 - app - INFO - [17ce099a] 使用模型参数: skylark-pro-sc-250615
2025-07-15 15:32:55,803 - app - INFO - [17ce099a] API密钥: 6f7f1187-f042-41fb-8d0b-6f75f5ae39fd (长度: 36)
2025-07-15 15:32:55,804 - app - INFO - [17ce099a] 用户输入长度: 3 字符
2025-07-15 15:32:55,804 - app - INFO - [17ce099a] 系统消息长度: 1509 字符
2025-07-15 15:32:55,855 - app - INFO - [17ce099a] ModelArk服务初始化成功
2025-07-15 15:32:55,855 - app - INFO - [17ce099a] 开始调用API...
2025-07-15 15:32:58,309 - app - INFO - [17ce099a] === 请求处理成功 ===
2025-07-15 15:32:58,309 - app - INFO - [17ce099a] 总耗时: 2.51秒
2025-07-15 15:32:58,309 - app - INFO - [17ce099a] API耗时: 2.45秒
2025-07-15 15:32:59,965 - app - INFO - [4373acc9] === 新的聊天请求开始 ===
2025-07-15 15:32:59,965 - app - INFO - [4373acc9] 请求数据字段: ['api_key', 'model_endpoint', 'model_id', 'system_content', 'user_content']
2025-07-15 15:32:59,965 - app - INFO - [4373acc9] 使用模型参数: skylark-pro-sc-250615
2025-07-15 15:32:59,965 - app - INFO - [4373acc9] API密钥: 6f7f1187-f042-41fb-8d0b-6f75f5ae39fd (长度: 36)
2025-07-15 15:32:59,965 - app - INFO - [4373acc9] 用户输入长度: 3 字符
2025-07-15 15:32:59,965 - app - INFO - [4373acc9] 系统消息长度: 1509 字符
2025-07-15 15:32:59,985 - app - INFO - [4373acc9] ModelArk服务初始化成功
2025-07-15 15:32:59,985 - app - INFO - [4373acc9] 开始调用API...
2025-07-15 15:33:03,125 - app - INFO - [4373acc9] === 请求处理成功 ===
2025-07-15 15:33:03,125 - app - INFO - [4373acc9] 总耗时: 3.16秒
2025-07-15 15:33:03,125 - app - INFO - [4373acc9] API耗时: 3.14秒
2025-07-15 15:33:04,216 - app - INFO - [737364a8] === 新的聊天请求开始 ===
2025-07-15 15:33:04,216 - app - INFO - [737364a8] 请求数据字段: ['api_key', 'model_endpoint', 'model_id', 'system_content', 'user_content']
2025-07-15 15:33:04,217 - app - INFO - [737364a8] 使用模型参数: skylark-pro-sc-250615
2025-07-15 15:33:04,217 - app - INFO - [737364a8] API密钥: 6f7f1187-f042-41fb-8d0b-6f75f5ae39fd (长度: 36)
2025-07-15 15:33:04,217 - app - INFO - [737364a8] 用户输入长度: 3 字符
2025-07-15 15:33:04,217 - app - INFO - [737364a8] 系统消息长度: 1509 字符
2025-07-15 15:33:04,240 - app - INFO - [737364a8] ModelArk服务初始化成功
2025-07-15 15:33:04,240 - app - INFO - [737364a8] 开始调用API...
2025-07-15 15:33:06,585 - app - INFO - [737364a8] === 请求处理成功 ===
2025-07-15 15:33:06,585 - app - INFO - [737364a8] 总耗时: 2.37秒
2025-07-15 15:33:06,585 - app - INFO - [737364a8] API耗时: 2.34秒
2025-07-15 15:33:07,131 - app - INFO - [52159daa] === 新的聊天请求开始 ===
2025-07-15 15:33:07,131 - app - INFO - [52159daa] 请求数据字段: ['api_key', 'model_endpoint', 'model_id', 'system_content', 'user_content']
2025-07-15 15:33:07,131 - app - INFO - [52159daa] 使用模型参数: skylark-pro-sc-250615
2025-07-15 15:33:07,131 - app - INFO - [52159daa] API密钥: 6f7f1187-f042-41fb-8d0b-6f75f5ae39fd (长度: 36)
2025-07-15 15:33:07,131 - app - INFO - [52159daa] 用户输入长度: 3 字符
2025-07-15 15:33:07,131 - app - INFO - [52159daa] 系统消息长度: 1509 字符
2025-07-15 15:33:07,149 - app - INFO - [52159daa] ModelArk服务初始化成功
2025-07-15 15:33:07,149 - app - INFO - [52159daa] 开始调用API...
2025-07-15 15:33:10,297 - app - INFO - [52159daa] === 请求处理成功 ===
2025-07-15 15:33:10,297 - app - INFO - [52159daa] 总耗时: 3.17秒
2025-07-15 15:33:10,297 - app - INFO - [52159daa] API耗时: 3.15秒
2025-07-15 15:33:10,964 - app - INFO - [603aabd8] === 新的聊天请求开始 ===
2025-07-15 15:33:10,964 - app - INFO - [603aabd8] 请求数据字段: ['api_key', 'model_endpoint', 'model_id', 'system_content', 'user_content']
2025-07-15 15:33:10,965 - app - INFO - [603aabd8] 使用模型参数: skylark-pro-sc-250615
2025-07-15 15:33:10,965 - app - INFO - [603aabd8] API密钥: 6f7f1187-f042-41fb-8d0b-6f75f5ae39fd (长度: 36)
2025-07-15 15:33:10,965 - app - INFO - [603aabd8] 用户输入长度: 3 字符
2025-07-15 15:33:10,965 - app - INFO - [603aabd8] 系统消息长度: 1509 字符
2025-07-15 15:33:10,982 - app - INFO - [603aabd8] ModelArk服务初始化成功
2025-07-15 15:33:10,982 - app - INFO - [603aabd8] 开始调用API...
2025-07-15 15:33:13,972 - app - INFO - [603aabd8] === 请求处理成功 ===
2025-07-15 15:33:13,972 - app - INFO - [603aabd8] 总耗时: 3.01秒
2025-07-15 15:33:13,972 - app - INFO - [603aabd8] API耗时: 2.99秒
2025-07-15 15:33:15,749 - app - INFO - [5acd154b] === 新的聊天请求开始 ===
2025-07-15 15:33:15,750 - app - INFO - [5acd154b] 请求数据字段: ['api_key', 'model_endpoint', 'model_id', 'system_content', 'user_content']
2025-07-15 15:33:15,750 - app - INFO - [5acd154b] 使用模型参数: skylark-pro-sc-250615
2025-07-15 15:33:15,750 - app - INFO - [5acd154b] API密钥: 6f7f1187-f042-41fb-8d0b-6f75f5ae39fd (长度: 36)
2025-07-15 15:33:15,750 - app - INFO - [5acd154b] 用户输入长度: 3 字符
2025-07-15 15:33:15,750 - app - INFO - [5acd154b] 系统消息长度: 1509 字符
2025-07-15 15:33:15,771 - app - INFO - [5acd154b] ModelArk服务初始化成功
2025-07-15 15:33:15,771 - app - INFO - [5acd154b] 开始调用API...
2025-07-15 15:33:18,404 - app - INFO - [5acd154b] === 请求处理成功 ===
2025-07-15 15:33:18,404 - app - INFO - [5acd154b] 总耗时: 2.65秒
2025-07-15 15:33:18,404 - app - INFO - [5acd154b] API耗时: 2.63秒
2025-07-15 15:47:00,211 - app - INFO - 启动应用，配置: type
2025-07-15 15:47:00,211 - app - INFO - 日志文件: logs/app.log
2025-07-15 15:47:00,211 - app - INFO - API基础URL: https://ark.ap-southeast.bytepluses.com/api/v3
2025-07-15 15:47:13,512 - app - INFO - 启动应用，配置: type
2025-07-15 15:47:13,512 - app - INFO - 日志文件: logs/app.log
2025-07-15 15:47:13,512 - app - INFO - API基础URL: https://ark.ap-southeast.bytepluses.com/api/v3
2025-07-15 15:47:57,658 - app - INFO - 启动应用，配置: type
2025-07-15 15:47:57,658 - app - INFO - 日志文件: logs/app.log
2025-07-15 15:47:57,658 - app - INFO - API基础URL: https://ark.ap-southeast.bytepluses.com/api/v3
2025-07-15 15:47:58,153 - app - INFO - 启动应用，配置: type
2025-07-15 15:47:58,153 - app - INFO - 日志文件: logs/app.log
2025-07-15 15:47:58,153 - app - INFO - API基础URL: https://ark.ap-southeast.bytepluses.com/api/v3
2025-07-15 15:49:38,072 - app - INFO - [d91c292e] === 新的聊天请求开始 ===
2025-07-15 15:49:38,074 - app - INFO - [d91c292e] 请求数据字段: ['api_key', 'model_endpoint', 'model_id', 'system_content', 'user_content']
2025-07-15 15:49:38,077 - app - INFO - [d91c292e] 使用模型参数: skylark-pro-sc-250615
2025-07-15 15:49:38,078 - app - INFO - [d91c292e] API密钥: 6f7f1187-f042-41fb-8d0b-6f75f5ae39fd (长度: 36)
2025-07-15 15:49:38,078 - app - INFO - [d91c292e] 用户输入长度: 3 字符
2025-07-15 15:49:38,078 - app - INFO - [d91c292e] 系统消息长度: 1509 字符
2025-07-15 15:49:38,212 - app - INFO - [d91c292e] ModelArk服务初始化成功
2025-07-15 15:49:38,212 - app - INFO - [d91c292e] 开始调用API...
2025-07-15 15:49:41,318 - app - INFO - [d91c292e] === 请求处理成功 ===
2025-07-15 15:49:41,318 - app - INFO - [d91c292e] 总耗时: 3.25秒
2025-07-15 15:49:41,318 - app - INFO - [d91c292e] API耗时: 3.11秒
2025-07-15 15:50:07,946 - app - INFO - [bb47dab9] === 新的聊天请求开始 ===
2025-07-15 15:50:07,947 - app - INFO - [bb47dab9] 请求数据字段: ['api_key', 'model_endpoint', 'model_id', 'system_content', 'user_content']
2025-07-15 15:50:07,947 - app - INFO - [bb47dab9] 使用模型参数: skylark-pro-sc-250615
2025-07-15 15:50:07,947 - app - INFO - [bb47dab9] API密钥: 6f7f1187-f042-41fb-8d0b-6f75f5ae39fd (长度: 36)
2025-07-15 15:50:07,947 - app - INFO - [bb47dab9] 用户输入长度: 3 字符
2025-07-15 15:50:07,947 - app - INFO - [bb47dab9] 系统消息长度: 1509 字符
2025-07-15 15:50:07,971 - app - INFO - [bb47dab9] ModelArk服务初始化成功
2025-07-15 15:50:07,971 - app - INFO - [bb47dab9] 开始调用API...
2025-07-15 15:50:10,851 - app - INFO - [bb47dab9] === 请求处理成功 ===
2025-07-15 15:50:10,851 - app - INFO - [bb47dab9] 总耗时: 2.90秒
2025-07-15 15:50:10,851 - app - INFO - [bb47dab9] API耗时: 2.88秒
2025-07-15 15:53:26,125 - app - INFO - 启动应用，配置: type
2025-07-15 15:53:26,126 - app - INFO - 日志文件: logs/app.log
2025-07-15 15:53:26,127 - app - INFO - API基础URL: https://ark.ap-southeast.bytepluses.com/api/v3
2025-07-15 15:53:36,339 - app - INFO - 启动应用，配置: type
2025-07-15 15:53:36,339 - app - INFO - 日志文件: logs/app.log
2025-07-15 15:53:36,339 - app - INFO - API基础URL: https://ark.ap-southeast.bytepluses.com/api/v3
2025-07-15 15:53:51,383 - app - INFO - 启动应用，配置: type
2025-07-15 15:53:51,384 - app - INFO - 日志文件: logs/app.log
2025-07-15 15:53:51,384 - app - INFO - API基础URL: https://ark.ap-southeast.bytepluses.com/api/v3
2025-07-15 15:54:11,435 - app - INFO - 启动应用，配置: type
2025-07-15 15:54:11,436 - app - INFO - 日志文件: logs/app.log
2025-07-15 15:54:11,436 - app - INFO - API基础URL: https://ark.ap-southeast.bytepluses.com/api/v3
2025-07-15 15:54:11,766 - app - INFO - 启动应用，配置: type
2025-07-15 15:54:11,766 - app - INFO - 日志文件: logs/app.log
2025-07-15 15:54:11,766 - app - INFO - API基础URL: https://ark.ap-southeast.bytepluses.com/api/v3
2025-07-15 15:54:49,962 - app - INFO - [bf7c8233] === 新的聊天请求开始 ===
2025-07-15 15:54:49,964 - app - INFO - [bf7c8233] 请求数据字段: ['api_key', 'model_endpoint', 'model_id', 'system_content', 'user_content']
2025-07-15 15:54:49,967 - app - INFO - [bf7c8233] 使用模型参数: skylark-pro-sc-250615
2025-07-15 15:54:49,967 - app - INFO - [bf7c8233] API密钥: 6f7f1187-f042-41fb-8d0b-6f75f5ae39fd (长度: 36)
2025-07-15 15:54:49,967 - app - INFO - [bf7c8233] 用户输入长度: 3 字符
2025-07-15 15:54:49,967 - app - INFO - [bf7c8233] 系统消息长度: 1509 字符
2025-07-15 15:54:50,048 - app - INFO - [bf7c8233] ModelArk服务初始化成功
2025-07-15 15:54:50,048 - app - INFO - [bf7c8233] 开始调用API...
2025-07-15 15:54:52,655 - app - INFO - [bf7c8233] === 请求处理成功 ===
2025-07-15 15:54:52,655 - app - INFO - [bf7c8233] 总耗时: 2.69秒
2025-07-15 15:54:52,655 - app - INFO - [bf7c8233] API耗时: 2.61秒
2025-07-15 15:56:05,818 - app - INFO - 启动应用，配置: type
2025-07-15 15:56:05,819 - app - INFO - 日志文件: logs/app.log
2025-07-15 15:56:05,819 - app - INFO - API基础URL: https://ark.ap-southeast.bytepluses.com/api/v3
2025-07-15 15:56:10,520 - app - INFO - 启动应用，配置: type
2025-07-15 15:56:10,520 - app - INFO - 日志文件: logs/app.log
2025-07-15 15:56:10,520 - app - INFO - API基础URL: https://ark.ap-southeast.bytepluses.com/api/v3
2025-07-15 15:56:14,500 - app - INFO - 启动应用，配置: type
2025-07-15 15:56:14,500 - app - INFO - 日志文件: logs/app.log
2025-07-15 15:56:14,500 - app - INFO - API基础URL: https://ark.ap-southeast.bytepluses.com/api/v3
2025-07-15 15:58:15,385 - app - INFO - 启动应用，配置: type
2025-07-15 15:58:15,386 - app - INFO - 日志文件: logs/app.log
2025-07-15 15:58:15,386 - app - INFO - API基础URL: https://ark.ap-southeast.bytepluses.com/api/v3
2025-07-15 15:58:15,896 - app - INFO - 启动应用，配置: type
2025-07-15 15:58:15,896 - app - INFO - 日志文件: logs/app.log
2025-07-15 15:58:15,896 - app - INFO - API基础URL: https://ark.ap-southeast.bytepluses.com/api/v3
2025-07-15 15:59:01,886 - app - INFO - [d9afff50] === 新的聊天请求开始 ===
2025-07-15 15:59:01,888 - app - INFO - [d9afff50] 请求数据字段: ['api_key', 'model_endpoint', 'model_id', 'system_content', 'user_content']
2025-07-15 15:59:01,890 - app - INFO - [d9afff50] 使用模型参数: skylark-pro-sc-250615
2025-07-15 15:59:01,890 - app - INFO - [d9afff50] API密钥: 6f7f1187-f042-41fb-8d0b-6f75f5ae39fd (长度: 36)
2025-07-15 15:59:01,890 - app - INFO - [d9afff50] 用户输入长度: 3 字符
2025-07-15 15:59:01,890 - app - INFO - [d9afff50] 系统消息长度: 1509 字符
2025-07-15 15:59:01,969 - app - INFO - [d9afff50] ModelArk服务初始化成功
2025-07-15 15:59:01,969 - app - INFO - [d9afff50] 开始调用API...
2025-07-15 15:59:01,970 - app - ERROR - [d9afff50] === 请求处理失败 ===
2025-07-15 15:59:01,970 - app - ERROR - [d9afff50] 总耗时: 0.08秒
2025-07-15 15:59:01,970 - app - ERROR - [d9afff50] 错误: 'max_tokens'
2025-07-15 15:59:15,994 - app - INFO - 启动应用，配置: type
2025-07-15 15:59:15,994 - app - INFO - 日志文件: logs/app.log
2025-07-15 15:59:15,994 - app - INFO - API基础URL: https://ark.ap-southeast.bytepluses.com/api/v3
2025-07-15 15:59:19,554 - app - INFO - 启动应用，配置: type
2025-07-15 15:59:19,554 - app - INFO - 日志文件: logs/app.log
2025-07-15 15:59:19,554 - app - INFO - API基础URL: https://ark.ap-southeast.bytepluses.com/api/v3
2025-07-15 15:59:22,100 - app - INFO - [20776eaf] === 新的聊天请求开始 ===
2025-07-15 15:59:22,102 - app - INFO - [20776eaf] 请求数据字段: ['api_key', 'model_endpoint', 'model_id', 'system_content', 'user_content']
2025-07-15 15:59:22,110 - app - INFO - [20776eaf] 使用模型参数: skylark-pro-sc-250615
2025-07-15 15:59:22,110 - app - INFO - [20776eaf] API密钥: 6f7f1187-f042-41fb-8d0b-6f75f5ae39fd (长度: 36)
2025-07-15 15:59:22,110 - app - INFO - [20776eaf] 用户输入长度: 3 字符
2025-07-15 15:59:22,110 - app - INFO - [20776eaf] 系统消息长度: 1509 字符
2025-07-15 15:59:22,167 - app - INFO - [20776eaf] ModelArk服务初始化成功
2025-07-15 15:59:22,167 - app - INFO - [20776eaf] 开始调用API...
2025-07-15 15:59:24,966 - app - INFO - [20776eaf] === 请求处理成功 ===
2025-07-15 15:59:24,966 - app - INFO - [20776eaf] 总耗时: 2.87秒
2025-07-15 15:59:24,966 - app - INFO - [20776eaf] API耗时: 2.80秒
2025-07-15 16:00:34,373 - app - INFO - [151669a0] === 新的聊天请求开始 ===
2025-07-15 16:00:34,375 - app - INFO - [151669a0] 请求数据字段: ['api_key', 'model_endpoint', 'model_id', 'system_content', 'user_content']
2025-07-15 16:00:34,375 - app - INFO - [151669a0] 使用模型参数: skylark-pro-sc-250615
2025-07-15 16:00:34,375 - app - INFO - [151669a0] API密钥: 6f7f1187-f042-41fb-8d0b-6f75f5ae39fd (长度: 36)
2025-07-15 16:00:34,375 - app - INFO - [151669a0] 用户输入长度: 3 字符
2025-07-15 16:00:34,375 - app - INFO - [151669a0] 系统消息长度: 1509 字符
2025-07-15 16:00:34,414 - app - INFO - [151669a0] ModelArk服务初始化成功
2025-07-15 16:00:34,414 - app - INFO - [151669a0] 开始调用API...
2025-07-15 16:00:36,982 - app - INFO - [151669a0] === 请求处理成功 ===
2025-07-15 16:00:36,982 - app - INFO - [151669a0] 总耗时: 2.61秒
2025-07-15 16:00:36,982 - app - INFO - [151669a0] API耗时: 2.56秒
2025-07-15 16:00:55,966 - app - INFO - [93a11866] === 新的聊天请求开始 ===
2025-07-15 16:00:55,967 - app - INFO - [93a11866] 请求数据字段: ['api_key', 'model_endpoint', 'model_id', 'system_content', 'user_content']
2025-07-15 16:00:55,968 - app - INFO - [93a11866] 使用模型参数: skylark-pro-sc-250615
2025-07-15 16:00:55,968 - app - INFO - [93a11866] API密钥: 6f7f1187-f042-41fb-8d0b-6f75f5ae39fd (长度: 36)
2025-07-15 16:00:55,968 - app - INFO - [93a11866] 用户输入长度: 3 字符
2025-07-15 16:00:55,968 - app - INFO - [93a11866] 系统消息长度: 1509 字符
2025-07-15 16:00:55,996 - app - INFO - [93a11866] ModelArk服务初始化成功
2025-07-15 16:00:55,996 - app - INFO - [93a11866] 开始调用API...
2025-07-15 16:00:59,897 - app - INFO - [93a11866] === 请求处理成功 ===
2025-07-15 16:00:59,898 - app - INFO - [93a11866] 总耗时: 3.93秒
2025-07-15 16:00:59,898 - app - INFO - [93a11866] API耗时: 3.90秒
2025-07-15 16:02:44,053 - app - INFO - 启动应用，配置: type
2025-07-15 16:02:44,054 - app - INFO - 日志文件: logs/app.log
2025-07-15 16:02:44,054 - app - INFO - API基础URL: https://ark.ap-southeast.bytepluses.com/api/v3
2025-07-15 16:02:46,196 - app - INFO - 启动应用，配置: type
2025-07-15 16:02:46,196 - app - INFO - 日志文件: logs/app.log
2025-07-15 16:02:46,196 - app - INFO - API基础URL: https://ark.ap-southeast.bytepluses.com/api/v3
2025-07-15 16:03:18,352 - app - INFO - 启动应用，配置: type
2025-07-15 16:03:18,352 - app - INFO - 日志文件: logs/app.log
2025-07-15 16:03:18,352 - app - INFO - API基础URL: https://ark.cn-beijing.volces.com/api/v3
2025-07-15 16:04:10,992 - app - INFO - 启动应用，配置: type
2025-07-15 16:04:10,992 - app - INFO - 日志文件: logs/app.log
2025-07-15 16:04:10,992 - app - INFO - API基础URL: https://ark.cn-beijing.volces.com/api/v3
2025-07-15 16:06:09,058 - app - INFO - 启动应用，配置: type
2025-07-15 16:06:09,059 - app - INFO - 日志文件: logs/app.log
2025-07-15 16:06:09,059 - app - INFO - API基础URL: https://ark.cn-beijing.volces.com/api/v3
2025-07-15 16:07:35,993 - app - INFO - 启动应用，配置: type
2025-07-15 16:07:35,993 - app - INFO - 日志文件: logs/app.log
2025-07-15 16:07:35,993 - app - INFO - API基础URL: https://ark.cn-beijing.volces.com/api/v3
2025-07-15 16:07:36,366 - app - INFO - 启动应用，配置: type
2025-07-15 16:07:36,366 - app - INFO - 日志文件: logs/app.log
2025-07-15 16:07:36,366 - app - INFO - API基础URL: https://ark.cn-beijing.volces.com/api/v3
2025-07-15 16:08:19,238 - app - INFO - [f584a73d] === 新的聊天请求开始 ===
2025-07-15 16:08:19,241 - app - INFO - [f584a73d] 请求数据字段: ['api_key', 'model_endpoint', 'model_id', 'system_content', 'user_content']
2025-07-15 16:08:19,244 - app - INFO - [f584a73d] 使用模型参数: skylark-pro-sc-250615
2025-07-15 16:08:19,244 - app - INFO - [f584a73d] API密钥: 6f7f1187-f042-41fb-8d0b-6f75f5ae39fd (长度: 36)
2025-07-15 16:08:19,244 - app - INFO - [f584a73d] 用户输入长度: 3 字符
2025-07-15 16:08:19,244 - app - INFO - [f584a73d] 系统消息长度: 1509 字符
2025-07-15 16:08:19,331 - app - INFO - [f584a73d] ModelArk服务初始化成功
2025-07-15 16:08:19,332 - app - INFO - [f584a73d] 开始调用API...
2025-07-15 16:08:22,908 - app - ERROR - [f584a73d] === 请求处理失败 ===
2025-07-15 16:08:22,908 - app - ERROR - [f584a73d] 总耗时: 3.67秒
2025-07-15 16:08:22,908 - app - ERROR - [f584a73d] 错误: Error code: 401 - {'error': {'code': 'AuthenticationError', 'message': 'The API key in the request is missing or invalid. Request id: 0217525669029363ffaeea8a7429cac4124d906a4a24dfcb9c8d2', 'param': '', 'type': 'Unauthorized'}}
2025-07-15 16:12:39,491 - app - INFO - 启动应用，配置: type
2025-07-15 16:12:39,491 - app - INFO - 日志文件: logs/app.log
2025-07-15 16:12:39,491 - app - INFO - API基础URL: https://ark.cn-beijing.volces.com/api/v3
2025-07-15 16:12:39,978 - app - INFO - 启动应用，配置: type
2025-07-15 16:12:39,978 - app - INFO - 日志文件: logs/app.log
2025-07-15 16:12:39,978 - app - INFO - API基础URL: https://ark.cn-beijing.volces.com/api/v3
2025-07-15 16:12:52,921 - app - INFO - [771efda7] === 新的聊天请求开始 ===
2025-07-15 16:12:52,925 - app - INFO - [771efda7] 请求数据字段: ['api_key', 'model_endpoint', 'model_id', 'system_content', 'user_content']
2025-07-15 16:12:52,926 - app - INFO - [771efda7] 使用模型参数: skylark-pro-sc-250615
2025-07-15 16:12:52,926 - app - INFO - [771efda7] API密钥: 6f7f1187-f042-41fb-8d0b-6f75f5ae39fd (长度: 36)
2025-07-15 16:12:52,926 - app - INFO - [771efda7] 用户输入长度: 3 字符
2025-07-15 16:12:52,926 - app - INFO - [771efda7] 系统消息长度: 1509 字符
2025-07-15 16:12:52,975 - app - INFO - [771efda7] ModelArk服务初始化成功
2025-07-15 16:12:52,975 - app - INFO - [771efda7] 开始调用API...
2025-07-15 16:12:54,250 - app - ERROR - [771efda7] === 请求处理失败 ===
2025-07-15 16:12:54,250 - app - ERROR - [771efda7] 总耗时: 1.33秒
2025-07-15 16:12:54,250 - app - ERROR - [771efda7] 错误: Error code: 401 - {'error': {'code': 'AuthenticationError', 'message': 'The API key in the request is missing or invalid. Request id: 021752567174575363158f20f8bf9c9df160c797d1efde22735cc', 'param': '', 'type': 'Unauthorized'}}
2025-07-15 16:13:08,368 - app - INFO - [ba256511] === 新的聊天请求开始 ===
2025-07-15 16:13:08,369 - app - INFO - [ba256511] 请求数据字段: ['api_key', 'model_endpoint', 'model_id', 'system_content', 'user_content']
2025-07-15 16:13:08,370 - app - INFO - [ba256511] 使用模型参数: skylark-pro-sc-250615
2025-07-15 16:13:08,370 - app - INFO - [ba256511] API密钥: 6f7f1187-f042-41fb-8d0b-6f75f5ae39fd (长度: 36)
2025-07-15 16:13:08,370 - app - INFO - [ba256511] 用户输入长度: 3 字符
2025-07-15 16:13:08,370 - app - INFO - [ba256511] 系统消息长度: 1509 字符
2025-07-15 16:13:08,394 - app - INFO - [ba256511] ModelArk服务初始化成功
2025-07-15 16:13:08,394 - app - INFO - [ba256511] 开始调用API...
2025-07-15 16:13:09,637 - app - ERROR - [ba256511] === 请求处理失败 ===
2025-07-15 16:13:09,637 - app - ERROR - [ba256511] 总耗时: 1.27秒
2025-07-15 16:13:09,637 - app - ERROR - [ba256511] 错误: Error code: 401 - {'error': {'code': 'AuthenticationError', 'message': 'The API key in the request is missing or invalid. Request id: 021752567189960e6394f9c2a201b238652240bda8ef9cd15eb2d', 'param': '', 'type': 'Unauthorized'}}
2025-07-15 16:13:50,246 - app - INFO - [9af90aef] === 新的聊天请求开始 ===
2025-07-15 16:13:50,248 - app - INFO - [9af90aef] 请求数据字段: ['api_key', 'model_endpoint', 'model_id', 'system_content', 'user_content']
2025-07-15 16:13:50,249 - app - INFO - [9af90aef] 使用模型参数: skylark-pro-sc-250615
2025-07-15 16:13:50,249 - app - INFO - [9af90aef] API密钥: 6f7f1187-f042-41fb-8d0b-6f75f5ae39fd (长度: 36)
2025-07-15 16:13:50,249 - app - INFO - [9af90aef] 用户输入长度: 3 字符
2025-07-15 16:13:50,249 - app - INFO - [9af90aef] 系统消息长度: 1509 字符
2025-07-15 16:13:50,291 - app - INFO - [9af90aef] ModelArk服务初始化成功
2025-07-15 16:13:50,291 - app - INFO - [9af90aef] 开始调用API...
2025-07-15 16:13:51,517 - app - ERROR - [9af90aef] === 请求处理失败 ===
2025-07-15 16:13:51,518 - app - ERROR - [9af90aef] 总耗时: 1.27秒
2025-07-15 16:13:51,519 - app - ERROR - [9af90aef] 错误: Error code: 401 - {'error': {'code': 'AuthenticationError', 'message': 'The API key in the request is missing or invalid. Request id: 021752567231878363158f20f8bf9c9df160c797d1efde21f6975', 'param': '', 'type': 'Unauthorized'}}
2025-07-15 16:30:34,717 - app - INFO - 启动应用，配置: type
2025-07-15 16:30:34,717 - app - INFO - 日志文件: logs/app.log
2025-07-15 16:30:34,717 - app - INFO - API基础URL: https://ark.cn-beijing.volces.com/api/v3
2025-07-15 16:30:35,077 - app - INFO - 启动应用，配置: type
2025-07-15 16:30:35,078 - app - INFO - 日志文件: logs/app.log
2025-07-15 16:30:35,078 - app - INFO - API基础URL: https://ark.cn-beijing.volces.com/api/v3
2025-07-15 16:30:47,840 - app - INFO - 启动应用，配置: type
2025-07-15 16:30:47,841 - app - INFO - 日志文件: logs/app.log
2025-07-15 16:30:47,841 - app - INFO - API基础URL: https://ark.cn-beijing.volces.com/api/v3
2025-07-15 16:30:48,110 - app - INFO - 启动应用，配置: type
2025-07-15 16:30:48,110 - app - INFO - 日志文件: logs/app.log
2025-07-15 16:30:48,110 - app - INFO - API基础URL: https://ark.cn-beijing.volces.com/api/v3
2025-07-15 16:31:04,509 - app - INFO - 启动应用，配置: type
2025-07-15 16:31:04,510 - app - INFO - 日志文件: logs/app.log
2025-07-15 16:31:04,510 - app - INFO - API基础URL: https://ark.cn-beijing.volces.com/api/v3
2025-07-15 16:31:04,632 - app - INFO - 启动应用，配置: type
2025-07-15 16:31:04,632 - app - INFO - 日志文件: logs/app.log
2025-07-15 16:31:04,633 - app - INFO - API基础URL: https://ark.cn-beijing.volces.com/api/v3
2025-07-15 16:31:37,283 - app - INFO - 启动应用，配置: type
2025-07-15 16:31:37,284 - app - INFO - 启动应用，配置: type
2025-07-15 16:31:37,284 - app - INFO - 日志文件: logs/app.log
2025-07-15 16:31:37,284 - app - INFO - 日志文件: logs/app.log
2025-07-15 16:31:37,284 - app - INFO - API基础URL: https://ark.cn-beijing.volces.com/api/v3
2025-07-15 16:31:37,284 - app - INFO - API基础URL: https://ark.cn-beijing.volces.com/api/v3
2025-07-15 16:31:55,118 - app - INFO - 启动应用，配置: type
2025-07-15 16:31:55,119 - app - INFO - 日志文件: logs/app.log
2025-07-15 16:31:55,119 - app - INFO - API基础URL: https://ark.cn-beijing.volces.com/api/v3
2025-07-15 16:31:55,132 - app - INFO - 启动应用，配置: type
2025-07-15 16:31:55,133 - app - INFO - 日志文件: logs/app.log
2025-07-15 16:31:55,133 - app - INFO - API基础URL: https://ark.cn-beijing.volces.com/api/v3
2025-07-15 16:33:39,172 - app - INFO - 启动应用，配置: type
2025-07-15 16:33:39,173 - app - INFO - 日志文件: logs/app.log
2025-07-15 16:33:39,173 - app - INFO - API基础URL: https://ark.cn-beijing.volces.com/api/v3
2025-07-15 16:33:39,619 - app - INFO - 启动应用，配置: type
2025-07-15 16:33:39,619 - app - INFO - 日志文件: logs/app.log
2025-07-15 16:33:39,620 - app - INFO - API基础URL: https://ark.cn-beijing.volces.com/api/v3
2025-07-15 16:34:46,718 - app - INFO - [2091ab88] === 新的聊天请求开始 ===
2025-07-15 16:34:46,721 - app - INFO - [2091ab88] 请求数据字段: ['api_key', 'base_url', 'model_endpoint', 'model_id', 'system_content', 'user_content']
2025-07-15 16:34:46,725 - app - INFO - [2091ab88] 使用用户提供的base_url: https:ark.ap-southeast.bytepluses.comapiv3
2025-07-15 16:34:46,725 - app - WARNING - [2091ab88] base_url格式验证失败: 无效的URL格式
2025-07-15 16:36:03,331 - app - INFO - 启动应用，配置: type
2025-07-15 16:36:03,331 - app - INFO - 日志文件: logs/app.log
2025-07-15 16:36:03,331 - app - INFO - API基础URL: https://ark.cn-beijing.volces.com/api/v3
2025-07-15 16:36:03,638 - app - INFO - 启动应用，配置: type
2025-07-15 16:36:03,638 - app - INFO - 日志文件: logs/app.log
2025-07-15 16:36:03,638 - app - INFO - API基础URL: https://ark.cn-beijing.volces.com/api/v3
2025-07-15 16:36:06,729 - app - INFO - 启动应用，配置: type
2025-07-15 16:36:06,729 - app - INFO - 日志文件: logs/app.log
2025-07-15 16:36:06,729 - app - INFO - API基础URL: https://ark.cn-beijing.volces.com/api/v3
2025-07-15 16:36:06,974 - app - INFO - 启动应用，配置: type
2025-07-15 16:36:06,974 - app - INFO - 日志文件: logs/app.log
2025-07-15 16:36:06,974 - app - INFO - API基础URL: https://ark.cn-beijing.volces.com/api/v3
2025-07-15 16:36:25,879 - app - INFO - 启动应用，配置: type
2025-07-15 16:36:25,879 - app - INFO - 日志文件: logs/app.log
2025-07-15 16:36:25,879 - app - INFO - API基础URL: https://ark.cn-beijing.volces.com/api/v3
2025-07-15 16:36:25,879 - app - INFO - 启动应用，配置: type
2025-07-15 16:36:25,880 - app - INFO - 日志文件: logs/app.log
2025-07-15 16:36:25,880 - app - INFO - API基础URL: https://ark.cn-beijing.volces.com/api/v3
2025-07-15 16:36:30,026 - app - INFO - 启动应用，配置: type
2025-07-15 16:36:30,026 - app - INFO - 启动应用，配置: type
2025-07-15 16:36:30,026 - app - INFO - 日志文件: logs/app.log
2025-07-15 16:36:30,026 - app - INFO - 日志文件: logs/app.log
2025-07-15 16:36:30,026 - app - INFO - API基础URL: https://ark.cn-beijing.volces.com/api/v3
2025-07-15 16:36:30,026 - app - INFO - API基础URL: https://ark.cn-beijing.volces.com/api/v3
2025-07-15 16:39:41,528 - app - INFO - 启动应用，配置: type
2025-07-15 16:39:41,528 - app - INFO - 日志文件: logs/app.log
2025-07-15 16:39:41,528 - app - INFO - API基础URL: https://ark.cn-beijing.volces.com/api/v3
2025-07-15 16:39:41,528 - app - INFO - 启动应用，配置: type
2025-07-15 16:39:41,529 - app - INFO - 日志文件: logs/app.log
2025-07-15 16:39:41,529 - app - INFO - API基础URL: https://ark.cn-beijing.volces.com/api/v3
2025-07-15 16:41:25,895 - app - INFO - 启动应用，配置: type
2025-07-15 16:41:25,895 - app - INFO - 日志文件: logs/app.log
2025-07-15 16:41:25,895 - app - INFO - API基础URL: https://ark.cn-beijing.volces.com/api/v3
2025-07-15 16:43:59,122 - app - INFO - [8191c9b1] === 新的聊天请求开始 ===
2025-07-15 16:43:59,125 - app - INFO - [8191c9b1] 请求数据字段: ['api_key', 'base_url', 'model_endpoint', 'model_id', 'system_content', 'user_content']
2025-07-15 16:43:59,129 - app - INFO - [8191c9b1] 使用用户提供的base_url: https:ark.ap-southeast.bytepluses.comapiv3
2025-07-15 16:43:59,129 - app - WARNING - [8191c9b1] base_url格式验证失败: 无效的URL格式
2025-07-15 16:45:05,393 - app - INFO - 启动应用，配置: type
2025-07-15 16:45:05,393 - app - INFO - 日志文件: logs/app.log
2025-07-15 16:45:05,393 - app - INFO - API基础URL: https://ark.cn-beijing.volces.com/api/v3
2025-07-15 16:45:05,506 - app - INFO - 启动应用，配置: type
2025-07-15 16:45:05,506 - app - INFO - 日志文件: logs/app.log
2025-07-15 16:45:05,506 - app - INFO - API基础URL: https://ark.cn-beijing.volces.com/api/v3
2025-07-15 16:45:53,097 - app - INFO - 启动应用，配置: type
2025-07-15 16:45:53,098 - app - INFO - 日志文件: logs/app.log
2025-07-15 16:45:53,098 - app - INFO - API基础URL: https://ark.cn-beijing.volces.com/api/v3
2025-07-15 16:45:53,099 - app - INFO - 启动应用，配置: type
2025-07-15 16:45:53,099 - app - INFO - 日志文件: logs/app.log
2025-07-15 16:45:53,099 - app - INFO - API基础URL: https://ark.cn-beijing.volces.com/api/v3
2025-07-15 16:49:38,435 - app - INFO - 启动应用，配置: type
2025-07-15 16:49:38,435 - app - INFO - 启动应用，配置: type
2025-07-15 16:49:38,435 - app - INFO - 日志文件: logs/app.log
2025-07-15 16:49:38,435 - app - INFO - 日志文件: logs/app.log
2025-07-15 16:49:38,435 - app - INFO - API基础URL: https://ark.cn-beijing.volces.com/api/v3
2025-07-15 16:49:38,435 - app - INFO - API基础URL: https://ark.cn-beijing.volces.com/api/v3
2025-07-15 16:49:47,245 - app - INFO - 启动应用，配置: type
2025-07-15 16:49:47,246 - app - INFO - 日志文件: logs/app.log
2025-07-15 16:49:47,246 - app - INFO - API基础URL: https://ark.cn-beijing.volces.com/api/v3
2025-07-15 16:49:47,247 - app - INFO - 启动应用，配置: type
2025-07-15 16:49:47,247 - app - INFO - 日志文件: logs/app.log
2025-07-15 16:49:47,247 - app - INFO - API基础URL: https://ark.cn-beijing.volces.com/api/v3
2025-07-15 16:52:14,872 - app - INFO - [397c8791] === 新的聊天请求开始 ===
2025-07-15 16:52:14,878 - app - INFO - [397c8791] 请求数据字段: ['api_key', 'base_url', 'model_endpoint', 'model_id', 'system_content', 'user_content']
2025-07-15 16:52:14,888 - app - INFO - [397c8791] 使用用户提供的base_url: https://ark.ap-southeast.bytepluses.com/api/v3
2025-07-15 16:52:14,889 - app - INFO - [397c8791] 使用模型参数: skylark-pro-sc-250615
2025-07-15 16:52:14,889 - app - INFO - [397c8791] API密钥: 6f7f1187-f042-41fb-8d0b-6f75f5ae39fd (长度: 36)
2025-07-15 16:52:14,889 - app - INFO - [397c8791] 用户输入长度: 4 字符
2025-07-15 16:52:14,889 - app - INFO - [397c8791] 系统消息长度: 1446 字符
2025-07-15 16:52:14,948 - app - INFO - [397c8791] ModelArk服务初始化成功
2025-07-15 16:52:14,948 - app - INFO - [397c8791] 开始调用API...
2025-07-15 16:52:17,630 - app - INFO - [397c8791] === 请求处理成功 ===
2025-07-15 16:52:17,630 - app - INFO - [397c8791] 总耗时: 2.76秒
2025-07-15 16:52:17,630 - app - INFO - [397c8791] API耗时: 2.68秒
2025-07-15 16:53:00,378 - app - INFO - [780c2db4] === 新的聊天请求开始 ===
2025-07-15 16:53:00,379 - app - INFO - [780c2db4] 请求数据字段: ['api_key', 'base_url', 'model_endpoint', 'model_id', 'system_content', 'user_content']
2025-07-15 16:53:00,379 - app - INFO - [780c2db4] 使用用户提供的base_url: https://ark.ap-southeast.bytepluses.com/api/v3
2025-07-15 16:53:00,379 - app - INFO - [780c2db4] 使用模型参数: skylark-pro-sc-250615
2025-07-15 16:53:00,379 - app - INFO - [780c2db4] API密钥: 6f7f1187-f042-41fb-8d0b-6f75f5ae39fd (长度: 36)
2025-07-15 16:53:00,379 - app - INFO - [780c2db4] 用户输入长度: 4 字符
2025-07-15 16:53:00,379 - app - INFO - [780c2db4] 系统消息长度: 1446 字符
2025-07-15 16:53:00,421 - app - INFO - [780c2db4] ModelArk服务初始化成功
2025-07-15 16:53:00,422 - app - INFO - [780c2db4] 开始调用API...
2025-07-15 16:53:03,482 - app - INFO - [780c2db4] === 请求处理成功 ===
2025-07-15 16:53:03,482 - app - INFO - [780c2db4] 总耗时: 3.10秒
2025-07-15 16:53:03,482 - app - INFO - [780c2db4] API耗时: 3.06秒
2025-07-15 16:54:51,131 - app - INFO - [722a0d6f] === 新的聊天请求开始 ===
2025-07-15 16:54:51,133 - app - INFO - [722a0d6f] 请求数据字段: ['api_key', 'base_url', 'model_endpoint', 'model_id', 'system_content', 'user_content']
2025-07-15 16:54:51,134 - app - INFO - [722a0d6f] 使用用户提供的base_url: https://ark.ap-southeast.bytepluses.com/api/v3
2025-07-15 16:54:51,134 - app - INFO - [722a0d6f] 使用模型参数: skylark-pro-sc-250615
2025-07-15 16:54:51,134 - app - INFO - [722a0d6f] API密钥: 6f7f1187-f042-41fb-8d0b-6f75f5ae39fd (长度: 36)
2025-07-15 16:54:51,134 - app - INFO - [722a0d6f] 用户输入长度: 4 字符
2025-07-15 16:54:51,134 - app - INFO - [722a0d6f] 系统消息长度: 1447 字符
2025-07-15 16:54:51,186 - app - INFO - [722a0d6f] ModelArk服务初始化成功
2025-07-15 16:54:51,186 - app - INFO - [722a0d6f] 开始调用API...
2025-07-15 16:54:54,428 - app - INFO - [722a0d6f] === 请求处理成功 ===
2025-07-15 16:54:54,428 - app - INFO - [722a0d6f] 总耗时: 3.30秒
2025-07-15 16:54:54,429 - app - INFO - [722a0d6f] API耗时: 3.24秒
2025-07-15 16:56:55,155 - app - INFO - 启动应用，配置: type
2025-07-15 16:56:55,155 - app - INFO - 启动应用，配置: type
2025-07-15 16:56:55,156 - app - INFO - 日志文件: logs/app.log
2025-07-15 16:56:55,156 - app - INFO - 日志文件: logs/app.log
2025-07-15 16:56:55,156 - app - INFO - API基础URL: https://ark.cn-beijing.volces.com/api/v3
2025-07-15 16:56:55,156 - app - INFO - API基础URL: https://ark.cn-beijing.volces.com/api/v3
2025-07-15 16:59:31,147 - app - INFO - 启动应用，配置: type
2025-07-15 16:59:31,147 - app - INFO - 日志文件: logs/app.log
2025-07-15 16:59:31,148 - app - INFO - API基础URL: https://ark.cn-beijing.volces.com/api/v3
2025-07-15 16:59:31,154 - app - INFO - 启动应用，配置: type
2025-07-15 16:59:31,154 - app - INFO - 日志文件: logs/app.log
2025-07-15 16:59:31,154 - app - INFO - API基础URL: https://ark.cn-beijing.volces.com/api/v3
2025-07-15 16:59:52,259 - app - INFO - 启动应用，配置: type
2025-07-15 16:59:52,260 - app - INFO - 启动应用，配置: type
2025-07-15 16:59:52,266 - app - INFO - 日志文件: logs/app.log
2025-07-15 16:59:52,267 - app - INFO - API基础URL: https://ark.cn-beijing.volces.com/api/v3
2025-07-15 16:59:52,267 - app - INFO - 日志文件: logs/app.log
2025-07-15 16:59:52,267 - app - INFO - API基础URL: https://ark.cn-beijing.volces.com/api/v3
2025-07-15 17:01:10,686 - app - INFO - 启动应用，配置: type
2025-07-15 17:01:10,687 - app - INFO - 日志文件: logs/app.log
2025-07-15 17:01:10,687 - app - INFO - API基础URL: https://ark.cn-beijing.volces.com/api/v3
2025-07-15 17:01:11,177 - app - INFO - 启动应用，配置: type
2025-07-15 17:01:11,177 - app - INFO - 日志文件: logs/app.log
2025-07-15 17:01:11,177 - app - INFO - API基础URL: https://ark.cn-beijing.volces.com/api/v3
2025-07-15 17:06:27,573 - app - INFO - [f9af64b5] === 新的聊天请求开始 ===
2025-07-15 17:06:27,576 - app - INFO - [f9af64b5] 请求数据字段: ['api_key', 'base_url', 'model_endpoint', 'model_id', 'system_content', 'user_content', 'logit_bias']
2025-07-15 17:06:27,580 - app - INFO - [f9af64b5] 收到logit_bias参数: {'135': -100, '136': -100, '854': -100, '861': -100}
2025-07-15 17:06:27,580 - app - INFO - [f9af64b5] 使用用户提供的base_url: https://ark.ap-southeast.bytepluses.com/api/v3
2025-07-15 17:06:27,580 - app - INFO - [f9af64b5] 使用模型参数: skylark-pro-sc-250615
2025-07-15 17:06:27,580 - app - INFO - [f9af64b5] API密钥: 6f7f1187-f042-41fb-8d0b-6f75f5ae39fd (长度: 36)
2025-07-15 17:06:27,580 - app - INFO - [f9af64b5] 用户输入长度: 3 字符
2025-07-15 17:06:27,580 - app - INFO - [f9af64b5] 系统消息长度: 1447 字符
2025-07-15 17:06:27,672 - app - INFO - [f9af64b5] ModelArk服务初始化成功
2025-07-15 17:06:27,672 - app - INFO - [f9af64b5] 开始调用API...
2025-07-15 17:06:30,780 - app - INFO - [f9af64b5] === 请求处理成功 ===
2025-07-15 17:06:30,780 - app - INFO - [f9af64b5] 总耗时: 3.21秒
2025-07-15 17:06:30,780 - app - INFO - [f9af64b5] API耗时: 3.10秒
2025-07-15 17:06:44,132 - app - INFO - [85bc1ae3] === 新的聊天请求开始 ===
2025-07-15 17:06:44,133 - app - INFO - [85bc1ae3] 请求数据字段: ['api_key', 'base_url', 'model_endpoint', 'model_id', 'system_content', 'user_content', 'logit_bias']
2025-07-15 17:06:44,133 - app - INFO - [85bc1ae3] 收到logit_bias参数: {'135': -100, '136': -100, '854': -100, '861': -100}
2025-07-15 17:06:44,133 - app - INFO - [85bc1ae3] 使用用户提供的base_url: https://ark.ap-southeast.bytepluses.com/api/v3
2025-07-15 17:06:44,133 - app - INFO - [85bc1ae3] 使用模型参数: skylark-pro-sc-250615
2025-07-15 17:06:44,134 - app - INFO - [85bc1ae3] API密钥: 6f7f1187-f042-41fb-8d0b-6f75f5ae39fd (长度: 36)
2025-07-15 17:06:44,134 - app - INFO - [85bc1ae3] 用户输入长度: 3 字符
2025-07-15 17:06:44,134 - app - INFO - [85bc1ae3] 系统消息长度: 1447 字符
2025-07-15 17:06:44,176 - app - INFO - [85bc1ae3] ModelArk服务初始化成功
2025-07-15 17:06:44,176 - app - INFO - [85bc1ae3] 开始调用API...
2025-07-15 17:06:46,767 - app - INFO - [85bc1ae3] === 请求处理成功 ===
2025-07-15 17:06:46,767 - app - INFO - [85bc1ae3] 总耗时: 2.64秒
2025-07-15 17:06:46,768 - app - INFO - [85bc1ae3] API耗时: 2.59秒
2025-07-15 17:08:40,459 - app - INFO - 启动应用，配置: type
2025-07-15 17:08:40,459 - app - INFO - 日志文件: logs/app.log
2025-07-15 17:08:40,459 - app - INFO - API基础URL: https://ark.cn-beijing.volces.com/api/v3
2025-07-15 17:09:20,136 - app - INFO - 启动应用，配置: type
2025-07-15 17:09:20,136 - app - INFO - 日志文件: logs/app.log
2025-07-15 17:09:20,136 - app - INFO - API基础URL: https://ark.cn-beijing.volces.com/api/v3
2025-07-15 17:09:20,711 - app - INFO - 启动应用，配置: type
2025-07-15 17:09:20,711 - app - INFO - 日志文件: logs/app.log
2025-07-15 17:09:20,711 - app - INFO - API基础URL: https://ark.cn-beijing.volces.com/api/v3
2025-07-15 17:09:43,978 - app - INFO - [9efc7c5c] === 新的聊天请求开始 ===
2025-07-15 17:09:43,978 - app - INFO - [9efc7c5c] 请求数据字段: ['api_key', 'base_url', 'model_endpoint', 'model_id', 'system_content', 'user_content', 'logit_bias']
2025-07-15 17:09:43,981 - app - INFO - [9efc7c5c] 收到logit_bias参数: {'135': -100, '136': -100, '854': -100, '861': -100}
2025-07-15 17:09:43,981 - app - INFO - [9efc7c5c] 使用用户提供的base_url: https://ark.ap-southeast.bytepluses.com/api/v3
2025-07-15 17:09:43,981 - app - INFO - [9efc7c5c] 使用模型参数: skylark-pro-sc-250615
2025-07-15 17:09:43,981 - app - INFO - [9efc7c5c] API密钥: 6f7f1187-f042-41fb-8d0b-6f75f5ae39fd (长度: 36)
2025-07-15 17:09:43,981 - app - INFO - [9efc7c5c] 用户输入长度: 3 字符
2025-07-15 17:09:43,981 - app - INFO - [9efc7c5c] 系统消息长度: 1447 字符
2025-07-15 17:09:44,065 - app - INFO - [9efc7c5c] ModelArk服务初始化成功
2025-07-15 17:09:44,066 - app - INFO - [9efc7c5c] 开始调用API...
2025-07-15 17:09:46,970 - app - INFO - [9efc7c5c] === 请求处理成功 ===
2025-07-15 17:09:46,970 - app - INFO - [9efc7c5c] 总耗时: 2.99秒
2025-07-15 17:09:46,970 - app - INFO - [9efc7c5c] API耗时: 2.90秒
2025-07-15 17:09:52,094 - app - INFO - [5eb791db] === 新的聊天请求开始 ===
2025-07-15 17:09:52,096 - app - INFO - [5eb791db] 请求数据字段: ['api_key', 'base_url', 'model_endpoint', 'model_id', 'system_content', 'user_content', 'logit_bias']
2025-07-15 17:09:52,096 - app - INFO - [5eb791db] 收到logit_bias参数: {'135': -100, '136': -100, '854': -100, '861': -100}
2025-07-15 17:09:52,096 - app - INFO - [5eb791db] 使用用户提供的base_url: https://ark.ap-southeast.bytepluses.com/api/v3
2025-07-15 17:09:52,097 - app - INFO - [5eb791db] 使用模型参数: skylark-pro-sc-250615
2025-07-15 17:09:52,097 - app - INFO - [5eb791db] API密钥: 6f7f1187-f042-41fb-8d0b-6f75f5ae39fd (长度: 36)
2025-07-15 17:09:52,097 - app - INFO - [5eb791db] 用户输入长度: 3 字符
2025-07-15 17:09:52,097 - app - INFO - [5eb791db] 系统消息长度: 1447 字符
2025-07-15 17:09:52,130 - app - INFO - [5eb791db] ModelArk服务初始化成功
2025-07-15 17:09:52,131 - app - INFO - [5eb791db] 开始调用API...
2025-07-15 17:09:55,222 - app - INFO - [5eb791db] === 请求处理成功 ===
2025-07-15 17:09:55,223 - app - INFO - [5eb791db] 总耗时: 3.13秒
2025-07-15 17:09:55,223 - app - INFO - [5eb791db] API耗时: 3.09秒
2025-07-15 17:10:00,284 - app - INFO - [9c139921] === 新的聊天请求开始 ===
2025-07-15 17:10:00,285 - app - INFO - [9c139921] 请求数据字段: ['api_key', 'base_url', 'model_endpoint', 'model_id', 'system_content', 'user_content', 'logit_bias']
2025-07-15 17:10:00,286 - app - INFO - [9c139921] 收到logit_bias参数: {'135': -100, '136': -100, '854': -100, '861': -100}
2025-07-15 17:10:00,286 - app - INFO - [9c139921] 使用用户提供的base_url: https://ark.ap-southeast.bytepluses.com/api/v3
2025-07-15 17:10:00,286 - app - INFO - [9c139921] 使用模型参数: skylark-pro-sc-250615
2025-07-15 17:10:00,286 - app - INFO - [9c139921] API密钥: 6f7f1187-f042-41fb-8d0b-6f75f5ae39fd (长度: 36)
2025-07-15 17:10:00,286 - app - INFO - [9c139921] 用户输入长度: 3 字符
2025-07-15 17:10:00,286 - app - INFO - [9c139921] 系统消息长度: 1447 字符
2025-07-15 17:10:00,354 - app - INFO - [9c139921] ModelArk服务初始化成功
2025-07-15 17:10:00,354 - app - INFO - [9c139921] 开始调用API...
2025-07-15 17:10:02,943 - app - INFO - [9c139921] === 请求处理成功 ===
2025-07-15 17:10:02,943 - app - INFO - [9c139921] 总耗时: 2.66秒
2025-07-15 17:10:02,943 - app - INFO - [9c139921] API耗时: 2.59秒
2025-07-15 17:10:03,816 - app - INFO - [62b50209] === 新的聊天请求开始 ===
2025-07-15 17:10:03,817 - app - INFO - [62b50209] 请求数据字段: ['api_key', 'base_url', 'model_endpoint', 'model_id', 'system_content', 'user_content', 'logit_bias']
2025-07-15 17:10:03,817 - app - INFO - [62b50209] 收到logit_bias参数: {'135': -100, '136': -100, '854': -100, '861': -100}
2025-07-15 17:10:03,817 - app - INFO - [62b50209] 使用用户提供的base_url: https://ark.ap-southeast.bytepluses.com/api/v3
2025-07-15 17:10:03,818 - app - INFO - [62b50209] 使用模型参数: skylark-pro-sc-250615
2025-07-15 17:10:03,818 - app - INFO - [62b50209] API密钥: 6f7f1187-f042-41fb-8d0b-6f75f5ae39fd (长度: 36)
2025-07-15 17:10:03,818 - app - INFO - [62b50209] 用户输入长度: 3 字符
2025-07-15 17:10:03,818 - app - INFO - [62b50209] 系统消息长度: 1447 字符
2025-07-15 17:10:03,848 - app - INFO - [62b50209] ModelArk服务初始化成功
2025-07-15 17:10:03,848 - app - INFO - [62b50209] 开始调用API...
2025-07-15 17:10:06,765 - app - INFO - [62b50209] === 请求处理成功 ===
2025-07-15 17:10:06,765 - app - INFO - [62b50209] 总耗时: 2.95秒
2025-07-15 17:10:06,766 - app - INFO - [62b50209] API耗时: 2.91秒
2025-07-15 17:10:07,617 - app - INFO - [7cd2f57e] === 新的聊天请求开始 ===
2025-07-15 17:10:07,618 - app - INFO - [7cd2f57e] 请求数据字段: ['api_key', 'base_url', 'model_endpoint', 'model_id', 'system_content', 'user_content', 'logit_bias']
2025-07-15 17:10:07,619 - app - INFO - [7cd2f57e] 收到logit_bias参数: {'135': -100, '136': -100, '854': -100, '861': -100}
2025-07-15 17:10:07,619 - app - INFO - [7cd2f57e] 使用用户提供的base_url: https://ark.ap-southeast.bytepluses.com/api/v3
2025-07-15 17:10:07,619 - app - INFO - [7cd2f57e] 使用模型参数: skylark-pro-sc-250615
2025-07-15 17:10:07,619 - app - INFO - [7cd2f57e] API密钥: 6f7f1187-f042-41fb-8d0b-6f75f5ae39fd (长度: 36)
2025-07-15 17:10:07,619 - app - INFO - [7cd2f57e] 用户输入长度: 3 字符
2025-07-15 17:10:07,619 - app - INFO - [7cd2f57e] 系统消息长度: 1447 字符
2025-07-15 17:10:07,663 - app - INFO - [7cd2f57e] ModelArk服务初始化成功
2025-07-15 17:10:07,663 - app - INFO - [7cd2f57e] 开始调用API...
2025-07-15 17:10:10,389 - app - INFO - [7cd2f57e] === 请求处理成功 ===
2025-07-15 17:10:10,389 - app - INFO - [7cd2f57e] 总耗时: 2.77秒
2025-07-15 17:10:10,389 - app - INFO - [7cd2f57e] API耗时: 2.72秒
2025-07-15 17:10:11,502 - app - INFO - [a1664cb9] === 新的聊天请求开始 ===
2025-07-15 17:10:11,502 - app - INFO - [a1664cb9] 请求数据字段: ['api_key', 'base_url', 'model_endpoint', 'model_id', 'system_content', 'user_content', 'logit_bias']
2025-07-15 17:10:11,502 - app - INFO - [a1664cb9] 收到logit_bias参数: {'135': -100, '136': -100, '854': -100, '861': -100}
2025-07-15 17:10:11,502 - app - INFO - [a1664cb9] 使用用户提供的base_url: https://ark.ap-southeast.bytepluses.com/api/v3
2025-07-15 17:10:11,503 - app - INFO - [a1664cb9] 使用模型参数: skylark-pro-sc-250615
2025-07-15 17:10:11,503 - app - INFO - [a1664cb9] API密钥: 6f7f1187-f042-41fb-8d0b-6f75f5ae39fd (长度: 36)
2025-07-15 17:10:11,503 - app - INFO - [a1664cb9] 用户输入长度: 3 字符
2025-07-15 17:10:11,503 - app - INFO - [a1664cb9] 系统消息长度: 1447 字符
2025-07-15 17:10:11,535 - app - INFO - [a1664cb9] ModelArk服务初始化成功
2025-07-15 17:10:11,535 - app - INFO - [a1664cb9] 开始调用API...
2025-07-15 17:10:14,292 - app - INFO - [a1664cb9] === 请求处理成功 ===
2025-07-15 17:10:14,292 - app - INFO - [a1664cb9] 总耗时: 2.79秒
2025-07-15 17:10:14,292 - app - INFO - [a1664cb9] API耗时: 2.75秒
2025-07-15 17:10:15,415 - app - INFO - [be69c3c2] === 新的聊天请求开始 ===
2025-07-15 17:10:15,416 - app - INFO - [be69c3c2] 请求数据字段: ['api_key', 'base_url', 'model_endpoint', 'model_id', 'system_content', 'user_content', 'logit_bias']
2025-07-15 17:10:15,417 - app - INFO - [be69c3c2] 收到logit_bias参数: {'135': -100, '136': -100, '854': -100, '861': -100}
2025-07-15 17:10:15,417 - app - INFO - [be69c3c2] 使用用户提供的base_url: https://ark.ap-southeast.bytepluses.com/api/v3
2025-07-15 17:10:15,417 - app - INFO - [be69c3c2] 使用模型参数: skylark-pro-sc-250615
2025-07-15 17:10:15,418 - app - INFO - [be69c3c2] API密钥: 6f7f1187-f042-41fb-8d0b-6f75f5ae39fd (长度: 36)
2025-07-15 17:10:15,418 - app - INFO - [be69c3c2] 用户输入长度: 3 字符
2025-07-15 17:10:15,419 - app - INFO - [be69c3c2] 系统消息长度: 1447 字符
2025-07-15 17:10:15,474 - app - INFO - [be69c3c2] ModelArk服务初始化成功
2025-07-15 17:10:15,475 - app - INFO - [be69c3c2] 开始调用API...
2025-07-15 17:10:18,445 - app - INFO - [be69c3c2] === 请求处理成功 ===
2025-07-15 17:10:18,445 - app - INFO - [be69c3c2] 总耗时: 3.03秒
2025-07-15 17:10:18,445 - app - INFO - [be69c3c2] API耗时: 2.97秒
2025-07-15 17:10:20,615 - app - INFO - [020cf886] === 新的聊天请求开始 ===
2025-07-15 17:10:20,616 - app - INFO - [020cf886] 请求数据字段: ['api_key', 'base_url', 'model_endpoint', 'model_id', 'system_content', 'user_content', 'logit_bias']
2025-07-15 17:10:20,616 - app - INFO - [020cf886] 收到logit_bias参数: {'135': -100, '136': -100, '854': -100, '861': -100}
2025-07-15 17:10:20,616 - app - INFO - [020cf886] 使用用户提供的base_url: https://ark.ap-southeast.bytepluses.com/api/v3
2025-07-15 17:10:20,617 - app - INFO - [020cf886] 使用模型参数: skylark-pro-sc-250615
2025-07-15 17:10:20,617 - app - INFO - [020cf886] API密钥: 6f7f1187-f042-41fb-8d0b-6f75f5ae39fd (长度: 36)
2025-07-15 17:10:20,617 - app - INFO - [020cf886] 用户输入长度: 3 字符
2025-07-15 17:10:20,617 - app - INFO - [020cf886] 系统消息长度: 1447 字符
2025-07-15 17:10:20,660 - app - INFO - [020cf886] ModelArk服务初始化成功
2025-07-15 17:10:20,660 - app - INFO - [020cf886] 开始调用API...
2025-07-15 17:10:23,556 - app - INFO - [020cf886] === 请求处理成功 ===
2025-07-15 17:10:23,557 - app - INFO - [020cf886] 总耗时: 2.94秒
2025-07-15 17:10:23,557 - app - INFO - [020cf886] API耗时: 2.89秒
2025-07-15 17:10:24,432 - app - INFO - [b5edd2a4] === 新的聊天请求开始 ===
2025-07-15 17:10:24,433 - app - INFO - [b5edd2a4] 请求数据字段: ['api_key', 'base_url', 'model_endpoint', 'model_id', 'system_content', 'user_content', 'logit_bias']
2025-07-15 17:10:24,433 - app - INFO - [b5edd2a4] 收到logit_bias参数: {'135': -100, '136': -100, '854': -100, '861': -100}
2025-07-15 17:10:24,433 - app - INFO - [b5edd2a4] 使用用户提供的base_url: https://ark.ap-southeast.bytepluses.com/api/v3
2025-07-15 17:10:24,433 - app - INFO - [b5edd2a4] 使用模型参数: skylark-pro-sc-250615
2025-07-15 17:10:24,433 - app - INFO - [b5edd2a4] API密钥: 6f7f1187-f042-41fb-8d0b-6f75f5ae39fd (长度: 36)
2025-07-15 17:10:24,433 - app - INFO - [b5edd2a4] 用户输入长度: 3 字符
2025-07-15 17:10:24,433 - app - INFO - [b5edd2a4] 系统消息长度: 1447 字符
2025-07-15 17:10:24,462 - app - INFO - [b5edd2a4] ModelArk服务初始化成功
2025-07-15 17:10:24,462 - app - INFO - [b5edd2a4] 开始调用API...
2025-07-15 17:10:27,115 - app - INFO - [b5edd2a4] === 请求处理成功 ===
2025-07-15 17:10:27,115 - app - INFO - [b5edd2a4] 总耗时: 2.68秒
2025-07-15 17:10:27,115 - app - INFO - [b5edd2a4] API耗时: 2.65秒
2025-07-15 17:10:28,035 - app - INFO - [6733661d] === 新的聊天请求开始 ===
2025-07-15 17:10:28,036 - app - INFO - [6733661d] 请求数据字段: ['api_key', 'base_url', 'model_endpoint', 'model_id', 'system_content', 'user_content', 'logit_bias']
2025-07-15 17:10:28,036 - app - INFO - [6733661d] 收到logit_bias参数: {'135': -100, '136': -100, '854': -100, '861': -100}
2025-07-15 17:10:28,036 - app - INFO - [6733661d] 使用用户提供的base_url: https://ark.ap-southeast.bytepluses.com/api/v3
2025-07-15 17:10:28,036 - app - INFO - [6733661d] 使用模型参数: skylark-pro-sc-250615
2025-07-15 17:10:28,036 - app - INFO - [6733661d] API密钥: 6f7f1187-f042-41fb-8d0b-6f75f5ae39fd (长度: 36)
2025-07-15 17:10:28,037 - app - INFO - [6733661d] 用户输入长度: 3 字符
2025-07-15 17:10:28,037 - app - INFO - [6733661d] 系统消息长度: 1447 字符
2025-07-15 17:10:28,079 - app - INFO - [6733661d] ModelArk服务初始化成功
2025-07-15 17:10:28,080 - app - INFO - [6733661d] 开始调用API...
2025-07-15 17:10:30,408 - app - INFO - [6733661d] === 请求处理成功 ===
2025-07-15 17:10:30,408 - app - INFO - [6733661d] 总耗时: 2.37秒
2025-07-15 17:10:30,408 - app - INFO - [6733661d] API耗时: 2.33秒
2025-07-15 17:10:31,619 - app - INFO - [fa17aa92] === 新的聊天请求开始 ===
2025-07-15 17:10:31,619 - app - INFO - [fa17aa92] 请求数据字段: ['api_key', 'base_url', 'model_endpoint', 'model_id', 'system_content', 'user_content', 'logit_bias']
2025-07-15 17:10:31,620 - app - INFO - [fa17aa92] 收到logit_bias参数: {'135': -100, '136': -100, '854': -100, '861': -100}
2025-07-15 17:10:31,620 - app - INFO - [fa17aa92] 使用用户提供的base_url: https://ark.ap-southeast.bytepluses.com/api/v3
2025-07-15 17:10:31,620 - app - INFO - [fa17aa92] 使用模型参数: skylark-pro-sc-250615
2025-07-15 17:10:31,620 - app - INFO - [fa17aa92] API密钥: 6f7f1187-f042-41fb-8d0b-6f75f5ae39fd (长度: 36)
2025-07-15 17:10:31,620 - app - INFO - [fa17aa92] 用户输入长度: 3 字符
2025-07-15 17:10:31,620 - app - INFO - [fa17aa92] 系统消息长度: 1447 字符
2025-07-15 17:10:31,679 - app - INFO - [fa17aa92] ModelArk服务初始化成功
2025-07-15 17:10:31,679 - app - INFO - [fa17aa92] 开始调用API...
2025-07-15 17:10:34,681 - app - INFO - [fa17aa92] === 请求处理成功 ===
2025-07-15 17:10:34,681 - app - INFO - [fa17aa92] 总耗时: 3.06秒
2025-07-15 17:10:34,681 - app - INFO - [fa17aa92] API耗时: 3.00秒
2025-07-15 17:10:35,718 - app - INFO - [e1f0f82f] === 新的聊天请求开始 ===
2025-07-15 17:10:35,719 - app - INFO - [e1f0f82f] 请求数据字段: ['api_key', 'base_url', 'model_endpoint', 'model_id', 'system_content', 'user_content', 'logit_bias']
2025-07-15 17:10:35,719 - app - INFO - [e1f0f82f] 收到logit_bias参数: {'135': -100, '136': -100, '854': -100, '861': -100}
2025-07-15 17:10:35,719 - app - INFO - [e1f0f82f] 使用用户提供的base_url: https://ark.ap-southeast.bytepluses.com/api/v3
2025-07-15 17:10:35,719 - app - INFO - [e1f0f82f] 使用模型参数: skylark-pro-sc-250615
2025-07-15 17:10:35,719 - app - INFO - [e1f0f82f] API密钥: 6f7f1187-f042-41fb-8d0b-6f75f5ae39fd (长度: 36)
2025-07-15 17:10:35,719 - app - INFO - [e1f0f82f] 用户输入长度: 3 字符
2025-07-15 17:10:35,720 - app - INFO - [e1f0f82f] 系统消息长度: 1447 字符
2025-07-15 17:10:35,766 - app - INFO - [e1f0f82f] ModelArk服务初始化成功
2025-07-15 17:10:35,767 - app - INFO - [e1f0f82f] 开始调用API...
2025-07-15 17:10:38,151 - app - INFO - [e1f0f82f] === 请求处理成功 ===
2025-07-15 17:10:38,151 - app - INFO - [e1f0f82f] 总耗时: 2.43秒
2025-07-15 17:10:38,151 - app - INFO - [e1f0f82f] API耗时: 2.38秒
2025-07-15 17:10:39,349 - app - INFO - [762cd9ad] === 新的聊天请求开始 ===
2025-07-15 17:10:39,349 - app - INFO - [762cd9ad] 请求数据字段: ['api_key', 'base_url', 'model_endpoint', 'model_id', 'system_content', 'user_content', 'logit_bias']
2025-07-15 17:10:39,350 - app - INFO - [762cd9ad] 收到logit_bias参数: {'135': -100, '136': -100, '854': -100, '861': -100}
2025-07-15 17:10:39,350 - app - INFO - [762cd9ad] 使用用户提供的base_url: https://ark.ap-southeast.bytepluses.com/api/v3
2025-07-15 17:10:39,350 - app - INFO - [762cd9ad] 使用模型参数: skylark-pro-sc-250615
2025-07-15 17:10:39,350 - app - INFO - [762cd9ad] API密钥: 6f7f1187-f042-41fb-8d0b-6f75f5ae39fd (长度: 36)
2025-07-15 17:10:39,350 - app - INFO - [762cd9ad] 用户输入长度: 3 字符
2025-07-15 17:10:39,350 - app - INFO - [762cd9ad] 系统消息长度: 1447 字符
2025-07-15 17:10:39,382 - app - INFO - [762cd9ad] ModelArk服务初始化成功
2025-07-15 17:10:39,382 - app - INFO - [762cd9ad] 开始调用API...
2025-07-15 17:10:42,305 - app - INFO - [762cd9ad] === 请求处理成功 ===
2025-07-15 17:10:42,305 - app - INFO - [762cd9ad] 总耗时: 2.96秒
2025-07-15 17:10:42,305 - app - INFO - [762cd9ad] API耗时: 2.92秒
2025-07-15 17:10:46,603 - app - INFO - [5f2e1bd1] === 新的聊天请求开始 ===
2025-07-15 17:10:46,604 - app - INFO - [5f2e1bd1] 请求数据字段: ['api_key', 'base_url', 'model_endpoint', 'model_id', 'system_content', 'user_content', 'logit_bias']
2025-07-15 17:10:46,605 - app - INFO - [5f2e1bd1] 收到logit_bias参数: {'135': -100, '136': -100, '854': -100, '861': -100}
2025-07-15 17:10:46,605 - app - INFO - [5f2e1bd1] 使用用户提供的base_url: https://ark.ap-southeast.bytepluses.com/api/v3
2025-07-15 17:10:46,605 - app - INFO - [5f2e1bd1] 使用模型参数: skylark-pro-sc-250615
2025-07-15 17:10:46,605 - app - INFO - [5f2e1bd1] API密钥: 6f7f1187-f042-41fb-8d0b-6f75f5ae39fd (长度: 36)
2025-07-15 17:10:46,605 - app - INFO - [5f2e1bd1] 用户输入长度: 3 字符
2025-07-15 17:10:46,605 - app - INFO - [5f2e1bd1] 系统消息长度: 1447 字符
2025-07-15 17:10:46,648 - app - INFO - [5f2e1bd1] ModelArk服务初始化成功
2025-07-15 17:10:46,648 - app - INFO - [5f2e1bd1] 开始调用API...
2025-07-15 17:10:49,879 - app - INFO - [5f2e1bd1] === 请求处理成功 ===
2025-07-15 17:10:49,879 - app - INFO - [5f2e1bd1] 总耗时: 3.28秒
2025-07-15 17:10:49,880 - app - INFO - [5f2e1bd1] API耗时: 3.23秒
2025-07-15 17:10:56,935 - app - INFO - [01b2f83c] === 新的聊天请求开始 ===
2025-07-15 17:10:56,948 - app - INFO - [01b2f83c] 请求数据字段: ['api_key', 'base_url', 'model_endpoint', 'model_id', 'system_content', 'user_content', 'logit_bias']
2025-07-15 17:10:56,949 - app - INFO - [01b2f83c] 收到logit_bias参数: {'135': -100, '136': -100, '854': -100, '861': -100}
2025-07-15 17:10:56,949 - app - INFO - [01b2f83c] 使用用户提供的base_url: https://ark.ap-southeast.bytepluses.com/api/v3
2025-07-15 17:10:56,949 - app - INFO - [01b2f83c] 使用模型参数: skylark-pro-sc-250615
2025-07-15 17:10:56,949 - app - INFO - [01b2f83c] API密钥: 6f7f1187-f042-41fb-8d0b-6f75f5ae39fd (长度: 36)
2025-07-15 17:10:56,949 - app - INFO - [01b2f83c] 用户输入长度: 3 字符
2025-07-15 17:10:56,950 - app - INFO - [01b2f83c] 系统消息长度: 1447 字符
2025-07-15 17:10:56,974 - app - INFO - [01b2f83c] ModelArk服务初始化成功
2025-07-15 17:10:56,975 - app - INFO - [01b2f83c] 开始调用API...
2025-07-15 17:11:00,051 - app - INFO - [01b2f83c] === 请求处理成功 ===
2025-07-15 17:11:00,051 - app - INFO - [01b2f83c] 总耗时: 3.12秒
2025-07-15 17:11:00,051 - app - INFO - [01b2f83c] API耗时: 3.07秒
2025-07-15 17:11:04,461 - app - INFO - [f4515813] === 新的聊天请求开始 ===
2025-07-15 17:11:04,463 - app - INFO - [f4515813] 请求数据字段: ['api_key', 'base_url', 'model_endpoint', 'model_id', 'system_content', 'user_content', 'logit_bias']
2025-07-15 17:11:04,465 - app - INFO - [f4515813] 收到logit_bias参数: {'135': -100, '136': -100, '854': -100, '861': -100}
2025-07-15 17:11:04,465 - app - INFO - [f4515813] 使用用户提供的base_url: https://ark.ap-southeast.bytepluses.com/api/v3
2025-07-15 17:11:04,466 - app - INFO - [f4515813] 使用模型参数: skylark-pro-sc-250615
2025-07-15 17:11:04,466 - app - INFO - [f4515813] API密钥: 6f7f1187-f042-41fb-8d0b-6f75f5ae39fd (长度: 36)
2025-07-15 17:11:04,466 - app - INFO - [f4515813] 用户输入长度: 3 字符
2025-07-15 17:11:04,466 - app - INFO - [f4515813] 系统消息长度: 1447 字符
2025-07-15 17:11:04,514 - app - INFO - [f4515813] ModelArk服务初始化成功
2025-07-15 17:11:04,514 - app - INFO - [f4515813] 开始调用API...
2025-07-15 17:11:07,865 - app - INFO - [f4515813] === 请求处理成功 ===
2025-07-15 17:11:07,865 - app - INFO - [f4515813] 总耗时: 3.40秒
2025-07-15 17:11:07,866 - app - INFO - [f4515813] API耗时: 3.35秒
2025-07-15 17:11:12,545 - app - INFO - [effcb0b9] === 新的聊天请求开始 ===
2025-07-15 17:11:12,546 - app - INFO - [effcb0b9] 请求数据字段: ['api_key', 'base_url', 'model_endpoint', 'model_id', 'system_content', 'user_content', 'logit_bias']
2025-07-15 17:11:12,546 - app - INFO - [effcb0b9] 收到logit_bias参数: {'135': -100, '136': -100, '854': -100, '861': -100}
2025-07-15 17:11:12,546 - app - INFO - [effcb0b9] 使用用户提供的base_url: https://ark.ap-southeast.bytepluses.com/api/v3
2025-07-15 17:11:12,546 - app - INFO - [effcb0b9] 使用模型参数: skylark-pro-sc-250615
2025-07-15 17:11:12,546 - app - INFO - [effcb0b9] API密钥: 6f7f1187-f042-41fb-8d0b-6f75f5ae39fd (长度: 36)
2025-07-15 17:11:12,546 - app - INFO - [effcb0b9] 用户输入长度: 3 字符
2025-07-15 17:11:12,546 - app - INFO - [effcb0b9] 系统消息长度: 1447 字符
2025-07-15 17:11:12,570 - app - INFO - [effcb0b9] ModelArk服务初始化成功
2025-07-15 17:11:12,570 - app - INFO - [effcb0b9] 开始调用API...
2025-07-15 17:11:14,916 - app - INFO - [effcb0b9] === 请求处理成功 ===
2025-07-15 17:11:14,916 - app - INFO - [effcb0b9] 总耗时: 2.37秒
2025-07-15 17:11:14,916 - app - INFO - [effcb0b9] API耗时: 2.34秒
2025-07-15 17:11:19,970 - app - INFO - [d061ab6a] === 新的聊天请求开始 ===
2025-07-15 17:11:19,971 - app - INFO - [d061ab6a] 请求数据字段: ['api_key', 'base_url', 'model_endpoint', 'model_id', 'system_content', 'user_content', 'logit_bias']
2025-07-15 17:11:19,972 - app - INFO - [d061ab6a] 收到logit_bias参数: {'135': -100, '136': -100, '854': -100, '861': -100}
2025-07-15 17:11:19,972 - app - INFO - [d061ab6a] 使用用户提供的base_url: https://ark.ap-southeast.bytepluses.com/api/v3
2025-07-15 17:11:19,972 - app - INFO - [d061ab6a] 使用模型参数: skylark-pro-sc-250615
2025-07-15 17:11:19,972 - app - INFO - [d061ab6a] API密钥: 6f7f1187-f042-41fb-8d0b-6f75f5ae39fd (长度: 36)
2025-07-15 17:11:19,972 - app - INFO - [d061ab6a] 用户输入长度: 3 字符
2025-07-15 17:11:19,972 - app - INFO - [d061ab6a] 系统消息长度: 1447 字符
2025-07-15 17:11:20,027 - app - INFO - [d061ab6a] ModelArk服务初始化成功
2025-07-15 17:11:20,027 - app - INFO - [d061ab6a] 开始调用API...
2025-07-15 17:11:22,735 - app - INFO - [d061ab6a] === 请求处理成功 ===
2025-07-15 17:11:22,735 - app - INFO - [d061ab6a] 总耗时: 2.76秒
2025-07-15 17:11:22,735 - app - INFO - [d061ab6a] API耗时: 2.70秒
2025-07-15 17:11:24,449 - app - INFO - [2bf5d449] === 新的聊天请求开始 ===
2025-07-15 17:11:24,449 - app - INFO - [2bf5d449] 请求数据字段: ['api_key', 'base_url', 'model_endpoint', 'model_id', 'system_content', 'user_content', 'logit_bias']
2025-07-15 17:11:24,449 - app - INFO - [2bf5d449] 收到logit_bias参数: {'135': -100, '136': -100, '854': -100, '861': -100}
2025-07-15 17:11:24,450 - app - INFO - [2bf5d449] 使用用户提供的base_url: https://ark.ap-southeast.bytepluses.com/api/v3
2025-07-15 17:11:24,450 - app - INFO - [2bf5d449] 使用模型参数: skylark-pro-sc-250615
2025-07-15 17:11:24,450 - app - INFO - [2bf5d449] API密钥: 6f7f1187-f042-41fb-8d0b-6f75f5ae39fd (长度: 36)
2025-07-15 17:11:24,450 - app - INFO - [2bf5d449] 用户输入长度: 3 字符
2025-07-15 17:11:24,450 - app - INFO - [2bf5d449] 系统消息长度: 1447 字符
2025-07-15 17:11:24,478 - app - INFO - [2bf5d449] ModelArk服务初始化成功
2025-07-15 17:11:24,478 - app - INFO - [2bf5d449] 开始调用API...
2025-07-15 17:11:27,252 - app - INFO - [2bf5d449] === 请求处理成功 ===
2025-07-15 17:11:27,252 - app - INFO - [2bf5d449] 总耗时: 2.80秒
2025-07-15 17:11:27,252 - app - INFO - [2bf5d449] API耗时: 2.77秒
2025-07-15 17:11:28,361 - app - INFO - [1660804f] === 新的聊天请求开始 ===
2025-07-15 17:11:28,361 - app - INFO - [1660804f] 请求数据字段: ['api_key', 'base_url', 'model_endpoint', 'model_id', 'system_content', 'user_content', 'logit_bias']
2025-07-15 17:11:28,361 - app - INFO - [1660804f] 收到logit_bias参数: {'135': -100, '136': -100, '854': -100, '861': -100}
2025-07-15 17:11:28,361 - app - INFO - [1660804f] 使用用户提供的base_url: https://ark.ap-southeast.bytepluses.com/api/v3
2025-07-15 17:11:28,362 - app - INFO - [1660804f] 使用模型参数: skylark-pro-sc-250615
2025-07-15 17:11:28,362 - app - INFO - [1660804f] API密钥: 6f7f1187-f042-41fb-8d0b-6f75f5ae39fd (长度: 36)
2025-07-15 17:11:28,362 - app - INFO - [1660804f] 用户输入长度: 3 字符
2025-07-15 17:11:28,362 - app - INFO - [1660804f] 系统消息长度: 1447 字符
2025-07-15 17:11:28,399 - app - INFO - [1660804f] ModelArk服务初始化成功
2025-07-15 17:11:28,400 - app - INFO - [1660804f] 开始调用API...
2025-07-15 17:11:30,927 - app - INFO - [1660804f] === 请求处理成功 ===
2025-07-15 17:11:30,927 - app - INFO - [1660804f] 总耗时: 2.57秒
2025-07-15 17:11:30,927 - app - INFO - [1660804f] API耗时: 2.52秒
2025-07-15 17:11:32,036 - app - INFO - [8c905f91] === 新的聊天请求开始 ===
2025-07-15 17:11:32,037 - app - INFO - [8c905f91] 请求数据字段: ['api_key', 'base_url', 'model_endpoint', 'model_id', 'system_content', 'user_content', 'logit_bias']
2025-07-15 17:11:32,037 - app - INFO - [8c905f91] 收到logit_bias参数: {'135': -100, '136': -100, '854': -100, '861': -100}
2025-07-15 17:11:32,038 - app - INFO - [8c905f91] 使用用户提供的base_url: https://ark.ap-southeast.bytepluses.com/api/v3
2025-07-15 17:11:32,038 - app - INFO - [8c905f91] 使用模型参数: skylark-pro-sc-250615
2025-07-15 17:11:32,038 - app - INFO - [8c905f91] API密钥: 6f7f1187-f042-41fb-8d0b-6f75f5ae39fd (长度: 36)
2025-07-15 17:11:32,038 - app - INFO - [8c905f91] 用户输入长度: 3 字符
2025-07-15 17:11:32,038 - app - INFO - [8c905f91] 系统消息长度: 1447 字符
2025-07-15 17:11:32,085 - app - INFO - [8c905f91] ModelArk服务初始化成功
2025-07-15 17:11:32,085 - app - INFO - [8c905f91] 开始调用API...
2025-07-15 17:11:34,331 - app - INFO - [8c905f91] === 请求处理成功 ===
2025-07-15 17:11:34,331 - app - INFO - [8c905f91] 总耗时: 2.30秒
2025-07-15 17:11:34,331 - app - INFO - [8c905f91] API耗时: 2.25秒
2025-07-15 17:28:21,805 - app - INFO - 启动应用，配置: type
2025-07-15 17:28:21,806 - app - INFO - 日志文件: logs/app.log
2025-07-15 17:28:21,806 - app - INFO - API基础URL: https://ark.cn-beijing.volces.com/api/v3
2025-07-15 17:28:22,596 - app - INFO - 启动应用，配置: type
2025-07-15 17:28:22,596 - app - INFO - 日志文件: logs/app.log
2025-07-15 17:28:22,596 - app - INFO - API基础URL: https://ark.cn-beijing.volces.com/api/v3
2025-07-15 17:44:59,711 - app - INFO - [9ad935bd] === 新的批量聊天请求开始 ===
2025-07-15 17:44:59,728 - app - INFO - [9ad935bd] 批量请求参数: 次数=2, 并发=1
2025-07-15 17:45:36,167 - app - INFO - 启动应用，配置: type
2025-07-15 17:45:36,167 - app - INFO - 日志文件: logs/app.log
2025-07-15 17:45:36,167 - app - INFO - API基础URL: https://ark.cn-beijing.volces.com/api/v3
2025-07-15 17:45:44,975 - app - INFO - [9ad935bd-1] 请求完成 (1/2)
2025-07-15 17:46:22,280 - app - INFO - 启动应用，配置: type
2025-07-15 17:46:22,280 - app - INFO - 日志文件: logs/app.log
2025-07-15 17:46:22,280 - app - INFO - API基础URL: https://ark.cn-beijing.volces.com/api/v3
2025-07-15 17:46:22,895 - app - INFO - 启动应用，配置: type
2025-07-15 17:46:22,896 - app - INFO - 日志文件: logs/app.log
2025-07-15 17:46:22,896 - app - INFO - API基础URL: https://ark.cn-beijing.volces.com/api/v3
2025-07-15 17:47:59,579 - app - INFO - [7e46807b] === 新的批量聊天请求开始 ===
2025-07-15 17:47:59,590 - app - INFO - [7e46807b] 批量请求参数: 次数=3, 并发=2
2025-07-15 17:48:46,509 - app - INFO - [7e46807b-2] 请求完成 (1/3)
2025-07-15 17:48:46,511 - app - INFO - [7e46807b-1] 请求完成 (2/3)
2025-07-15 17:49:34,429 - app - INFO - [7e46807b-3] 请求完成 (3/3)
2025-07-15 17:49:34,586 - app - INFO - [7e46807b] === 批量请求处理完成 ===
2025-07-15 17:49:34,586 - app - INFO - [7e46807b] 总耗时: 94.85秒
2025-07-15 17:49:34,586 - app - INFO - [7e46807b] 成功: 3/3
2025-07-15 17:49:46,864 - app - INFO - [571247f3] === 新的批量聊天请求开始 ===
2025-07-15 17:49:46,865 - app - INFO - [571247f3] 批量请求参数: 次数=5, 并发=3
2025-07-15 17:49:49,122 - app - INFO - [571247f3-3] 请求完成 (1/5)
2025-07-15 17:49:49,124 - app - INFO - [571247f3-1] 请求完成 (2/5)
2025-07-15 17:49:49,902 - app - INFO - [571247f3-2] 请求完成 (3/5)
2025-07-15 17:49:51,459 - app - INFO - [571247f3-4] 请求完成 (4/5)
2025-07-15 17:49:51,744 - app - INFO - [571247f3-5] 请求完成 (5/5)
2025-07-15 17:49:51,791 - app - INFO - [571247f3] === 批量请求处理完成 ===
2025-07-15 17:49:51,791 - app - INFO - [571247f3] 总耗时: 4.88秒
2025-07-15 17:49:51,791 - app - INFO - [571247f3] 成功: 5/5
2025-07-15 17:50:41,333 - app - INFO - [0a9b71aa] === 新的聊天请求开始 ===
2025-07-15 17:50:41,335 - app - INFO - [0a9b71aa] 请求数据字段: ['api_key', 'base_url', 'model_endpoint', 'model_id', 'system_content', 'user_content', 'logit_bias']
2025-07-15 17:50:41,336 - app - INFO - [0a9b71aa] 收到logit_bias参数: {'135': -100, '136': -100, '854': -100, '861': -100}
2025-07-15 17:50:41,336 - app - INFO - [0a9b71aa] 使用用户提供的base_url: https://ark.ap-southeast.bytepluses.com/api/v3
2025-07-15 17:50:41,336 - app - INFO - [0a9b71aa] 使用模型参数: skylark-pro-sc-250615
2025-07-15 17:50:41,336 - app - INFO - [0a9b71aa] API密钥: 6f7f1187-f042-41fb-8d0b-6f75f5ae39fd (长度: 36)
2025-07-15 17:50:41,336 - app - INFO - [0a9b71aa] 用户输入长度: 3 字符
2025-07-15 17:50:41,336 - app - INFO - [0a9b71aa] 系统消息长度: 1447 字符
2025-07-15 17:50:41,389 - app - INFO - [0a9b71aa] ModelArk服务初始化成功
2025-07-15 17:50:41,389 - app - INFO - [0a9b71aa] 开始调用API...
2025-07-15 17:50:44,584 - app - INFO - [0a9b71aa] === 请求处理成功 ===
2025-07-15 17:50:44,585 - app - INFO - [0a9b71aa] 总耗时: 3.25秒
2025-07-15 17:50:44,585 - app - INFO - [0a9b71aa] API耗时: 3.19秒
2025-07-15 17:50:51,738 - app - INFO - [0f4afc96] === 新的批量聊天请求开始 ===
2025-07-15 17:50:51,739 - app - INFO - [0f4afc96] 批量请求参数: 次数=100, 并发=3
2025-07-15 17:50:55,144 - app - INFO - [0f4afc96-2] 请求完成 (1/100)
2025-07-15 17:50:55,464 - app - INFO - [0f4afc96-3] 请求完成 (2/100)
2025-07-15 17:50:55,822 - app - INFO - [0f4afc96-1] 请求完成 (3/100)
2025-07-15 17:50:57,954 - app - INFO - [0f4afc96-4] 请求完成 (4/100)
2025-07-15 17:50:59,025 - app - INFO - [0f4afc96-5] 请求完成 (5/100)
2025-07-15 17:50:59,207 - app - INFO - [0f4afc96-6] 请求完成 (6/100)
2025-07-15 17:51:00,837 - app - INFO - [0f4afc96-7] 请求完成 (7/100)
2025-07-15 17:51:01,684 - app - INFO - [0f4afc96-9] 请求完成 (8/100)
2025-07-15 17:51:02,121 - app - INFO - [0f4afc96-8] 请求完成 (9/100)
2025-07-15 17:51:03,143 - app - INFO - [0f4afc96-10] 请求完成 (10/100)
2025-07-15 17:51:04,404 - app - INFO - [0f4afc96-12] 请求完成 (11/100)
2025-07-15 17:51:05,137 - app - INFO - [0f4afc96-11] 请求完成 (12/100)
2025-07-15 17:51:06,243 - app - INFO - [0f4afc96-13] 请求完成 (13/100)
2025-07-15 17:51:06,881 - app - INFO - [0f4afc96-14] 请求完成 (14/100)
2025-07-15 17:51:08,587 - app - INFO - [0f4afc96-15] 请求完成 (15/100)
2025-07-15 17:51:09,349 - app - INFO - [0f4afc96-16] 请求完成 (16/100)
2025-07-15 17:51:10,116 - app - INFO - [0f4afc96-17] 请求完成 (17/100)
2025-07-15 17:51:11,715 - app - INFO - [0f4afc96-18] 请求完成 (18/100)
2025-07-15 17:51:12,428 - app - INFO - [0f4afc96-19] 请求完成 (19/100)
2025-07-15 17:51:13,167 - app - INFO - [0f4afc96-20] 请求完成 (20/100)
2025-07-15 17:51:14,660 - app - INFO - [0f4afc96-21] 请求完成 (21/100)
2025-07-15 17:51:15,973 - app - INFO - [0f4afc96-22] 请求完成 (22/100)
2025-07-15 17:51:16,487 - app - INFO - [0f4afc96-23] 请求完成 (23/100)
2025-07-15 17:51:17,141 - app - INFO - [0f4afc96-24] 请求完成 (24/100)
2025-07-15 17:51:18,268 - app - INFO - [0f4afc96-25] 请求完成 (25/100)
2025-07-15 17:51:19,033 - app - INFO - [0f4afc96-26] 请求完成 (26/100)
2025-07-15 17:51:19,702 - app - INFO - [0f4afc96-27] 请求完成 (27/100)
2025-07-15 17:51:21,501 - app - INFO - [0f4afc96-28] 请求完成 (28/100)
2025-07-15 17:51:22,363 - app - INFO - [0f4afc96-29] 请求完成 (29/100)
2025-07-15 17:51:22,504 - app - INFO - [0f4afc96-30] 请求完成 (30/100)
2025-07-15 17:51:24,286 - app - INFO - [0f4afc96-31] 请求完成 (31/100)
2025-07-15 17:51:24,931 - app - INFO - [0f4afc96-32] 请求完成 (32/100)
2025-07-15 17:51:25,268 - app - INFO - [0f4afc96-33] 请求完成 (33/100)
2025-07-15 17:51:27,146 - app - INFO - [0f4afc96-34] 请求完成 (34/100)
2025-07-15 17:51:27,905 - app - INFO - [0f4afc96-35] 请求完成 (35/100)
2025-07-15 17:51:28,253 - app - INFO - [0f4afc96-36] 请求完成 (36/100)
2025-07-15 17:51:29,327 - app - INFO - [0f4afc96-37] 请求完成 (37/100)
2025-07-15 17:51:30,351 - app - INFO - [0f4afc96-38] 请求完成 (38/100)
2025-07-15 17:51:31,252 - app - INFO - [0f4afc96-39] 请求完成 (39/100)
2025-07-15 17:51:32,214 - app - INFO - [0f4afc96-40] 请求完成 (40/100)
2025-07-15 17:51:33,399 - app - INFO - [0f4afc96-42] 请求完成 (41/100)
2025-07-15 17:51:33,554 - app - INFO - [0f4afc96-41] 请求完成 (42/100)
2025-07-15 17:51:34,855 - app - INFO - [0f4afc96-43] 请求完成 (43/100)
2025-07-15 17:51:35,739 - app - INFO - [0f4afc96-44] 请求完成 (44/100)
2025-07-15 17:51:35,762 - app - INFO - [0f4afc96-45] 请求完成 (45/100)
2025-07-15 17:51:37,733 - app - INFO - [0f4afc96-46] 请求完成 (46/100)
2025-07-15 17:51:37,964 - app - INFO - [0f4afc96-48] 请求完成 (47/100)
2025-07-15 17:51:38,931 - app - INFO - [0f4afc96-47] 请求完成 (48/100)
2025-07-15 17:51:40,487 - app - INFO - [0f4afc96-49] 请求完成 (49/100)
2025-07-15 17:51:41,002 - app - INFO - [0f4afc96-50] 请求完成 (50/100)
2025-07-15 17:51:41,156 - app - INFO - [0f4afc96-51] 请求完成 (51/100)
2025-07-15 17:51:43,241 - app - INFO - [0f4afc96-53] 请求完成 (52/100)
2025-07-15 17:51:43,396 - app - INFO - [0f4afc96-54] 请求完成 (53/100)
2025-07-15 17:51:43,691 - app - INFO - [0f4afc96-52] 请求完成 (54/100)
2025-07-15 17:51:46,335 - app - INFO - [0f4afc96-56] 请求完成 (55/100)
2025-07-15 17:51:46,550 - app - INFO - [0f4afc96-55] 请求完成 (56/100)
2025-07-15 17:51:47,679 - app - INFO - [0f4afc96-57] 请求完成 (57/100)
2025-07-15 17:51:48,824 - app - INFO - [0f4afc96-59] 请求完成 (58/100)
2025-07-15 17:51:49,538 - app - INFO - [0f4afc96-58] 请求完成 (59/100)
2025-07-15 17:51:50,856 - app - INFO - [0f4afc96-60] 请求完成 (60/100)
2025-07-15 17:51:52,065 - app - INFO - [0f4afc96-62] 请求完成 (61/100)
2025-07-15 17:51:53,225 - app - INFO - [0f4afc96-61] 请求完成 (62/100)
2025-07-15 17:51:53,234 - app - INFO - [0f4afc96-63] 请求完成 (63/100)
2025-07-15 17:51:54,935 - app - INFO - [0f4afc96-64] 请求完成 (64/100)
2025-07-15 17:51:55,534 - app - INFO - [0f4afc96-65] 请求完成 (65/100)
2025-07-15 17:51:55,707 - app - INFO - [0f4afc96-66] 请求完成 (66/100)
2025-07-15 17:51:57,906 - app - INFO - [0f4afc96-68] 请求完成 (67/100)
2025-07-15 17:51:58,135 - app - INFO - [0f4afc96-69] 请求完成 (68/100)
2025-07-15 17:51:58,135 - app - INFO - [0f4afc96-67] 请求完成 (69/100)
2025-07-15 17:52:00,813 - app - INFO - [0f4afc96-71] 请求完成 (70/100)
2025-07-15 17:52:01,080 - app - INFO - [0f4afc96-70] 请求完成 (71/100)
2025-07-15 17:52:01,279 - app - INFO - [0f4afc96-72] 请求完成 (72/100)
2025-07-15 17:52:03,578 - app - INFO - [0f4afc96-75] 请求完成 (73/100)
2025-07-15 17:52:03,997 - app - INFO - [0f4afc96-74] 请求完成 (74/100)
2025-07-15 17:52:04,031 - app - INFO - [0f4afc96-73] 请求完成 (75/100)
2025-07-15 17:52:06,283 - app - INFO - [0f4afc96-78] 请求完成 (76/100)
2025-07-15 17:52:06,836 - app - INFO - [0f4afc96-76] 请求完成 (77/100)
2025-07-15 17:52:06,837 - app - INFO - [0f4afc96-77] 请求完成 (78/100)
2025-07-15 17:52:08,993 - app - INFO - [0f4afc96-79] 请求完成 (79/100)
2025-07-15 17:52:09,316 - app - INFO - [0f4afc96-80] 请求完成 (80/100)
2025-07-15 17:52:10,123 - app - INFO - [0f4afc96-81] 请求完成 (81/100)
2025-07-15 17:52:11,956 - app - INFO - [0f4afc96-82] 请求完成 (82/100)
2025-07-15 17:52:12,188 - app - INFO - [0f4afc96-83] 请求完成 (83/100)
2025-07-15 17:52:13,465 - app - INFO - [0f4afc96-84] 请求完成 (84/100)
2025-07-15 17:52:14,823 - app - INFO - [0f4afc96-85] 请求完成 (85/100)
2025-07-15 17:52:15,050 - app - INFO - [0f4afc96-86] 请求完成 (86/100)
2025-07-15 17:52:15,727 - app - INFO - [0f4afc96-87] 请求完成 (87/100)
2025-07-15 17:52:17,593 - app - INFO - [0f4afc96-89] 请求完成 (88/100)
2025-07-15 17:52:17,748 - app - INFO - [0f4afc96-88] 请求完成 (89/100)
2025-07-15 17:52:18,012 - app - INFO - [0f4afc96-90] 请求完成 (90/100)
2025-07-15 17:52:19,784 - app - INFO - [0f4afc96-91] 请求完成 (91/100)
2025-07-15 17:52:19,957 - app - INFO - [0f4afc96-92] 请求完成 (92/100)
2025-07-15 17:52:20,524 - app - INFO - [0f4afc96-93] 请求完成 (93/100)
2025-07-15 17:52:22,500 - app - INFO - [0f4afc96-94] 请求完成 (94/100)
2025-07-15 17:52:23,034 - app - INFO - [0f4afc96-96] 请求完成 (95/100)
2025-07-15 17:52:23,673 - app - INFO - [0f4afc96-95] 请求完成 (96/100)
2025-07-15 17:52:25,357 - app - INFO - [0f4afc96-98] 请求完成 (97/100)
2025-07-15 17:52:25,990 - app - INFO - [0f4afc96-97] 请求完成 (98/100)
2025-07-15 17:52:26,412 - app - INFO - [0f4afc96-99] 请求完成 (99/100)
2025-07-15 17:52:27,828 - app - INFO - [0f4afc96-100] 请求完成 (100/100)
2025-07-15 17:52:27,865 - app - INFO - [0f4afc96] === 批量请求处理完成 ===
2025-07-15 17:52:27,865 - app - INFO - [0f4afc96] 总耗时: 96.09秒
2025-07-15 17:52:27,866 - app - INFO - [0f4afc96] 成功: 100/100
2025-07-15 17:54:22,217 - app - INFO - [1e37efc7] === 新的批量聊天请求开始 ===
2025-07-15 17:54:22,219 - app - INFO - [1e37efc7] 批量请求参数: 次数=100, 并发=5
2025-07-15 17:54:24,897 - app - INFO - [1e37efc7-2] 请求完成 (1/100)
2025-07-15 17:54:25,162 - app - INFO - [1e37efc7-3] 请求完成 (2/100)
2025-07-15 17:54:25,162 - app - INFO - [1e37efc7-5] 请求完成 (3/100)
2025-07-15 17:54:25,276 - app - INFO - [1e37efc7-1] 请求完成 (4/100)
2025-07-15 17:54:25,944 - app - INFO - [1e37efc7-4] 请求完成 (5/100)
2025-07-15 17:54:27,708 - app - INFO - [1e37efc7-9] 请求完成 (6/100)
2025-07-15 17:54:28,100 - app - INFO - [1e37efc7-8] 请求完成 (7/100)
2025-07-15 17:54:28,161 - app - INFO - [1e37efc7-7] 请求完成 (8/100)
2025-07-15 17:54:28,197 - app - INFO - [1e37efc7-6] 请求完成 (9/100)
2025-07-15 17:54:29,169 - app - INFO - [1e37efc7-10] 请求完成 (10/100)
2025-07-15 17:54:30,920 - app - INFO - [1e37efc7-13] 请求完成 (11/100)
2025-07-15 17:54:31,033 - app - INFO - [1e37efc7-11] 请求完成 (12/100)
2025-07-15 17:54:31,040 - app - INFO - [1e37efc7-14] 请求完成 (13/100)
2025-07-15 17:54:31,121 - app - INFO - [1e37efc7-12] 请求完成 (14/100)
2025-07-15 17:54:31,877 - app - INFO - [1e37efc7-15] 请求完成 (15/100)
2025-07-15 17:54:33,802 - app - INFO - [1e37efc7-19] 请求完成 (16/100)
2025-07-15 17:54:33,940 - app - INFO - [1e37efc7-18] 请求完成 (17/100)
2025-07-15 17:54:33,963 - app - INFO - [1e37efc7-17] 请求完成 (18/100)
2025-07-15 17:54:34,266 - app - INFO - [1e37efc7-16] 请求完成 (19/100)
2025-07-15 17:54:34,463 - app - INFO - [1e37efc7-20] 请求完成 (20/100)
2025-07-15 17:54:36,570 - app - INFO - [1e37efc7-23] 请求完成 (21/100)
2025-07-15 17:54:37,149 - app - INFO - [1e37efc7-24] 请求完成 (22/100)
2025-07-15 17:54:37,150 - app - INFO - [1e37efc7-21] 请求完成 (23/100)
2025-07-15 17:54:37,318 - app - INFO - [1e37efc7-22] 请求完成 (24/100)
2025-07-15 17:54:37,473 - app - INFO - [1e37efc7-25] 请求完成 (25/100)
2025-07-15 17:54:39,671 - app - INFO - [1e37efc7-26] 请求完成 (26/100)
2025-07-15 17:54:40,060 - app - INFO - [1e37efc7-30] 请求完成 (27/100)
2025-07-15 17:54:40,435 - app - INFO - [1e37efc7-29] 请求完成 (28/100)
2025-07-15 17:54:40,730 - app - INFO - [1e37efc7-27] 请求完成 (29/100)
2025-07-15 17:54:41,617 - app - INFO - [1e37efc7-28] 请求完成 (30/100)
2025-07-15 17:54:42,252 - app - INFO - [1e37efc7-32] 请求完成 (31/100)
2025-07-15 17:54:42,320 - app - INFO - [1e37efc7-31] 请求完成 (32/100)
2025-07-15 17:54:43,385 - app - INFO - [1e37efc7-33] 请求完成 (33/100)
2025-07-15 17:54:43,545 - app - INFO - [1e37efc7-34] 请求完成 (34/100)
2025-07-15 17:54:44,642 - app - INFO - [1e37efc7-35] 请求完成 (35/100)
2025-07-15 17:54:44,664 - app - INFO - [1e37efc7-37] 请求完成 (36/100)
2025-07-15 17:54:45,513 - app - INFO - [1e37efc7-36] 请求完成 (37/100)
2025-07-15 17:54:46,265 - app - INFO - [1e37efc7-38] 请求完成 (38/100)
2025-07-15 17:54:46,713 - app - INFO - [1e37efc7-39] 请求完成 (39/100)
2025-07-15 17:54:47,385 - app - INFO - [1e37efc7-41] 请求完成 (40/100)
2025-07-15 17:54:47,434 - app - INFO - [1e37efc7-40] 请求完成 (41/100)
2025-07-15 17:54:48,058 - app - INFO - [1e37efc7-42] 请求完成 (42/100)
2025-07-15 17:54:49,113 - app - INFO - [1e37efc7-43] 请求完成 (43/100)
2025-07-15 17:54:49,114 - app - INFO - [1e37efc7-44] 请求完成 (44/100)
2025-07-15 17:54:49,983 - app - INFO - [1e37efc7-45] 请求完成 (45/100)
2025-07-15 17:54:50,936 - app - INFO - [1e37efc7-47] 请求完成 (46/100)
2025-07-15 17:54:51,007 - app - INFO - [1e37efc7-46] 请求完成 (47/100)
2025-07-15 17:54:51,928 - app - INFO - [1e37efc7-48] 请求完成 (48/100)
2025-07-15 17:54:52,405 - app - INFO - [1e37efc7-50] 请求完成 (49/100)
2025-07-15 17:54:52,560 - app - INFO - [1e37efc7-49] 请求完成 (50/100)
2025-07-15 17:54:53,754 - app - INFO - [1e37efc7-51] 请求完成 (51/100)
2025-07-15 17:54:53,792 - app - INFO - [1e37efc7-52] 请求完成 (52/100)
2025-07-15 17:54:54,767 - app - INFO - [1e37efc7-53] 请求完成 (53/100)
2025-07-15 17:54:55,136 - app - INFO - [1e37efc7-54] 请求完成 (54/100)
2025-07-15 17:54:55,681 - app - INFO - [1e37efc7-55] 请求完成 (55/100)
2025-07-15 17:54:56,682 - app - INFO - [1e37efc7-56] 请求完成 (56/100)
2025-07-15 17:54:56,699 - app - INFO - [1e37efc7-57] 请求完成 (57/100)
2025-07-15 17:54:57,656 - app - INFO - [1e37efc7-58] 请求完成 (58/100)
2025-07-15 17:54:57,836 - app - INFO - [1e37efc7-60] 请求完成 (59/100)
2025-07-15 17:54:57,906 - app - INFO - [1e37efc7-59] 请求完成 (60/100)
2025-07-15 17:54:59,325 - app - INFO - [1e37efc7-62] 请求完成 (61/100)
2025-07-15 17:54:59,524 - app - INFO - [1e37efc7-61] 请求完成 (62/100)
2025-07-15 17:55:00,493 - app - INFO - [1e37efc7-63] 请求完成 (63/100)
2025-07-15 17:55:01,191 - app - INFO - [1e37efc7-64] 请求完成 (64/100)
2025-07-15 17:55:01,285 - app - INFO - [1e37efc7-65] 请求完成 (65/100)
2025-07-15 17:55:02,582 - app - INFO - [1e37efc7-67] 请求完成 (66/100)
2025-07-15 17:55:02,789 - app - INFO - [1e37efc7-66] 请求完成 (67/100)
2025-07-15 17:55:03,721 - app - INFO - [1e37efc7-68] 请求完成 (68/100)
2025-07-15 17:55:04,654 - app - INFO - [1e37efc7-70] 请求完成 (69/100)
2025-07-15 17:55:05,623 - app - INFO - [1e37efc7-69] 请求完成 (70/100)
2025-07-15 17:55:05,624 - app - INFO - [1e37efc7-71] 请求完成 (71/100)
2025-07-15 17:55:05,992 - app - INFO - [1e37efc7-72] 请求完成 (72/100)
2025-07-15 17:55:06,771 - app - INFO - [1e37efc7-73] 请求完成 (73/100)
2025-07-15 17:55:07,194 - app - INFO - [1e37efc7-74] 请求完成 (74/100)
2025-07-15 17:55:08,339 - app - INFO - [1e37efc7-76] 请求完成 (75/100)
2025-07-15 17:55:08,510 - app - INFO - [1e37efc7-75] 请求完成 (76/100)
2025-07-15 17:55:08,657 - app - INFO - [1e37efc7-77] 请求完成 (77/100)
2025-07-15 17:55:09,463 - app - INFO - [1e37efc7-78] 请求完成 (78/100)
2025-07-15 17:55:09,959 - app - INFO - [1e37efc7-79] 请求完成 (79/100)
2025-07-15 17:55:11,376 - app - INFO - [1e37efc7-81] 请求完成 (80/100)
2025-07-15 17:55:11,378 - app - INFO - [1e37efc7-80] 请求完成 (81/100)
2025-07-15 17:55:11,698 - app - INFO - [1e37efc7-82] 请求完成 (82/100)
2025-07-15 17:55:12,119 - app - INFO - [1e37efc7-83] 请求完成 (83/100)
2025-07-15 17:55:12,886 - app - INFO - [1e37efc7-84] 请求完成 (84/100)
2025-07-15 17:55:14,452 - app - INFO - [1e37efc7-86] 请求完成 (85/100)
2025-07-15 17:55:14,581 - app - INFO - [1e37efc7-85] 请求完成 (86/100)
2025-07-15 17:55:14,582 - app - INFO - [1e37efc7-87] 请求完成 (87/100)
2025-07-15 17:55:14,701 - app - INFO - [1e37efc7-88] 请求完成 (88/100)
2025-07-15 17:55:15,865 - app - INFO - [1e37efc7-89] 请求完成 (89/100)
2025-07-15 17:55:17,266 - app - INFO - [1e37efc7-90] 请求完成 (90/100)
2025-07-15 17:55:17,528 - app - INFO - [1e37efc7-92] 请求完成 (91/100)
2025-07-15 17:55:17,821 - app - INFO - [1e37efc7-91] 请求完成 (92/100)
2025-07-15 17:55:18,143 - app - INFO - [1e37efc7-93] 请求完成 (93/100)
2025-07-15 17:55:18,834 - app - INFO - [1e37efc7-94] 请求完成 (94/100)
2025-07-15 17:55:20,276 - app - INFO - [1e37efc7-95] 请求完成 (95/100)
2025-07-15 17:55:20,667 - app - INFO - [1e37efc7-98] 请求完成 (96/100)
2025-07-15 17:55:20,827 - app - INFO - [1e37efc7-96] 请求完成 (97/100)
2025-07-15 17:55:21,023 - app - INFO - [1e37efc7-97] 请求完成 (98/100)
2025-07-15 17:55:22,001 - app - INFO - [1e37efc7-99] 请求完成 (99/100)
2025-07-15 17:55:23,104 - app - INFO - [1e37efc7-100] 请求完成 (100/100)
2025-07-15 17:55:23,183 - app - INFO - [1e37efc7] === 批量请求处理完成 ===
2025-07-15 17:55:23,183 - app - INFO - [1e37efc7] 总耗时: 60.89秒
2025-07-15 17:55:23,183 - app - INFO - [1e37efc7] 成功: 100/100
2025-07-15 18:21:49,059 - app - INFO - [3d28c12f] === 新的批量聊天请求开始 ===
2025-07-15 18:21:49,063 - app - INFO - [3d28c12f] 批量请求参数: 次数=100, 并发=5
2025-07-15 18:21:51,827 - app - INFO - [3d28c12f-4] 请求完成 (1/100)
2025-07-15 18:21:52,008 - app - INFO - [3d28c12f-5] 请求完成 (2/100)
2025-07-15 18:21:52,177 - app - INFO - [3d28c12f-1] 请求完成 (3/100)
2025-07-15 18:21:52,720 - app - INFO - [3d28c12f-3] 请求完成 (4/100)
2025-07-15 18:21:52,805 - app - INFO - [3d28c12f-2] 请求完成 (5/100)
2025-07-15 18:21:54,308 - app - INFO - [3d28c12f-6] 请求完成 (6/100)
2025-07-15 18:21:54,574 - app - INFO - [3d28c12f-7] 请求完成 (7/100)
2025-07-15 18:21:55,202 - app - INFO - [3d28c12f-10] 请求完成 (8/100)
2025-07-15 18:21:55,545 - app - INFO - [3d28c12f-8] 请求完成 (9/100)
2025-07-15 18:21:55,582 - app - INFO - [3d28c12f-9] 请求完成 (10/100)
2025-07-15 18:21:56,685 - app - INFO - [3d28c12f-11] 请求完成 (11/100)
2025-07-15 18:21:57,179 - app - INFO - [3d28c12f-12] 请求完成 (12/100)
2025-07-15 18:21:57,901 - app - INFO - [3d28c12f-13] 请求完成 (13/100)
2025-07-15 18:21:58,044 - app - INFO - [3d28c12f-14] 请求完成 (14/100)
2025-07-15 18:21:58,376 - app - INFO - [3d28c12f-15] 请求完成 (15/100)
2025-07-15 18:21:59,553 - app - INFO - [3d28c12f-17] 请求完成 (16/100)
2025-07-15 18:22:00,293 - app - INFO - [3d28c12f-19] 请求完成 (17/100)
2025-07-15 18:22:00,366 - app - INFO - [3d28c12f-16] 请求完成 (18/100)
2025-07-15 18:22:00,704 - app - INFO - [3d28c12f-18] 请求完成 (19/100)
2025-07-15 18:22:01,515 - app - INFO - [3d28c12f-20] 请求完成 (20/100)
2025-07-15 18:22:02,580 - app - INFO - [3d28c12f-23] 请求完成 (21/100)
2025-07-15 18:22:02,760 - app - INFO - [3d28c12f-21] 请求完成 (22/100)
2025-07-15 18:22:02,796 - app - INFO - [3d28c12f-22] 请求完成 (23/100)
2025-07-15 18:22:03,130 - app - INFO - [3d28c12f-24] 请求完成 (24/100)
2025-07-15 18:22:05,005 - app - INFO - [3d28c12f-26] 请求完成 (25/100)
2025-07-15 18:22:05,149 - app - INFO - [3d28c12f-28] 请求完成 (26/100)
2025-07-15 18:22:05,191 - app - INFO - [3d28c12f-27] 请求完成 (27/100)
2025-07-15 18:22:05,382 - app - INFO - [3d28c12f-29] 请求完成 (28/100)
2025-07-15 18:22:06,605 - app - INFO - [3d28c12f-25] 请求完成 (29/100)
2025-07-15 18:22:07,231 - app - INFO - [3d28c12f-30] 请求完成 (30/100)
2025-07-15 18:22:07,626 - app - INFO - [3d28c12f-33] 请求完成 (31/100)
2025-07-15 18:22:07,803 - app - INFO - [3d28c12f-32] 请求完成 (32/100)
2025-07-15 18:22:08,837 - app - INFO - [3d28c12f-34] 请求完成 (33/100)
2025-07-15 18:22:09,218 - app - INFO - [3d28c12f-31] 请求完成 (34/100)
2025-07-15 18:22:09,844 - app - INFO - [3d28c12f-35] 请求完成 (35/100)
2025-07-15 18:22:10,261 - app - INFO - [3d28c12f-37] 请求完成 (36/100)
2025-07-15 18:22:10,550 - app - INFO - [3d28c12f-36] 请求完成 (37/100)
2025-07-15 18:22:11,941 - app - INFO - [3d28c12f-39] 请求完成 (38/100)
2025-07-15 18:22:12,358 - app - INFO - [3d28c12f-40] 请求完成 (39/100)
2025-07-15 18:22:12,557 - app - INFO - [3d28c12f-41] 请求完成 (40/100)
2025-07-15 18:22:13,141 - app - INFO - [3d28c12f-38] 请求完成 (41/100)
2025-07-15 18:22:13,154 - app - INFO - [3d28c12f-42] 请求完成 (42/100)
2025-07-15 18:22:14,183 - app - INFO - [3d28c12f-43] 请求完成 (43/100)
2025-07-15 18:22:14,841 - app - INFO - [3d28c12f-44] 请求完成 (44/100)
2025-07-15 18:22:15,115 - app - INFO - [3d28c12f-45] 请求完成 (45/100)
2025-07-15 18:22:15,553 - app - INFO - [3d28c12f-47] 请求完成 (46/100)
2025-07-15 18:22:15,578 - app - INFO - [3d28c12f-46] 请求完成 (47/100)
2025-07-15 18:22:17,186 - app - INFO - [3d28c12f-49] 请求完成 (48/100)
2025-07-15 18:22:17,500 - app - INFO - [3d28c12f-48] 请求完成 (49/100)
2025-07-15 18:22:17,542 - app - INFO - [3d28c12f-50] 请求完成 (50/100)
2025-07-15 18:22:17,925 - app - INFO - [3d28c12f-52] 请求完成 (51/100)
2025-07-15 18:22:18,023 - app - INFO - [3d28c12f-51] 请求完成 (52/100)
2025-07-15 18:22:19,504 - app - INFO - [3d28c12f-53] 请求完成 (53/100)
2025-07-15 18:22:19,910 - app - INFO - [3d28c12f-54] 请求完成 (54/100)
2025-07-15 18:22:20,099 - app - INFO - [3d28c12f-56] 请求完成 (55/100)
2025-07-15 18:22:20,185 - app - INFO - [3d28c12f-57] 请求完成 (56/100)
2025-07-15 18:22:20,337 - app - INFO - [3d28c12f-55] 请求完成 (57/100)
2025-07-15 18:22:22,364 - app - INFO - [3d28c12f-59] 请求完成 (58/100)
2025-07-15 18:22:22,453 - app - INFO - [3d28c12f-58] 请求完成 (59/100)
2025-07-15 18:22:22,783 - app - INFO - [3d28c12f-61] 请求完成 (60/100)
2025-07-15 18:22:23,048 - app - INFO - [3d28c12f-60] 请求完成 (61/100)
2025-07-15 18:22:23,674 - app - INFO - [3d28c12f-62] 请求完成 (62/100)
2025-07-15 18:22:24,849 - app - INFO - [3d28c12f-63] 请求完成 (63/100)
2025-07-15 18:22:25,299 - app - INFO - [3d28c12f-64] 请求完成 (64/100)
2025-07-15 18:22:25,360 - app - INFO - [3d28c12f-65] 请求完成 (65/100)
2025-07-15 18:22:26,183 - app - INFO - [3d28c12f-67] 请求完成 (66/100)
2025-07-15 18:22:26,428 - app - INFO - [3d28c12f-66] 请求完成 (67/100)
2025-07-15 18:22:27,560 - app - INFO - [3d28c12f-70] 请求完成 (68/100)
2025-07-15 18:22:27,852 - app - INFO - [3d28c12f-68] 请求完成 (69/100)
2025-07-15 18:22:27,869 - app - INFO - [3d28c12f-69] 请求完成 (70/100)
2025-07-15 18:22:28,782 - app - INFO - [3d28c12f-72] 请求完成 (71/100)
2025-07-15 18:22:28,852 - app - INFO - [3d28c12f-71] 请求完成 (72/100)
2025-07-15 18:22:30,120 - app - INFO - [3d28c12f-73] 请求完成 (73/100)
2025-07-15 18:22:30,230 - app - INFO - [3d28c12f-75] 请求完成 (74/100)
2025-07-15 18:22:30,512 - app - INFO - [3d28c12f-74] 请求完成 (75/100)
2025-07-15 18:22:31,089 - app - INFO - [3d28c12f-77] 请求完成 (76/100)
2025-07-15 18:22:32,560 - app - INFO - [3d28c12f-76] 请求完成 (77/100)
2025-07-15 18:22:32,652 - app - INFO - [3d28c12f-79] 请求完成 (78/100)
2025-07-15 18:22:32,709 - app - INFO - [3d28c12f-78] 请求完成 (79/100)
2025-07-15 18:22:32,890 - app - INFO - [3d28c12f-80] 请求完成 (80/100)
2025-07-15 18:22:33,560 - app - INFO - [3d28c12f-81] 请求完成 (81/100)
2025-07-15 18:22:35,066 - app - INFO - [3d28c12f-82] 请求完成 (82/100)
2025-07-15 18:22:35,254 - app - INFO - [3d28c12f-84] 请求完成 (83/100)
2025-07-15 18:22:35,313 - app - INFO - [3d28c12f-83] 请求完成 (84/100)
2025-07-15 18:22:35,980 - app - INFO - [3d28c12f-85] 请求完成 (85/100)
2025-07-15 18:22:37,241 - app - INFO - [3d28c12f-86] 请求完成 (86/100)
2025-07-15 18:22:37,607 - app - INFO - [3d28c12f-89] 请求完成 (87/100)
2025-07-15 18:22:37,832 - app - INFO - [3d28c12f-88] 请求完成 (88/100)
2025-07-15 18:22:37,870 - app - INFO - [3d28c12f-87] 请求完成 (89/100)
2025-07-15 18:22:38,589 - app - INFO - [3d28c12f-90] 请求完成 (90/100)
2025-07-15 18:22:39,723 - app - INFO - [3d28c12f-91] 请求完成 (91/100)
2025-07-15 18:22:40,168 - app - INFO - [3d28c12f-93] 请求完成 (92/100)
2025-07-15 18:22:40,293 - app - INFO - [3d28c12f-92] 请求完成 (93/100)
2025-07-15 18:22:40,573 - app - INFO - [3d28c12f-94] 请求完成 (94/100)
2025-07-15 18:22:42,009 - app - INFO - [3d28c12f-95] 请求完成 (95/100)
2025-07-15 18:22:42,096 - app - INFO - [3d28c12f-96] 请求完成 (96/100)
2025-07-15 18:22:42,805 - app - INFO - [3d28c12f-97] 请求完成 (97/100)
2025-07-15 18:22:43,099 - app - INFO - [3d28c12f-98] 请求完成 (98/100)
2025-07-15 18:22:43,184 - app - INFO - [3d28c12f-99] 请求完成 (99/100)
2025-07-15 18:22:44,885 - app - INFO - [3d28c12f-100] 请求完成 (100/100)
2025-07-15 18:22:44,985 - app - INFO - [3d28c12f] === 批量请求处理完成 ===
2025-07-15 18:22:44,985 - app - INFO - [3d28c12f] 总耗时: 55.83秒
2025-07-15 18:22:44,985 - app - INFO - [3d28c12f] 成功: 100/100
2025-07-15 18:24:28,976 - app - INFO - [c154719c] === 新的聊天请求开始 ===
2025-07-15 18:24:28,978 - app - INFO - [c154719c] 请求数据字段: ['api_key', 'base_url', 'model_endpoint', 'model_id', 'system_content', 'user_content', 'logit_bias']
2025-07-15 18:24:28,979 - app - INFO - [c154719c] 收到logit_bias参数: {'135': -100, '136': -100, '854': -100, '861': -100}
2025-07-15 18:24:28,979 - app - INFO - [c154719c] 使用用户提供的base_url: https://ark.ap-southeast.bytepluses.com/api/v3
2025-07-15 18:24:28,979 - app - INFO - [c154719c] 使用模型参数: skylark-pro-sc-250615
2025-07-15 18:24:28,980 - app - INFO - [c154719c] API密钥: 6f7f1187-f042-41fb-8d0b-6f75f5ae39fd (长度: 36)
2025-07-15 18:24:28,980 - app - INFO - [c154719c] 用户输入长度: 15 字符
2025-07-15 18:24:28,980 - app - INFO - [c154719c] 系统消息长度: 1462 字符
2025-07-15 18:24:29,051 - app - INFO - [c154719c] ModelArk服务初始化成功
2025-07-15 18:24:29,051 - app - INFO - [c154719c] 开始调用API...
2025-07-15 18:24:32,126 - app - INFO - [c154719c] === 请求处理成功 ===
2025-07-15 18:24:32,126 - app - INFO - [c154719c] 总耗时: 3.15秒
2025-07-15 18:24:32,126 - app - INFO - [c154719c] API耗时: 3.07秒
2025-07-15 18:24:36,104 - app - INFO - [19d63a67] === 新的批量聊天请求开始 ===
2025-07-15 18:24:36,106 - app - INFO - [19d63a67] 批量请求参数: 次数=100, 并发=5
2025-07-15 18:24:38,633 - app - INFO - [19d63a67-2] 请求完成 (1/100)
2025-07-15 18:24:38,749 - app - INFO - [19d63a67-3] 请求完成 (2/100)
2025-07-15 18:24:38,750 - app - INFO - [19d63a67-1] 请求完成 (3/100)
2025-07-15 18:24:39,053 - app - INFO - [19d63a67-4] 请求完成 (4/100)
2025-07-15 18:24:39,578 - app - INFO - [19d63a67-5] 请求完成 (5/100)
2025-07-15 18:24:41,134 - app - INFO - [19d63a67-7] 请求完成 (6/100)
2025-07-15 18:24:41,829 - app - INFO - [19d63a67-9] 请求完成 (7/100)
2025-07-15 18:24:41,976 - app - INFO - [19d63a67-8] 请求完成 (8/100)
2025-07-15 18:24:42,911 - app - INFO - [19d63a67-10] 请求完成 (9/100)
2025-07-15 18:24:44,089 - app - INFO - [19d63a67-12] 请求完成 (10/100)
2025-07-15 18:24:44,482 - app - INFO - [19d63a67-13] 请求完成 (11/100)
2025-07-15 18:24:45,550 - app - INFO - [19d63a67-14] 请求完成 (12/100)
2025-07-15 18:24:45,834 - app - INFO - [19d63a67-11] 请求完成 (13/100)
2025-07-15 18:24:46,255 - app - INFO - [19d63a67-15] 请求完成 (14/100)
2025-07-15 18:24:46,336 - app - INFO - [19d63a67-6] 请求完成 (15/100)
2025-07-15 18:24:47,081 - app - INFO - [19d63a67-16] 请求完成 (16/100)
2025-07-15 18:24:48,540 - app - INFO - [19d63a67-17] 请求完成 (17/100)
2025-07-15 18:24:48,862 - app - INFO - [19d63a67-20] 请求完成 (18/100)
2025-07-15 18:24:49,457 - app - INFO - [19d63a67-19] 请求完成 (19/100)
2025-07-15 18:24:49,502 - app - INFO - [19d63a67-21] 请求完成 (20/100)
2025-07-15 18:24:51,140 - app - INFO - [19d63a67-23] 请求完成 (21/100)
2025-07-15 18:24:51,595 - app - INFO - [19d63a67-25] 请求完成 (22/100)
2025-07-15 18:24:51,846 - app - INFO - [19d63a67-22] 请求完成 (23/100)
2025-07-15 18:24:51,898 - app - INFO - [19d63a67-24] 请求完成 (24/100)
2025-07-15 18:24:53,635 - app - INFO - [19d63a67-27] 请求完成 (25/100)
2025-07-15 18:24:54,587 - app - INFO - [19d63a67-28] 请求完成 (26/100)
2025-07-15 18:24:55,054 - app - INFO - [19d63a67-29] 请求完成 (27/100)
2025-07-15 18:24:56,064 - app - INFO - [19d63a67-30] 请求完成 (28/100)
2025-07-15 18:24:56,840 - app - INFO - [19d63a67-31] 请求完成 (29/100)
2025-07-15 18:24:57,143 - app - INFO - [19d63a67-32] 请求完成 (30/100)
2025-07-15 18:24:58,003 - app - INFO - [19d63a67-18] 请求完成 (31/100)
2025-07-15 18:24:58,496 - app - INFO - [19d63a67-33] 请求完成 (32/100)
2025-07-15 18:24:58,652 - app - INFO - [19d63a67-26] 请求完成 (33/100)
2025-07-15 18:24:59,199 - app - INFO - [19d63a67-35] 请求完成 (34/100)
2025-07-15 18:24:59,441 - app - INFO - [19d63a67-34] 请求完成 (35/100)
2025-07-15 18:25:00,247 - app - INFO - [19d63a67-36] 请求完成 (36/100)
2025-07-15 18:25:00,574 - app - INFO - [19d63a67-37] 请求完成 (37/100)
2025-07-15 18:25:01,257 - app - INFO - [19d63a67-39] 请求完成 (38/100)
2025-07-15 18:25:01,422 - app - INFO - [19d63a67-38] 请求完成 (39/100)
2025-07-15 18:25:01,456 - app - INFO - [19d63a67-40] 请求完成 (40/100)
2025-07-15 18:25:02,908 - app - INFO - [19d63a67-41] 请求完成 (41/100)
2025-07-15 18:25:03,746 - app - INFO - [19d63a67-45] 请求完成 (42/100)
2025-07-15 18:25:03,960 - app - INFO - [19d63a67-44] 请求完成 (43/100)
2025-07-15 18:25:04,582 - app - INFO - [19d63a67-43] 请求完成 (44/100)
2025-07-15 18:25:05,787 - app - INFO - [19d63a67-46] 请求完成 (45/100)
2025-07-15 18:25:06,264 - app - INFO - [19d63a67-47] 请求完成 (46/100)
2025-07-15 18:25:07,041 - app - INFO - [19d63a67-48] 请求完成 (47/100)
2025-07-15 18:25:08,143 - app - INFO - [19d63a67-50] 请求完成 (48/100)
2025-07-15 18:25:08,861 - app - INFO - [19d63a67-51] 请求完成 (49/100)
2025-07-15 18:25:08,998 - app - INFO - [19d63a67-49] 请求完成 (50/100)
2025-07-15 18:25:09,645 - app - INFO - [19d63a67-52] 请求完成 (51/100)
2025-07-15 18:25:10,232 - app - INFO - [19d63a67-53] 请求完成 (52/100)
2025-07-15 18:25:10,993 - app - INFO - [19d63a67-54] 请求完成 (53/100)
2025-07-15 18:25:11,280 - app - INFO - [19d63a67-55] 请求完成 (54/100)
2025-07-15 18:25:11,876 - app - INFO - [19d63a67-56] 请求完成 (55/100)
2025-07-15 18:25:13,210 - app - INFO - [19d63a67-57] 请求完成 (56/100)
2025-07-15 18:25:13,401 - app - INFO - [19d63a67-58] 请求完成 (57/100)
2025-07-15 18:25:13,914 - app - INFO - [19d63a67-59] 请求完成 (58/100)
2025-07-15 18:25:15,398 - app - INFO - [19d63a67-60] 请求完成 (59/100)
2025-07-15 18:25:16,067 - app - INFO - [19d63a67-61] 请求完成 (60/100)
2025-07-15 18:25:16,348 - app - INFO - [19d63a67-62] 请求完成 (61/100)
2025-07-15 18:25:16,681 - app - INFO - [19d63a67-63] 请求完成 (62/100)
2025-07-15 18:25:17,733 - app - INFO - [19d63a67-42] 请求完成 (63/100)
2025-07-15 18:25:18,373 - app - INFO - [19d63a67-64] 请求完成 (64/100)
2025-07-15 18:25:18,507 - app - INFO - [19d63a67-65] 请求完成 (65/100)
2025-07-15 18:25:18,591 - app - INFO - [19d63a67-66] 请求完成 (66/100)
2025-07-15 18:25:19,249 - app - INFO - [19d63a67-67] 请求完成 (67/100)
2025-07-15 18:25:19,660 - app - INFO - [19d63a67-68] 请求完成 (68/100)
2025-07-15 18:25:20,794 - app - INFO - [19d63a67-71] 请求完成 (69/100)
2025-07-15 18:25:20,961 - app - INFO - [19d63a67-69] 请求完成 (70/100)
2025-07-15 18:25:21,548 - app - INFO - [19d63a67-72] 请求完成 (71/100)
2025-07-15 18:25:21,631 - app - INFO - [19d63a67-70] 请求完成 (72/100)
2025-07-15 18:25:22,728 - app - INFO - [19d63a67-74] 请求完成 (73/100)
2025-07-15 18:25:22,787 - app - INFO - [19d63a67-73] 请求完成 (74/100)
2025-07-15 18:25:23,156 - app - INFO - [19d63a67-75] 请求完成 (75/100)
2025-07-15 18:25:24,198 - app - INFO - [19d63a67-76] 请求完成 (76/100)
2025-07-15 18:25:24,505 - app - INFO - [19d63a67-77] 请求完成 (77/100)
2025-07-15 18:25:25,395 - app - INFO - [19d63a67-79] 请求完成 (78/100)
2025-07-15 18:25:25,447 - app - INFO - [19d63a67-80] 请求完成 (79/100)
2025-07-15 18:25:26,962 - app - INFO - [19d63a67-81] 请求完成 (80/100)
2025-07-15 18:25:28,102 - app - INFO - [19d63a67-84] 请求完成 (81/100)
2025-07-15 18:25:28,424 - app - INFO - [19d63a67-83] 请求完成 (82/100)
2025-07-15 18:25:29,272 - app - INFO - [19d63a67-78] 请求完成 (83/100)
2025-07-15 18:25:29,384 - app - INFO - [19d63a67-85] 请求完成 (84/100)
2025-07-15 18:25:29,461 - app - INFO - [19d63a67-82] 请求完成 (85/100)
2025-07-15 18:25:30,876 - app - INFO - [19d63a67-86] 请求完成 (86/100)
2025-07-15 18:25:30,932 - app - INFO - [19d63a67-87] 请求完成 (87/100)
2025-07-15 18:25:31,832 - app - INFO - [19d63a67-90] 请求完成 (88/100)
2025-07-15 18:25:32,007 - app - INFO - [19d63a67-88] 请求完成 (89/100)
2025-07-15 18:25:32,918 - app - INFO - [19d63a67-91] 请求完成 (90/100)
2025-07-15 18:25:34,066 - app - INFO - [19d63a67-92] 请求完成 (91/100)
2025-07-15 18:25:34,446 - app - INFO - [19d63a67-94] 请求完成 (92/100)
2025-07-15 18:25:34,488 - app - INFO - [19d63a67-93] 请求完成 (93/100)
2025-07-15 18:25:34,744 - app - INFO - [19d63a67-89] 请求完成 (94/100)
2025-07-15 18:25:35,091 - app - INFO - [19d63a67-95] 请求完成 (95/100)
2025-07-15 18:25:37,080 - app - INFO - [19d63a67-97] 请求完成 (96/100)
2025-07-15 18:25:37,152 - app - INFO - [19d63a67-96] 请求完成 (97/100)
2025-07-15 18:25:37,181 - app - INFO - [19d63a67-98] 请求完成 (98/100)
2025-07-15 18:25:37,499 - app - INFO - [19d63a67-100] 请求完成 (99/100)
2025-07-15 18:25:37,674 - app - INFO - [19d63a67-99] 请求完成 (100/100)
2025-07-15 18:25:37,717 - app - INFO - [19d63a67] === 批量请求处理完成 ===
2025-07-15 18:25:37,717 - app - INFO - [19d63a67] 总耗时: 61.57秒
2025-07-15 18:25:37,717 - app - INFO - [19d63a67] 成功: 100/100
2025-07-15 18:27:16,194 - app - INFO - [e14bc664] === 新的批量聊天请求开始 ===
2025-07-15 18:27:16,197 - app - INFO - [e14bc664] 批量请求参数: 次数=100, 并发=5
2025-07-15 18:27:18,701 - app - INFO - [e14bc664-1] 请求完成 (1/100)
2025-07-15 18:27:19,135 - app - INFO - [e14bc664-3] 请求完成 (2/100)
2025-07-15 18:27:19,243 - app - INFO - [e14bc664-4] 请求完成 (3/100)
2025-07-15 18:27:19,339 - app - INFO - [e14bc664-5] 请求完成 (4/100)
2025-07-15 18:27:19,463 - app - INFO - [e14bc664-2] 请求完成 (5/100)
2025-07-15 18:27:21,448 - app - INFO - [e14bc664-8] 请求完成 (6/100)
2025-07-15 18:27:21,481 - app - INFO - [e14bc664-7] 请求完成 (7/100)
2025-07-15 18:27:21,623 - app - INFO - [e14bc664-6] 请求完成 (8/100)
2025-07-15 18:27:21,772 - app - INFO - [e14bc664-10] 请求完成 (9/100)
2025-07-15 18:27:22,066 - app - INFO - [e14bc664-9] 请求完成 (10/100)
2025-07-15 18:27:23,660 - app - INFO - [e14bc664-11] 请求完成 (11/100)
2025-07-15 18:27:24,132 - app - INFO - [e14bc664-12] 请求完成 (12/100)
2025-07-15 18:27:24,241 - app - INFO - [e14bc664-14] 请求完成 (13/100)
2025-07-15 18:27:24,552 - app - INFO - [e14bc664-13] 请求完成 (14/100)
2025-07-15 18:27:24,816 - app - INFO - [e14bc664-15] 请求完成 (15/100)
2025-07-15 18:27:26,379 - app - INFO - [e14bc664-16] 请求完成 (16/100)
2025-07-15 18:27:26,709 - app - INFO - [e14bc664-17] 请求完成 (17/100)
2025-07-15 18:27:26,824 - app - INFO - [e14bc664-18] 请求完成 (18/100)
2025-07-15 18:27:26,979 - app - INFO - [e14bc664-20] 请求完成 (19/100)
2025-07-15 18:27:27,124 - app - INFO - [e14bc664-19] 请求完成 (20/100)
2025-07-15 18:27:28,611 - app - INFO - [e14bc664-21] 请求完成 (21/100)
2025-07-15 18:27:29,269 - app - INFO - [e14bc664-24] 请求完成 (22/100)
2025-07-15 18:27:29,407 - app - INFO - [e14bc664-25] 请求完成 (23/100)
2025-07-15 18:27:29,539 - app - INFO - [e14bc664-22] 请求完成 (24/100)
2025-07-15 18:27:29,686 - app - INFO - [e14bc664-23] 请求完成 (25/100)
2025-07-15 18:27:31,284 - app - INFO - [e14bc664-26] 请求完成 (26/100)
2025-07-15 18:27:31,478 - app - INFO - [e14bc664-27] 请求完成 (27/100)
2025-07-15 18:27:31,740 - app - INFO - [e14bc664-28] 请求完成 (28/100)
2025-07-15 18:27:31,766 - app - INFO - [e14bc664-30] 请求完成 (29/100)
2025-07-15 18:27:32,072 - app - INFO - [e14bc664-29] 请求完成 (30/100)
2025-07-15 18:27:33,339 - app - INFO - [e14bc664-31] 请求完成 (31/100)
2025-07-15 18:27:33,507 - app - INFO - [e14bc664-32] 请求完成 (32/100)
2025-07-15 18:27:34,183 - app - INFO - [e14bc664-34] 请求完成 (33/100)
2025-07-15 18:27:34,214 - app - INFO - [e14bc664-33] 请求完成 (34/100)
2025-07-15 18:27:34,458 - app - INFO - [e14bc664-35] 请求完成 (35/100)
2025-07-15 18:27:35,475 - app - INFO - [e14bc664-36] 请求完成 (36/100)
2025-07-15 18:27:35,915 - app - INFO - [e14bc664-37] 请求完成 (37/100)
2025-07-15 18:27:36,366 - app - INFO - [e14bc664-40] 请求完成 (38/100)
2025-07-15 18:27:36,821 - app - INFO - [e14bc664-39] 请求完成 (39/100)
2025-07-15 18:27:37,160 - app - INFO - [e14bc664-38] 请求完成 (40/100)
2025-07-15 18:27:37,523 - app - INFO - [e14bc664-41] 请求完成 (41/100)
2025-07-15 18:27:38,622 - app - INFO - [e14bc664-42] 请求完成 (42/100)
2025-07-15 18:27:38,749 - app - INFO - [e14bc664-43] 请求完成 (43/100)
2025-07-15 18:27:39,137 - app - INFO - [e14bc664-44] 请求完成 (44/100)
2025-07-15 18:27:39,652 - app - INFO - [e14bc664-46] 请求完成 (45/100)
2025-07-15 18:27:39,834 - app - INFO - [e14bc664-45] 请求完成 (46/100)
2025-07-15 18:27:40,982 - app - INFO - [e14bc664-47] 请求完成 (47/100)
2025-07-15 18:27:41,369 - app - INFO - [e14bc664-48] 请求完成 (48/100)
2025-07-15 18:27:41,758 - app - INFO - [e14bc664-50] 请求完成 (49/100)
2025-07-15 18:27:43,254 - app - INFO - [e14bc664-52] 请求完成 (50/100)
2025-07-15 18:27:43,456 - app - INFO - [e14bc664-49] 请求完成 (51/100)
2025-07-15 18:27:43,502 - app - INFO - [e14bc664-51] 请求完成 (52/100)
2025-07-15 18:27:43,895 - app - INFO - [e14bc664-53] 请求完成 (53/100)
2025-07-15 18:27:44,414 - app - INFO - [e14bc664-54] 请求完成 (54/100)
2025-07-15 18:27:45,600 - app - INFO - [e14bc664-56] 请求完成 (55/100)
2025-07-15 18:27:46,115 - app - INFO - [e14bc664-57] 请求完成 (56/100)
2025-07-15 18:27:46,509 - app - INFO - [e14bc664-55] 请求完成 (57/100)
2025-07-15 18:27:46,634 - app - INFO - [e14bc664-58] 请求完成 (58/100)
2025-07-15 18:27:47,541 - app - INFO - [e14bc664-59] 请求完成 (59/100)
2025-07-15 18:27:48,547 - app - INFO - [e14bc664-60] 请求完成 (60/100)
2025-07-15 18:27:49,067 - app - INFO - [e14bc664-61] 请求完成 (61/100)
2025-07-15 18:27:49,206 - app - INFO - [e14bc664-62] 请求完成 (62/100)
2025-07-15 18:27:49,207 - app - INFO - [e14bc664-63] 请求完成 (63/100)
2025-07-15 18:27:49,857 - app - INFO - [e14bc664-64] 请求完成 (64/100)
2025-07-15 18:27:51,167 - app - INFO - [e14bc664-66] 请求完成 (65/100)
2025-07-15 18:27:51,167 - app - INFO - [e14bc664-65] 请求完成 (66/100)
2025-07-15 18:27:52,364 - app - INFO - [e14bc664-67] 请求完成 (67/100)
2025-07-15 18:27:52,368 - app - INFO - [e14bc664-68] 请求完成 (68/100)
2025-07-15 18:27:52,658 - app - INFO - [e14bc664-69] 请求完成 (69/100)
2025-07-15 18:27:53,468 - app - INFO - [e14bc664-71] 请求完成 (70/100)
2025-07-15 18:27:53,717 - app - INFO - [e14bc664-70] 请求完成 (71/100)
2025-07-15 18:27:54,637 - app - INFO - [e14bc664-72] 请求完成 (72/100)
2025-07-15 18:27:54,730 - app - INFO - [e14bc664-73] 请求完成 (73/100)
2025-07-15 18:27:55,253 - app - INFO - [e14bc664-74] 请求完成 (74/100)
2025-07-15 18:27:56,464 - app - INFO - [e14bc664-75] 请求完成 (75/100)
2025-07-15 18:27:56,465 - app - INFO - [e14bc664-76] 请求完成 (76/100)
2025-07-15 18:27:56,903 - app - INFO - [e14bc664-77] 请求完成 (77/100)
2025-07-15 18:27:58,041 - app - INFO - [e14bc664-79] 请求完成 (78/100)
2025-07-15 18:27:58,355 - app - INFO - [e14bc664-81] 请求完成 (79/100)
2025-07-15 18:27:58,905 - app - INFO - [e14bc664-80] 请求完成 (80/100)
2025-07-15 18:27:59,443 - app - INFO - [e14bc664-82] 请求完成 (81/100)
2025-07-15 18:27:59,475 - app - INFO - [e14bc664-78] 请求完成 (82/100)
2025-07-15 18:28:00,393 - app - INFO - [e14bc664-83] 请求完成 (83/100)
2025-07-15 18:28:00,748 - app - INFO - [e14bc664-84] 请求完成 (84/100)
2025-07-15 18:28:01,178 - app - INFO - [e14bc664-85] 请求完成 (85/100)
2025-07-15 18:28:01,894 - app - INFO - [e14bc664-87] 请求完成 (86/100)
2025-07-15 18:28:02,381 - app - INFO - [e14bc664-88] 请求完成 (87/100)
2025-07-15 18:28:02,474 - app - INFO - [e14bc664-86] 请求完成 (88/100)
2025-07-15 18:28:03,384 - app - INFO - [e14bc664-89] 请求完成 (89/100)
2025-07-15 18:28:03,557 - app - INFO - [e14bc664-90] 请求完成 (90/100)
2025-07-15 18:28:04,142 - app - INFO - [e14bc664-91] 请求完成 (91/100)
2025-07-15 18:28:04,801 - app - INFO - [e14bc664-92] 请求完成 (92/100)
2025-07-15 18:28:05,238 - app - INFO - [e14bc664-93] 请求完成 (93/100)
2025-07-15 18:28:05,239 - app - INFO - [e14bc664-94] 请求完成 (94/100)
2025-07-15 18:28:05,999 - app - INFO - [e14bc664-95] 请求完成 (95/100)
2025-07-15 18:28:06,429 - app - INFO - [e14bc664-96] 请求完成 (96/100)
2025-07-15 18:28:07,370 - app - INFO - [e14bc664-97] 请求完成 (97/100)
2025-07-15 18:28:07,454 - app - INFO - [e14bc664-99] 请求完成 (98/100)
2025-07-15 18:28:07,683 - app - INFO - [e14bc664-98] 请求完成 (99/100)
2025-07-15 18:28:07,933 - app - INFO - [e14bc664-100] 请求完成 (100/100)
2025-07-15 18:28:08,005 - app - INFO - [e14bc664] === 批量请求处理完成 ===
2025-07-15 18:28:08,005 - app - INFO - [e14bc664] 总耗时: 51.74秒
2025-07-15 18:28:08,005 - app - INFO - [e14bc664] 成功: 100/100
2025-07-15 18:35:15,048 - app - INFO - [9249c7a2] === 新的批量聊天请求开始 ===
2025-07-15 18:35:15,051 - app - INFO - [9249c7a2] 批量请求参数: 次数=100, 并发=5
2025-07-15 18:35:17,797 - app - INFO - [9249c7a2-4] 请求完成 (1/100)
2025-07-15 18:35:17,861 - app - INFO - [9249c7a2-2] 请求完成 (2/100)
2025-07-15 18:35:17,930 - app - INFO - [9249c7a2-3] 请求完成 (3/100)
2025-07-15 18:35:18,394 - app - INFO - [9249c7a2-5] 请求完成 (4/100)
2025-07-15 18:35:18,426 - app - INFO - [9249c7a2-1] 请求完成 (5/100)
2025-07-15 18:35:20,766 - app - INFO - [9249c7a2-7] 请求完成 (6/100)
2025-07-15 18:35:20,917 - app - INFO - [9249c7a2-6] 请求完成 (7/100)
2025-07-15 18:35:21,325 - app - INFO - [9249c7a2-8] 请求完成 (8/100)
2025-07-15 18:35:21,798 - app - INFO - [9249c7a2-9] 请求完成 (9/100)
2025-07-15 18:35:21,871 - app - INFO - [9249c7a2-10] 请求完成 (10/100)
2025-07-15 18:35:23,269 - app - INFO - [9249c7a2-11] 请求完成 (11/100)
2025-07-15 18:35:24,130 - app - INFO - [9249c7a2-12] 请求完成 (12/100)
2025-07-15 18:35:25,584 - app - INFO - [9249c7a2-15] 请求完成 (13/100)
2025-07-15 18:35:26,527 - app - INFO - [9249c7a2-16] 请求完成 (14/100)
2025-07-15 18:35:28,483 - app - INFO - [9249c7a2-18] 请求完成 (15/100)
2025-07-15 18:35:28,729 - app - INFO - [9249c7a2-17] 请求完成 (16/100)
2025-07-15 18:35:29,146 - app - INFO - [9249c7a2-13] 请求完成 (17/100)
2025-07-15 18:35:29,250 - app - INFO - [9249c7a2-19] 请求完成 (18/100)
2025-07-15 18:35:29,737 - app - INFO - [9249c7a2-14] 请求完成 (19/100)
2025-07-15 18:35:31,473 - app - INFO - [9249c7a2-20] 请求完成 (20/100)
2025-07-15 18:35:31,528 - app - INFO - [9249c7a2-21] 请求完成 (21/100)
2025-07-15 18:35:31,931 - app - INFO - [9249c7a2-22] 请求完成 (22/100)
2025-07-15 18:35:32,025 - app - INFO - [9249c7a2-23] 请求完成 (23/100)
2025-07-15 18:35:32,542 - app - INFO - [9249c7a2-24] 请求完成 (24/100)
2025-07-15 18:35:33,942 - app - INFO - [9249c7a2-26] 请求完成 (25/100)
2025-07-15 18:35:34,000 - app - INFO - [9249c7a2-25] 请求完成 (26/100)
2025-07-15 18:35:34,472 - app - INFO - [9249c7a2-27] 请求完成 (27/100)
2025-07-15 18:35:34,613 - app - INFO - [9249c7a2-28] 请求完成 (28/100)
2025-07-15 18:35:35,131 - app - INFO - [9249c7a2-29] 请求完成 (29/100)
2025-07-15 18:35:36,405 - app - INFO - [9249c7a2-31] 请求完成 (30/100)
2025-07-15 18:35:36,789 - app - INFO - [9249c7a2-30] 请求完成 (31/100)
2025-07-15 18:35:36,861 - app - INFO - [9249c7a2-32] 请求完成 (32/100)
2025-07-15 18:35:37,811 - app - INFO - [9249c7a2-33] 请求完成 (33/100)
2025-07-15 18:35:38,154 - app - INFO - [9249c7a2-34] 请求完成 (34/100)
2025-07-15 18:35:39,043 - app - INFO - [9249c7a2-35] 请求完成 (35/100)
2025-07-15 18:35:39,509 - app - INFO - [9249c7a2-36] 请求完成 (36/100)
2025-07-15 18:35:40,200 - app - INFO - [9249c7a2-38] 请求完成 (37/100)
2025-07-15 18:35:40,534 - app - INFO - [9249c7a2-37] 请求完成 (38/100)
2025-07-15 18:35:41,065 - app - INFO - [9249c7a2-39] 请求完成 (39/100)
2025-07-15 18:35:42,149 - app - INFO - [9249c7a2-41] 请求完成 (40/100)
2025-07-15 18:35:42,431 - app - INFO - [9249c7a2-40] 请求完成 (41/100)
2025-07-15 18:35:42,955 - app - INFO - [9249c7a2-42] 请求完成 (42/100)
2025-07-15 18:35:42,962 - app - INFO - [9249c7a2-43] 请求完成 (43/100)
2025-07-15 18:35:43,877 - app - INFO - [9249c7a2-44] 请求完成 (44/100)
2025-07-15 18:35:44,545 - app - INFO - [9249c7a2-45] 请求完成 (45/100)
2025-07-15 18:35:45,576 - app - INFO - [9249c7a2-47] 请求完成 (46/100)
2025-07-15 18:35:45,625 - app - INFO - [9249c7a2-48] 请求完成 (47/100)
2025-07-15 18:35:45,799 - app - INFO - [9249c7a2-46] 请求完成 (48/100)
2025-07-15 18:35:46,382 - app - INFO - [9249c7a2-49] 请求完成 (49/100)
2025-07-15 18:35:47,221 - app - INFO - [9249c7a2-50] 请求完成 (50/100)
2025-07-15 18:35:47,432 - app - INFO - [9249c7a2-51] 请求完成 (51/100)
2025-07-15 18:35:48,365 - app - INFO - [9249c7a2-52] 请求完成 (52/100)
2025-07-15 18:35:48,746 - app - INFO - [9249c7a2-53] 请求完成 (53/100)
2025-07-15 18:35:49,023 - app - INFO - [9249c7a2-54] 请求完成 (54/100)
2025-07-15 18:35:50,098 - app - INFO - [9249c7a2-55] 请求完成 (55/100)
2025-07-15 18:35:50,338 - app - INFO - [9249c7a2-56] 请求完成 (56/100)
2025-07-15 18:35:51,158 - app - INFO - [9249c7a2-57] 请求完成 (57/100)
2025-07-15 18:35:51,828 - app - INFO - [9249c7a2-59] 请求完成 (58/100)
2025-07-15 18:35:52,490 - app - INFO - [9249c7a2-60] 请求完成 (59/100)
2025-07-15 18:35:52,503 - app - INFO - [9249c7a2-58] 请求完成 (60/100)
2025-07-15 18:35:52,682 - app - INFO - [9249c7a2-61] 请求完成 (61/100)
2025-07-15 18:35:53,917 - app - INFO - [9249c7a2-62] 请求完成 (62/100)
2025-07-15 18:35:54,590 - app - INFO - [9249c7a2-63] 请求完成 (63/100)
2025-07-15 18:35:55,016 - app - INFO - [9249c7a2-64] 请求完成 (64/100)
2025-07-15 18:35:55,170 - app - INFO - [9249c7a2-65] 请求完成 (65/100)
2025-07-15 18:35:55,264 - app - INFO - [9249c7a2-66] 请求完成 (66/100)
2025-07-15 18:35:56,241 - app - INFO - [9249c7a2-67] 请求完成 (67/100)
2025-07-15 18:35:57,520 - app - INFO - [9249c7a2-69] 请求完成 (68/100)
2025-07-15 18:35:57,672 - app - INFO - [9249c7a2-68] 请求完成 (69/100)
2025-07-15 18:35:57,995 - app - INFO - [9249c7a2-70] 请求完成 (70/100)
2025-07-15 18:35:58,091 - app - INFO - [9249c7a2-71] 请求完成 (71/100)
2025-07-15 18:35:59,223 - app - INFO - [9249c7a2-72] 请求完成 (72/100)
2025-07-15 18:35:59,964 - app - INFO - [9249c7a2-73] 请求完成 (73/100)
2025-07-15 18:36:00,342 - app - INFO - [9249c7a2-74] 请求完成 (74/100)
2025-07-15 18:36:00,371 - app - INFO - [9249c7a2-75] 请求完成 (75/100)
2025-07-15 18:36:00,985 - app - INFO - [9249c7a2-76] 请求完成 (76/100)
2025-07-15 18:36:01,639 - app - INFO - [9249c7a2-77] 请求完成 (77/100)
2025-07-15 18:36:02,316 - app - INFO - [9249c7a2-78] 请求完成 (78/100)
2025-07-15 18:36:02,562 - app - INFO - [9249c7a2-80] 请求完成 (79/100)
2025-07-15 18:36:03,058 - app - INFO - [9249c7a2-79] 请求完成 (80/100)
2025-07-15 18:36:03,885 - app - INFO - [9249c7a2-82] 请求完成 (81/100)
2025-07-15 18:36:04,446 - app - INFO - [9249c7a2-81] 请求完成 (82/100)
2025-07-15 18:36:05,032 - app - INFO - [9249c7a2-83] 请求完成 (83/100)
2025-07-15 18:36:05,046 - app - INFO - [9249c7a2-84] 请求完成 (84/100)
2025-07-15 18:36:05,675 - app - INFO - [9249c7a2-85] 请求完成 (85/100)
2025-07-15 18:36:06,481 - app - INFO - [9249c7a2-86] 请求完成 (86/100)
2025-07-15 18:36:07,444 - app - INFO - [9249c7a2-87] 请求完成 (87/100)
2025-07-15 18:36:07,578 - app - INFO - [9249c7a2-89] 请求完成 (88/100)
2025-07-15 18:36:07,909 - app - INFO - [9249c7a2-88] 请求完成 (89/100)
2025-07-15 18:36:07,964 - app - INFO - [9249c7a2-90] 请求完成 (90/100)
2025-07-15 18:36:08,914 - app - INFO - [9249c7a2-91] 请求完成 (91/100)
2025-07-15 18:36:09,807 - app - INFO - [9249c7a2-92] 请求完成 (92/100)
2025-07-15 18:36:10,075 - app - INFO - [9249c7a2-93] 请求完成 (93/100)
2025-07-15 18:36:10,505 - app - INFO - [9249c7a2-95] 请求完成 (94/100)
2025-07-15 18:36:11,049 - app - INFO - [9249c7a2-94] 请求完成 (95/100)
2025-07-15 18:36:11,826 - app - INFO - [9249c7a2-96] 请求完成 (96/100)
2025-07-15 18:36:11,999 - app - INFO - [9249c7a2-97] 请求完成 (97/100)
2025-07-15 18:36:12,586 - app - INFO - [9249c7a2-98] 请求完成 (98/100)
2025-07-15 18:36:13,105 - app - INFO - [9249c7a2-99] 请求完成 (99/100)
2025-07-15 18:36:13,791 - app - INFO - [9249c7a2-100] 请求完成 (100/100)
2025-07-15 18:36:13,865 - app - INFO - [9249c7a2] === 批量请求处理完成 ===
2025-07-15 18:36:13,865 - app - INFO - [9249c7a2] 总耗时: 58.75秒
2025-07-15 18:36:13,865 - app - INFO - [9249c7a2] 成功: 100/100
2025-07-15 18:37:38,539 - app - INFO - [82ae9f55] === 新的聊天请求开始 ===
2025-07-15 18:37:38,541 - app - INFO - [82ae9f55] 请求数据字段: ['api_key', 'base_url', 'model_endpoint', 'model_id', 'system_content', 'user_content', 'logit_bias']
2025-07-15 18:37:38,542 - app - INFO - [82ae9f55] 收到logit_bias参数: {'135': -100, '136': -100, '854': -100, '861': -100}
2025-07-15 18:37:38,542 - app - INFO - [82ae9f55] 使用用户提供的base_url: https://ark.ap-southeast.bytepluses.com/api/v3
2025-07-15 18:37:38,542 - app - INFO - [82ae9f55] 使用模型参数: skylark-pro-sc-250615
2025-07-15 18:37:38,542 - app - INFO - [82ae9f55] API密钥: 6f7f1187-f042-41fb-8d0b-6f75f5ae39fd (长度: 36)
2025-07-15 18:37:38,542 - app - INFO - [82ae9f55] 用户输入长度: 18 字符
2025-07-15 18:37:38,542 - app - INFO - [82ae9f55] 系统消息长度: 1492 字符
2025-07-15 18:37:38,604 - app - INFO - [82ae9f55] ModelArk服务初始化成功
2025-07-15 18:37:38,604 - app - INFO - [82ae9f55] 开始调用API...
2025-07-15 18:37:41,358 - app - INFO - [82ae9f55] === 请求处理成功 ===
2025-07-15 18:37:41,358 - app - INFO - [82ae9f55] 总耗时: 2.82秒
2025-07-15 18:37:41,359 - app - INFO - [82ae9f55] API耗时: 2.75秒
2025-07-15 18:37:44,472 - app - INFO - [dd4a4d8a] === 新的批量聊天请求开始 ===
2025-07-15 18:37:44,473 - app - INFO - [dd4a4d8a] 批量请求参数: 次数=100, 并发=5
2025-07-15 18:37:46,668 - app - INFO - [dd4a4d8a-5] 请求完成 (1/100)
2025-07-15 18:37:46,834 - app - INFO - [dd4a4d8a-4] 请求完成 (2/100)
2025-07-15 18:37:46,966 - app - INFO - [dd4a4d8a-2] 请求完成 (3/100)
2025-07-15 18:37:46,993 - app - INFO - [dd4a4d8a-3] 请求完成 (4/100)
2025-07-15 18:37:47,871 - app - INFO - [dd4a4d8a-1] 请求完成 (5/100)
2025-07-15 18:37:49,001 - app - INFO - [dd4a4d8a-6] 请求完成 (6/100)
2025-07-15 18:37:49,085 - app - INFO - [dd4a4d8a-8] 请求完成 (7/100)
2025-07-15 18:37:49,606 - app - INFO - [dd4a4d8a-9] 请求完成 (8/100)
2025-07-15 18:37:49,645 - app - INFO - [dd4a4d8a-7] 请求完成 (9/100)
2025-07-15 18:37:50,826 - app - INFO - [dd4a4d8a-10] 请求完成 (10/100)
2025-07-15 18:37:51,818 - app - INFO - [dd4a4d8a-14] 请求完成 (11/100)
2025-07-15 18:37:51,909 - app - INFO - [dd4a4d8a-11] 请求完成 (12/100)
2025-07-15 18:37:52,029 - app - INFO - [dd4a4d8a-12] 请求完成 (13/100)
2025-07-15 18:37:52,480 - app - INFO - [dd4a4d8a-13] 请求完成 (14/100)
2025-07-15 18:37:54,196 - app - INFO - [dd4a4d8a-16] 请求完成 (15/100)
2025-07-15 18:37:54,406 - app - INFO - [dd4a4d8a-18] 请求完成 (16/100)
2025-07-15 18:37:54,441 - app - INFO - [dd4a4d8a-17] 请求完成 (17/100)
2025-07-15 18:37:54,527 - app - INFO - [dd4a4d8a-15] 请求完成 (18/100)
2025-07-15 18:37:55,835 - app - INFO - [dd4a4d8a-19] 请求完成 (19/100)
2025-07-15 18:37:56,164 - app - INFO - [dd4a4d8a-21] 请求完成 (20/100)
2025-07-15 18:37:56,648 - app - INFO - [dd4a4d8a-23] 请求完成 (21/100)
2025-07-15 18:37:56,909 - app - INFO - [dd4a4d8a-22] 请求完成 (22/100)
2025-07-15 18:37:57,391 - app - INFO - [dd4a4d8a-20] 请求完成 (23/100)
2025-07-15 18:37:58,572 - app - INFO - [dd4a4d8a-25] 请求完成 (24/100)
2025-07-15 18:37:59,061 - app - INFO - [dd4a4d8a-24] 请求完成 (25/100)
2025-07-15 18:37:59,441 - app - INFO - [dd4a4d8a-27] 请求完成 (26/100)
2025-07-15 18:37:59,613 - app - INFO - [dd4a4d8a-26] 请求完成 (27/100)
2025-07-15 18:37:59,916 - app - INFO - [dd4a4d8a-28] 请求完成 (28/100)
2025-07-15 18:38:00,767 - app - INFO - [dd4a4d8a-29] 请求完成 (29/100)
2025-07-15 18:38:01,291 - app - INFO - [dd4a4d8a-30] 请求完成 (30/100)
2025-07-15 18:38:01,917 - app - INFO - [dd4a4d8a-31] 请求完成 (31/100)
2025-07-15 18:38:02,319 - app - INFO - [dd4a4d8a-33] 请求完成 (32/100)
2025-07-15 18:38:02,519 - app - INFO - [dd4a4d8a-32] 请求完成 (33/100)
2025-07-15 18:38:03,443 - app - INFO - [dd4a4d8a-34] 请求完成 (34/100)
2025-07-15 18:38:04,009 - app - INFO - [dd4a4d8a-35] 请求完成 (35/100)
2025-07-15 18:38:04,689 - app - INFO - [dd4a4d8a-36] 请求完成 (36/100)
2025-07-15 18:38:04,847 - app - INFO - [dd4a4d8a-37] 请求完成 (37/100)
2025-07-15 18:38:05,303 - app - INFO - [dd4a4d8a-38] 请求完成 (38/100)
2025-07-15 18:38:06,189 - app - INFO - [dd4a4d8a-39] 请求完成 (39/100)
2025-07-15 18:38:07,144 - app - INFO - [dd4a4d8a-40] 请求完成 (40/100)
2025-07-15 18:38:07,194 - app - INFO - [dd4a4d8a-42] 请求完成 (41/100)
2025-07-15 18:38:07,197 - app - INFO - [dd4a4d8a-41] 请求完成 (42/100)
2025-07-15 18:38:07,351 - app - INFO - [dd4a4d8a-43] 请求完成 (43/100)
2025-07-15 18:38:08,051 - app - INFO - [dd4a4d8a-44] 请求完成 (44/100)
2025-07-15 18:38:09,529 - app - INFO - [dd4a4d8a-45] 请求完成 (45/100)
2025-07-15 18:38:09,869 - app - INFO - [dd4a4d8a-46] 请求完成 (46/100)
2025-07-15 18:38:10,509 - app - INFO - [dd4a4d8a-47] 请求完成 (47/100)
2025-07-15 18:38:10,919 - app - INFO - [dd4a4d8a-48] 请求完成 (48/100)
2025-07-15 18:38:11,081 - app - INFO - [dd4a4d8a-49] 请求完成 (49/100)
2025-07-15 18:38:11,833 - app - INFO - [dd4a4d8a-50] 请求完成 (50/100)
2025-07-15 18:38:12,639 - app - INFO - [dd4a4d8a-51] 请求完成 (51/100)
2025-07-15 18:38:13,158 - app - INFO - [dd4a4d8a-53] 请求完成 (52/100)
2025-07-15 18:38:13,444 - app - INFO - [dd4a4d8a-52] 请求完成 (53/100)
2025-07-15 18:38:13,454 - app - INFO - [dd4a4d8a-54] 请求完成 (54/100)
2025-07-15 18:38:14,436 - app - INFO - [dd4a4d8a-55] 请求完成 (55/100)
2025-07-15 18:38:15,335 - app - INFO - [dd4a4d8a-56] 请求完成 (56/100)
2025-07-15 18:38:15,389 - app - INFO - [dd4a4d8a-57] 请求完成 (57/100)
2025-07-15 18:38:15,526 - app - INFO - [dd4a4d8a-59] 请求完成 (58/100)
2025-07-15 18:38:16,386 - app - INFO - [dd4a4d8a-58] 请求完成 (59/100)
2025-07-15 18:38:16,587 - app - INFO - [dd4a4d8a-60] 请求完成 (60/100)
2025-07-15 18:38:17,377 - app - INFO - [dd4a4d8a-63] 请求完成 (61/100)
2025-07-15 18:38:17,616 - app - INFO - [dd4a4d8a-61] 请求完成 (62/100)
2025-07-15 18:38:17,938 - app - INFO - [dd4a4d8a-62] 请求完成 (63/100)
2025-07-15 18:38:19,318 - app - INFO - [dd4a4d8a-64] 请求完成 (64/100)
2025-07-15 18:38:21,767 - app - INFO - [dd4a4d8a-66] 请求完成 (65/100)
2025-07-15 18:38:22,552 - app - INFO - [dd4a4d8a-67] 请求完成 (66/100)
2025-07-15 18:38:22,736 - app - INFO - [dd4a4d8a-69] 请求完成 (67/100)
2025-07-15 18:38:23,097 - app - INFO - [dd4a4d8a-68] 请求完成 (68/100)
2025-07-15 18:38:25,350 - app - INFO - [dd4a4d8a-65] 请求完成 (69/100)
2025-07-15 18:38:25,457 - app - INFO - [dd4a4d8a-70] 请求完成 (70/100)
2025-07-15 18:38:25,496 - app - INFO - [dd4a4d8a-72] 请求完成 (71/100)
2025-07-15 18:38:25,876 - app - INFO - [dd4a4d8a-71] 请求完成 (72/100)
2025-07-15 18:38:26,038 - app - INFO - [dd4a4d8a-73] 请求完成 (73/100)
2025-07-15 18:38:29,070 - app - INFO - [dd4a4d8a-74] 请求完成 (74/100)
2025-07-15 18:38:30,302 - app - INFO - [dd4a4d8a-76] 请求完成 (75/100)
2025-07-15 18:38:36,975 - app - INFO - [dd4a4d8a-78] 请求完成 (76/100)
2025-07-15 18:38:40,134 - app - INFO - [dd4a4d8a-81] 请求完成 (77/100)
2025-07-15 18:38:40,297 - app - INFO - [dd4a4d8a-75] 请求完成 (78/100)
2025-07-15 18:38:40,365 - app - INFO - [dd4a4d8a-79] 请求完成 (79/100)
2025-07-15 18:38:42,652 - app - INFO - [dd4a4d8a-77] 请求完成 (80/100)
2025-07-15 18:38:43,505 - app - INFO - [dd4a4d8a-84] 请求完成 (81/100)
2025-07-15 18:38:44,680 - app - INFO - [dd4a4d8a-82] 请求完成 (82/100)
2025-07-15 18:38:45,243 - app - INFO - [dd4a4d8a-85] 请求完成 (83/100)
2025-07-15 18:38:47,204 - app - INFO - [dd4a4d8a-80] 请求完成 (84/100)
2025-07-15 18:38:47,702 - app - INFO - [dd4a4d8a-86] 请求完成 (85/100)
2025-07-15 18:38:48,817 - app - INFO - [dd4a4d8a-87] 请求完成 (86/100)
2025-07-15 18:38:48,868 - app - INFO - [dd4a4d8a-88] 请求完成 (87/100)
2025-07-15 18:38:49,070 - app - INFO - [dd4a4d8a-83] 请求完成 (88/100)
2025-07-15 18:38:49,432 - app - INFO - [dd4a4d8a-90] 请求完成 (89/100)
2025-07-15 18:38:52,134 - app - INFO - [dd4a4d8a-89] 请求完成 (90/100)
2025-07-15 18:38:52,301 - app - INFO - [dd4a4d8a-92] 请求完成 (91/100)
2025-07-15 18:38:53,354 - app - INFO - [dd4a4d8a-93] 请求完成 (92/100)
2025-07-15 18:38:54,343 - app - INFO - [dd4a4d8a-94] 请求完成 (93/100)
2025-07-15 18:38:54,912 - app - INFO - [dd4a4d8a-91] 请求完成 (94/100)
2025-07-15 18:38:58,233 - app - INFO - [dd4a4d8a-98] 请求完成 (95/100)
2025-07-15 18:39:00,571 - app - INFO - [dd4a4d8a-96] 请求完成 (96/100)
2025-07-15 18:39:00,893 - app - INFO - [dd4a4d8a-99] 请求完成 (97/100)
2025-07-15 18:39:02,973 - app - INFO - [dd4a4d8a-100] 请求完成 (98/100)
2025-07-15 18:39:03,943 - app - INFO - [dd4a4d8a-97] 请求完成 (99/100)
2025-07-15 18:39:07,283 - app - INFO - [dd4a4d8a-95] 请求完成 (100/100)
2025-07-15 18:39:07,388 - app - INFO - [dd4a4d8a] === 批量请求处理完成 ===
2025-07-15 18:39:07,388 - app - INFO - [dd4a4d8a] 总耗时: 82.81秒
2025-07-15 18:39:07,388 - app - INFO - [dd4a4d8a] 成功: 100/100
2025-07-15 20:58:55,708 - app - INFO - [d31b3178] === 新的聊天请求开始 ===
2025-07-15 20:58:55,719 - app - INFO - [d31b3178] 请求数据字段: ['api_key', 'base_url', 'model_endpoint', 'model_id', 'system_content', 'user_content', 'logit_bias']
2025-07-15 20:58:55,723 - app - INFO - [d31b3178] 收到logit_bias参数: {'135': -100, '136': -100, '854': -100, '861': -100}
2025-07-15 20:58:55,723 - app - INFO - [d31b3178] 使用用户提供的base_url: https://ark.ap-southeast.bytepluses.com/api/v3
2025-07-15 20:58:55,723 - app - INFO - [d31b3178] 使用模型参数: skylark-pro-sc-250615
2025-07-15 20:58:55,723 - app - INFO - [d31b3178] API密钥: 6f7f1187-f042-41fb-8d0b-6f75f5ae39fd (长度: 36)
2025-07-15 20:58:55,723 - app - INFO - [d31b3178] 用户输入长度: 12 字符
2025-07-15 20:58:55,724 - app - INFO - [d31b3178] 系统消息长度: 1492 字符
2025-07-15 20:58:55,846 - app - INFO - [d31b3178] ModelArk服务初始化成功
2025-07-15 20:58:55,846 - app - INFO - [d31b3178] 开始调用API...
2025-07-15 20:58:58,360 - app - INFO - [d31b3178] === 请求处理成功 ===
2025-07-15 20:58:58,360 - app - INFO - [d31b3178] 总耗时: 2.65秒
2025-07-15 20:58:58,360 - app - INFO - [d31b3178] API耗时: 2.51秒
2025-07-15 20:59:06,255 - app - INFO - [927d90d0] === 新的批量聊天请求开始 ===
2025-07-15 20:59:06,257 - app - INFO - [927d90d0] 批量请求参数: 次数=100, 并发=5
2025-07-15 20:59:09,037 - app - INFO - [927d90d0-1] 请求完成 (1/100)
2025-07-15 20:59:09,169 - app - INFO - [927d90d0-2] 请求完成 (2/100)
2025-07-15 20:59:09,219 - app - INFO - [927d90d0-3] 请求完成 (3/100)
2025-07-15 20:59:09,332 - app - INFO - [927d90d0-5] 请求完成 (4/100)
2025-07-15 20:59:09,716 - app - INFO - [927d90d0-4] 请求完成 (5/100)
2025-07-15 20:59:11,067 - app - INFO - [927d90d0-6] 请求完成 (6/100)
2025-07-15 20:59:11,757 - app - INFO - [927d90d0-8] 请求完成 (7/100)
2025-07-15 20:59:12,215 - app - INFO - [927d90d0-7] 请求完成 (8/100)
2025-07-15 20:59:12,336 - app - INFO - [927d90d0-10] 请求完成 (9/100)
2025-07-15 20:59:12,561 - app - INFO - [927d90d0-9] 请求完成 (10/100)
2025-07-15 20:59:14,329 - app - INFO - [927d90d0-11] 请求完成 (11/100)
2025-07-15 20:59:14,602 - app - INFO - [927d90d0-13] 请求完成 (12/100)
2025-07-15 20:59:14,663 - app - INFO - [927d90d0-14] 请求完成 (13/100)
2025-07-15 20:59:14,736 - app - INFO - [927d90d0-15] 请求完成 (14/100)
2025-07-15 20:59:14,808 - app - INFO - [927d90d0-12] 请求完成 (15/100)
2025-07-15 20:59:16,777 - app - INFO - [927d90d0-16] 请求完成 (16/100)
2025-07-15 20:59:16,896 - app - INFO - [927d90d0-19] 请求完成 (17/100)
2025-07-15 20:59:17,319 - app - INFO - [927d90d0-20] 请求完成 (18/100)
2025-07-15 20:59:17,434 - app - INFO - [927d90d0-17] 请求完成 (19/100)
2025-07-15 20:59:17,825 - app - INFO - [927d90d0-18] 请求完成 (20/100)
2025-07-15 20:59:19,179 - app - INFO - [927d90d0-22] 请求完成 (21/100)
2025-07-15 20:59:19,266 - app - INFO - [927d90d0-21] 请求完成 (22/100)
2025-07-15 20:59:19,807 - app - INFO - [927d90d0-23] 请求完成 (23/100)
2025-07-15 20:59:20,479 - app - INFO - [927d90d0-25] 请求完成 (24/100)
2025-07-15 20:59:20,710 - app - INFO - [927d90d0-24] 请求完成 (25/100)
2025-07-15 20:59:21,562 - app - INFO - [927d90d0-27] 请求完成 (26/100)
2025-07-15 20:59:21,945 - app - INFO - [927d90d0-26] 请求完成 (27/100)
2025-07-15 20:59:22,621 - app - INFO - [927d90d0-28] 请求完成 (28/100)
2025-07-15 20:59:22,840 - app - INFO - [927d90d0-30] 请求完成 (29/100)
2025-07-15 20:59:22,959 - app - INFO - [927d90d0-29] 请求完成 (30/100)
2025-07-15 20:59:24,265 - app - INFO - [927d90d0-31] 请求完成 (31/100)
2025-07-15 20:59:25,073 - app - INFO - [927d90d0-32] 请求完成 (32/100)
2025-07-15 20:59:25,817 - app - INFO - [927d90d0-33] 请求完成 (33/100)
2025-07-15 20:59:25,881 - app - INFO - [927d90d0-35] 请求完成 (34/100)
2025-07-15 20:59:26,399 - app - INFO - [927d90d0-34] 请求完成 (35/100)
2025-07-15 20:59:26,756 - app - INFO - [927d90d0-36] 请求完成 (36/100)
2025-07-15 20:59:27,630 - app - INFO - [927d90d0-37] 请求完成 (37/100)
2025-07-15 20:59:28,362 - app - INFO - [927d90d0-39] 请求完成 (38/100)
2025-07-15 20:59:28,420 - app - INFO - [927d90d0-38] 请求完成 (39/100)
2025-07-15 20:59:29,321 - app - INFO - [927d90d0-40] 请求完成 (40/100)
2025-07-15 20:59:29,674 - app - INFO - [927d90d0-41] 请求完成 (41/100)
2025-07-15 20:59:30,289 - app - INFO - [927d90d0-42] 请求完成 (42/100)
2025-07-15 20:59:31,059 - app - INFO - [927d90d0-44] 请求完成 (43/100)
2025-07-15 20:59:31,460 - app - INFO - [927d90d0-43] 请求完成 (44/100)
2025-07-15 20:59:32,006 - app - INFO - [927d90d0-46] 请求完成 (45/100)
2025-07-15 20:59:32,601 - app - INFO - [927d90d0-47] 请求完成 (46/100)
2025-07-15 20:59:32,757 - app - INFO - [927d90d0-45] 请求完成 (47/100)
2025-07-15 20:59:33,644 - app - INFO - [927d90d0-49] 请求完成 (48/100)
2025-07-15 20:59:33,779 - app - INFO - [927d90d0-48] 请求完成 (49/100)
2025-07-15 20:59:35,644 - app - INFO - [927d90d0-52] 请求完成 (50/100)
2025-07-15 20:59:35,894 - app - INFO - [927d90d0-53] 请求完成 (51/100)
2025-07-15 20:59:35,914 - app - INFO - [927d90d0-51] 请求完成 (52/100)
2025-07-15 20:59:38,256 - app - INFO - [927d90d0-55] 请求完成 (53/100)
2025-07-15 20:59:38,384 - app - INFO - [927d90d0-56] 请求完成 (54/100)
2025-07-15 20:59:38,484 - app - INFO - [927d90d0-57] 请求完成 (55/100)
2025-07-15 20:59:40,130 - app - INFO - [927d90d0-50] 请求完成 (56/100)
2025-07-15 20:59:40,468 - app - INFO - [927d90d0-60] 请求完成 (57/100)
2025-07-15 20:59:41,108 - app - INFO - [927d90d0-59] 请求完成 (58/100)
2025-07-15 20:59:42,680 - app - INFO - [927d90d0-61] 请求完成 (59/100)
2025-07-15 20:59:43,603 - app - INFO - [927d90d0-63] 请求完成 (60/100)
2025-07-15 20:59:43,691 - app - INFO - [927d90d0-62] 请求完成 (61/100)
2025-07-15 20:59:45,213 - app - INFO - [927d90d0-64] 请求完成 (62/100)
2025-07-15 20:59:45,753 - app - INFO - [927d90d0-65] 请求完成 (63/100)
2025-07-15 20:59:46,120 - app - INFO - [927d90d0-58] 请求完成 (64/100)
2025-07-15 20:59:46,379 - app - INFO - [927d90d0-66] 请求完成 (65/100)
2025-07-15 20:59:47,357 - app - INFO - [927d90d0-67] 请求完成 (66/100)
2025-07-15 20:59:48,915 - app - INFO - [927d90d0-69] 请求完成 (67/100)
2025-07-15 20:59:49,295 - app - INFO - [927d90d0-70] 请求完成 (68/100)
2025-07-15 20:59:49,399 - app - INFO - [927d90d0-68] 请求完成 (69/100)
2025-07-15 20:59:50,073 - app - INFO - [927d90d0-71] 请求完成 (70/100)
2025-07-15 20:59:51,130 - app - INFO - [927d90d0-72] 请求完成 (71/100)
2025-07-15 20:59:51,528 - app - INFO - [927d90d0-73] 请求完成 (72/100)
2025-07-15 20:59:52,482 - app - INFO - [927d90d0-74] 请求完成 (73/100)
2025-07-15 20:59:52,779 - app - INFO - [927d90d0-75] 请求完成 (74/100)
2025-07-15 20:59:53,846 - app - INFO - [927d90d0-76] 请求完成 (75/100)
2025-07-15 20:59:54,061 - app - INFO - [927d90d0-77] 请求完成 (76/100)
2025-07-15 20:59:54,959 - app - INFO - [927d90d0-79] 请求完成 (77/100)
2025-07-15 20:59:55,044 - app - INFO - [927d90d0-78] 请求完成 (78/100)
2025-07-15 20:59:56,419 - app - INFO - [927d90d0-81] 请求完成 (79/100)
2025-07-15 20:59:56,615 - app - INFO - [927d90d0-80] 请求完成 (80/100)
2025-07-15 20:59:57,483 - app - INFO - [927d90d0-82] 请求完成 (81/100)
2025-07-15 20:59:57,835 - app - INFO - [927d90d0-83] 请求完成 (82/100)
2025-07-15 20:59:58,599 - app - INFO - [927d90d0-84] 请求完成 (83/100)
2025-07-15 20:59:59,800 - app - INFO - [927d90d0-85] 请求完成 (84/100)
2025-07-15 20:59:59,973 - app - INFO - [927d90d0-86] 请求完成 (85/100)
2025-07-15 21:00:00,438 - app - INFO - [927d90d0-87] 请求完成 (86/100)
2025-07-15 21:00:01,579 - app - INFO - [927d90d0-88] 请求完成 (87/100)
2025-07-15 21:00:01,756 - app - INFO - [927d90d0-89] 请求完成 (88/100)
2025-07-15 21:00:02,152 - app - INFO - [927d90d0-90] 请求完成 (89/100)
2025-07-15 21:00:02,750 - app - INFO - [927d90d0-91] 请求完成 (90/100)
2025-07-15 21:00:03,706 - app - INFO - [927d90d0-92] 请求完成 (91/100)
2025-07-15 21:00:04,646 - app - INFO - [927d90d0-93] 请求完成 (92/100)
2025-07-15 21:00:05,552 - app - INFO - [927d90d0-94] 请求完成 (93/100)
2025-07-15 21:00:05,733 - app - INFO - [927d90d0-95] 请求完成 (94/100)
2025-07-15 21:00:06,143 - app - INFO - [927d90d0-96] 请求完成 (95/100)
2025-07-15 21:00:07,229 - app - INFO - [927d90d0-97] 请求完成 (96/100)
2025-07-15 21:00:08,135 - app - INFO - [927d90d0-98] 请求完成 (97/100)
2025-07-15 21:00:08,588 - app - INFO - [927d90d0-99] 请求完成 (98/100)
2025-07-15 21:00:08,605 - app - INFO - [927d90d0-100] 请求完成 (99/100)
2025-07-15 21:00:19,319 - app - INFO - [927d90d0-54] 请求完成 (100/100)
2025-07-15 21:00:19,615 - app - INFO - [927d90d0] === 批量请求处理完成 ===
2025-07-15 21:00:19,615 - app - INFO - [927d90d0] 总耗时: 73.07秒
2025-07-15 21:00:19,615 - app - INFO - [927d90d0] 成功: 100/100
2025-07-15 21:02:32,480 - app - INFO - [edd6813d] === 新的聊天请求开始 ===
2025-07-15 21:02:32,483 - app - INFO - [edd6813d] 请求数据字段: ['api_key', 'base_url', 'model_endpoint', 'model_id', 'system_content', 'user_content', 'logit_bias']
2025-07-15 21:02:32,484 - app - INFO - [edd6813d] 收到logit_bias参数: {'135': -100, '136': -100, '854': -100, '861': -100}
2025-07-15 21:02:32,484 - app - INFO - [edd6813d] 使用用户提供的base_url: https://ark.ap-southeast.bytepluses.com/api/v3
2025-07-15 21:02:32,484 - app - INFO - [edd6813d] 使用模型参数: skylark-pro-sc-250615
2025-07-15 21:02:32,484 - app - INFO - [edd6813d] API密钥: 6f7f1187-f042-41fb-8d0b-6f75f5ae39fd (长度: 36)
2025-07-15 21:02:32,484 - app - INFO - [edd6813d] 用户输入长度: 6 字符
2025-07-15 21:02:32,484 - app - INFO - [edd6813d] 系统消息长度: 1492 字符
2025-07-15 21:02:32,553 - app - INFO - [edd6813d] ModelArk服务初始化成功
2025-07-15 21:02:32,554 - app - INFO - [edd6813d] 开始调用API...
2025-07-15 21:02:35,630 - app - INFO - [edd6813d] === 请求处理成功 ===
2025-07-15 21:02:35,630 - app - INFO - [edd6813d] 总耗时: 3.15秒
2025-07-15 21:02:35,630 - app - INFO - [edd6813d] API耗时: 3.07秒
2025-07-15 21:02:37,506 - app - INFO - [6b71af20] === 新的批量聊天请求开始 ===
2025-07-15 21:04:47,417 - app - INFO - 启动应用，配置: type
2025-07-15 21:04:47,417 - app - INFO - 日志文件: logs/app.log
2025-07-15 21:04:47,418 - app - INFO - API基础URL: https://ark.cn-beijing.volces.com/api/v3
2025-07-15 21:08:41,169 - app - INFO - [bea7de47] === 新的批量聊天请求开始 ===
2025-07-15 21:08:41,174 - app - INFO - [bea7de47] 批量请求参数: 次数=15005, 并发=153
2025-07-15 21:08:41,176 - app - WARNING - [bea7de47] 批量请求输入验证失败: ['API密钥长度不足']
2025-07-15 21:09:37,242 - app - INFO - [b0faa021] === 新的批量聊天请求开始 ===
2025-07-15 21:09:37,250 - app - INFO - [b0faa021] 批量请求参数: 次数=5, 并发=3
2025-07-15 21:09:37,252 - app - WARNING - [b0faa021] 批量请求输入验证失败: ['API密钥长度不足']
2025-07-15 21:10:35,660 - app - INFO - 启动应用，配置: type
2025-07-15 21:10:35,660 - app - INFO - 日志文件: logs/app.log
2025-07-15 21:10:35,660 - app - INFO - API基础URL: https://ark.cn-beijing.volces.com/api/v3
2025-07-15 21:10:48,844 - app - INFO - 启动应用，配置: type
2025-07-15 21:10:48,844 - app - INFO - 日志文件: logs/app.log
2025-07-15 21:10:48,844 - app - INFO - API基础URL: https://ark.cn-beijing.volces.com/api/v3
2025-07-15 21:11:15,133 - app - INFO - 启动应用，配置: type
2025-07-15 21:11:15,135 - app - INFO - 日志文件: logs/app.log
2025-07-15 21:11:15,135 - app - INFO - API基础URL: https://ark.cn-beijing.volces.com/api/v3
2025-07-15 21:11:15,873 - app - INFO - 启动应用，配置: type
2025-07-15 21:11:15,873 - app - INFO - 日志文件: logs/app.log
2025-07-15 21:11:15,873 - app - INFO - API基础URL: https://ark.cn-beijing.volces.com/api/v3
2025-07-15 21:14:06,500 - app - INFO - [4ad504b6] === 新的批量聊天请求开始 ===
2025-07-15 21:14:06,503 - app - INFO - [4ad504b6] 批量请求参数: 次数=300, 并发=6
2025-07-15 21:14:09,547 - app - INFO - [4ad504b6-2] 请求完成 (1/300)
2025-07-15 21:14:09,586 - app - INFO - [4ad504b6-3] 请求完成 (2/300)
2025-07-15 21:14:09,852 - app - INFO - [4ad504b6-5] 请求完成 (3/300)
2025-07-15 21:14:09,853 - app - INFO - [4ad504b6-4] 请求完成 (4/300)
2025-07-15 21:14:09,857 - app - INFO - [4ad504b6-1] 请求完成 (5/300)
2025-07-15 21:14:09,899 - app - INFO - [4ad504b6-6] 请求完成 (6/300)
2025-07-15 21:14:12,235 - app - INFO - [4ad504b6-7] 请求完成 (7/300)
2025-07-15 21:14:12,485 - app - INFO - [4ad504b6-9] 请求完成 (8/300)
2025-07-15 21:14:12,505 - app - INFO - [4ad504b6-12] 请求完成 (9/300)
2025-07-15 21:14:12,750 - app - INFO - [4ad504b6-8] 请求完成 (10/300)
2025-07-15 21:14:13,072 - app - INFO - [4ad504b6-10] 请求完成 (11/300)
2025-07-15 21:14:13,376 - app - INFO - [4ad504b6-11] 请求完成 (12/300)
2025-07-15 21:14:15,086 - app - INFO - [4ad504b6-13] 请求完成 (13/300)
2025-07-15 21:14:15,107 - app - INFO - [4ad504b6-16] 请求完成 (14/300)
2025-07-15 21:14:15,385 - app - INFO - [4ad504b6-17] 请求完成 (15/300)
2025-07-15 21:14:15,599 - app - INFO - [4ad504b6-15] 请求完成 (16/300)
2025-07-15 21:14:16,583 - app - INFO - [4ad504b6-18] 请求完成 (17/300)
2025-07-15 21:14:16,621 - app - INFO - [4ad504b6-14] 请求完成 (18/300)
2025-07-15 21:14:17,773 - app - INFO - [4ad504b6-20] 请求完成 (19/300)
2025-07-15 21:14:17,904 - app - INFO - [4ad504b6-21] 请求完成 (20/300)
2025-07-15 21:14:17,962 - app - INFO - [4ad504b6-22] 请求完成 (21/300)
2025-07-15 21:14:18,236 - app - INFO - [4ad504b6-19] 请求完成 (22/300)
2025-07-15 21:14:18,988 - app - INFO - [4ad504b6-23] 请求完成 (23/300)
2025-07-15 21:14:19,610 - app - INFO - [4ad504b6-24] 请求完成 (24/300)
2025-07-15 21:14:20,231 - app - INFO - [4ad504b6-25] 请求完成 (25/300)
2025-07-15 21:14:20,301 - app - INFO - [4ad504b6-26] 请求完成 (26/300)
2025-07-15 21:14:20,498 - app - INFO - [4ad504b6-27] 请求完成 (27/300)
2025-07-15 21:14:20,872 - app - INFO - [4ad504b6-28] 请求完成 (28/300)
2025-07-15 21:14:21,081 - app - INFO - [4ad504b6-29] 请求完成 (29/300)
2025-07-15 21:14:22,571 - app - INFO - [4ad504b6-30] 请求完成 (30/300)
2025-07-15 21:14:22,927 - app - INFO - [4ad504b6-32] 请求完成 (31/300)
2025-07-15 21:14:22,931 - app - INFO - [4ad504b6-31] 请求完成 (32/300)
2025-07-15 21:14:23,114 - app - INFO - [4ad504b6-34] 请求完成 (33/300)
2025-07-15 21:14:23,695 - app - INFO - [4ad504b6-35] 请求完成 (34/300)
2025-07-15 21:14:23,807 - app - INFO - [4ad504b6-33] 请求完成 (35/300)
2025-07-15 21:14:25,297 - app - INFO - [4ad504b6-36] 请求完成 (36/300)
2025-07-15 21:14:25,537 - app - INFO - [4ad504b6-38] 请求完成 (37/300)
2025-07-15 21:14:25,815 - app - INFO - [4ad504b6-37] 请求完成 (38/300)
2025-07-15 21:14:26,087 - app - INFO - [4ad504b6-40] 请求完成 (39/300)
2025-07-15 21:14:26,615 - app - INFO - [4ad504b6-41] 请求完成 (40/300)
2025-07-15 21:14:27,661 - app - INFO - [4ad504b6-42] 请求完成 (41/300)
2025-07-15 21:14:27,776 - app - INFO - [4ad504b6-43] 请求完成 (42/300)
2025-07-15 21:14:28,002 - app - INFO - [4ad504b6-44] 请求完成 (43/300)
2025-07-15 21:14:29,423 - app - INFO - [4ad504b6-46] 请求完成 (44/300)
2025-07-15 21:14:30,033 - app - INFO - [4ad504b6-45] 请求完成 (45/300)
2025-07-15 21:14:30,221 - app - INFO - [4ad504b6-47] 请求完成 (46/300)
2025-07-15 21:14:30,653 - app - INFO - [4ad504b6-48] 请求完成 (47/300)
2025-07-15 21:14:31,445 - app - INFO - [4ad504b6-49] 请求完成 (48/300)
2025-07-15 21:14:31,690 - app - INFO - [4ad504b6-39] 请求完成 (49/300)
2025-07-15 21:14:32,644 - app - INFO - [4ad504b6-50] 请求完成 (50/300)
2025-07-15 21:14:33,120 - app - INFO - [4ad504b6-51] 请求完成 (51/300)
2025-07-15 21:14:33,270 - app - INFO - [4ad504b6-53] 请求完成 (52/300)
2025-07-15 21:14:33,740 - app - INFO - [4ad504b6-52] 请求完成 (53/300)
2025-07-15 21:14:34,818 - app - INFO - [4ad504b6-54] 请求完成 (54/300)
2025-07-15 21:14:35,178 - app - INFO - [4ad504b6-56] 请求完成 (55/300)
2025-07-15 21:14:35,719 - app - INFO - [4ad504b6-57] 请求完成 (56/300)
2025-07-15 21:14:35,887 - app - INFO - [4ad504b6-59] 请求完成 (57/300)
2025-07-15 21:14:36,015 - app - INFO - [4ad504b6-58] 请求完成 (58/300)
2025-07-15 21:14:37,301 - app - INFO - [4ad504b6-60] 请求完成 (59/300)
2025-07-15 21:14:38,201 - app - INFO - [4ad504b6-62] 请求完成 (60/300)
2025-07-15 21:14:38,347 - app - INFO - [4ad504b6-63] 请求完成 (61/300)
2025-07-15 21:14:38,431 - app - INFO - [4ad504b6-61] 请求完成 (62/300)
2025-07-15 21:14:38,735 - app - INFO - [4ad504b6-64] 请求完成 (63/300)
2025-07-15 21:14:39,796 - app - INFO - [4ad504b6-65] 请求完成 (64/300)
2025-07-15 21:14:40,666 - app - INFO - [4ad504b6-66] 请求完成 (65/300)
2025-07-15 21:14:40,875 - app - INFO - [4ad504b6-67] 请求完成 (66/300)
2025-07-15 21:14:41,027 - app - INFO - [4ad504b6-68] 请求完成 (67/300)
2025-07-15 21:14:41,389 - app - INFO - [4ad504b6-69] 请求完成 (68/300)
2025-07-15 21:14:41,915 - app - INFO - [4ad504b6-70] 请求完成 (69/300)
2025-07-15 21:14:43,308 - app - INFO - [4ad504b6-73] 请求完成 (70/300)
2025-07-15 21:14:43,614 - app - INFO - [4ad504b6-71] 请求完成 (71/300)
2025-07-15 21:14:43,959 - app - INFO - [4ad504b6-72] 请求完成 (72/300)
2025-07-15 21:14:44,604 - app - INFO - [4ad504b6-55] 请求完成 (73/300)
2025-07-15 21:14:44,612 - app - INFO - [4ad504b6-75] 请求完成 (74/300)
2025-07-15 21:14:45,181 - app - INFO - [4ad504b6-74] 请求完成 (75/300)
2025-07-15 21:14:45,871 - app - INFO - [4ad504b6-76] 请求完成 (76/300)
2025-07-15 21:14:46,091 - app - INFO - [4ad504b6-78] 请求完成 (77/300)
2025-07-15 21:14:46,710 - app - INFO - [4ad504b6-79] 请求完成 (78/300)
2025-07-15 21:14:47,023 - app - INFO - [4ad504b6-80] 请求完成 (79/300)
2025-07-15 21:14:47,325 - app - INFO - [4ad504b6-81] 请求完成 (80/300)
2025-07-15 21:14:47,549 - app - INFO - [4ad504b6-77] 请求完成 (81/300)
2025-07-15 21:14:48,351 - app - INFO - [4ad504b6-83] 请求完成 (82/300)
2025-07-15 21:14:48,680 - app - INFO - [4ad504b6-84] 请求完成 (83/300)
2025-07-15 21:14:48,819 - app - INFO - [4ad504b6-82] 请求完成 (84/300)
2025-07-15 21:14:49,471 - app - INFO - [4ad504b6-85] 请求完成 (85/300)
2025-07-15 21:14:49,811 - app - INFO - [4ad504b6-86] 请求完成 (86/300)
2025-07-15 21:14:50,099 - app - INFO - [4ad504b6-87] 请求完成 (87/300)
2025-07-15 21:14:50,748 - app - INFO - [4ad504b6-88] 请求完成 (88/300)
2025-07-15 21:14:51,202 - app - INFO - [4ad504b6-90] 请求完成 (89/300)
2025-07-15 21:14:51,284 - app - INFO - [4ad504b6-89] 请求完成 (90/300)
2025-07-15 21:14:51,920 - app - INFO - [4ad504b6-91] 请求完成 (91/300)
2025-07-15 21:14:52,140 - app - INFO - [4ad504b6-92] 请求完成 (92/300)
2025-07-15 21:14:52,534 - app - INFO - [4ad504b6-93] 请求完成 (93/300)
2025-07-15 21:14:53,481 - app - INFO - [4ad504b6-94] 请求完成 (94/300)
2025-07-15 21:14:53,692 - app - INFO - [4ad504b6-96] 请求完成 (95/300)
2025-07-15 21:14:53,852 - app - INFO - [4ad504b6-95] 请求完成 (96/300)
2025-07-15 21:14:54,339 - app - INFO - [4ad504b6-97] 请求完成 (97/300)
2025-07-15 21:14:54,686 - app - INFO - [4ad504b6-98] 请求完成 (98/300)
2025-07-15 21:14:55,483 - app - INFO - [4ad504b6-99] 请求完成 (99/300)
2025-07-15 21:14:55,973 - app - INFO - [4ad504b6-100] 请求完成 (100/300)
2025-07-15 21:14:56,252 - app - INFO - [4ad504b6-101] 请求完成 (101/300)
2025-07-15 21:14:56,925 - app - INFO - [4ad504b6-103] 请求完成 (102/300)
2025-07-15 21:14:57,425 - app - INFO - [4ad504b6-104] 请求完成 (103/300)
2025-07-15 21:14:57,427 - app - INFO - [4ad504b6-102] 请求完成 (104/300)
2025-07-15 21:14:57,836 - app - INFO - [4ad504b6-105] 请求完成 (105/300)
2025-07-15 21:14:58,549 - app - INFO - [4ad504b6-106] 请求完成 (106/300)
2025-07-15 21:14:58,590 - app - INFO - [4ad504b6-107] 请求完成 (107/300)
2025-07-15 21:14:59,453 - app - INFO - [4ad504b6-108] 请求完成 (108/300)
2025-07-15 21:14:59,582 - app - INFO - [4ad504b6-109] 请求完成 (109/300)
2025-07-15 21:15:00,283 - app - INFO - [4ad504b6-110] 请求完成 (110/300)
2025-07-15 21:15:00,285 - app - INFO - [4ad504b6-111] 请求完成 (111/300)
2025-07-15 21:15:01,256 - app - INFO - [4ad504b6-112] 请求完成 (112/300)
2025-07-15 21:15:01,357 - app - INFO - [4ad504b6-113] 请求完成 (113/300)
2025-07-15 21:15:02,192 - app - INFO - [4ad504b6-115] 请求完成 (114/300)
2025-07-15 21:15:02,324 - app - INFO - [4ad504b6-117] 请求完成 (115/300)
2025-07-15 21:15:02,500 - app - INFO - [4ad504b6-114] 请求完成 (116/300)
2025-07-15 21:15:02,720 - app - INFO - [4ad504b6-116] 请求完成 (117/300)
2025-07-15 21:15:03,407 - app - INFO - [4ad504b6-118] 请求完成 (118/300)
2025-07-15 21:15:03,998 - app - INFO - [4ad504b6-119] 请求完成 (119/300)
2025-07-15 21:15:04,555 - app - INFO - [4ad504b6-120] 请求完成 (120/300)
2025-07-15 21:15:04,903 - app - INFO - [4ad504b6-122] 请求完成 (121/300)
2025-07-15 21:15:04,997 - app - INFO - [4ad504b6-121] 请求完成 (122/300)
2025-07-15 21:15:05,235 - app - INFO - [4ad504b6-123] 请求完成 (123/300)
2025-07-15 21:15:05,775 - app - INFO - [4ad504b6-124] 请求完成 (124/300)
2025-07-15 21:15:06,888 - app - INFO - [4ad504b6-125] 请求完成 (125/300)
2025-07-15 21:15:07,389 - app - INFO - [4ad504b6-126] 请求完成 (126/300)
2025-07-15 21:15:07,441 - app - INFO - [4ad504b6-127] 请求完成 (127/300)
2025-07-15 21:15:07,918 - app - INFO - [4ad504b6-128] 请求完成 (128/300)
2025-07-15 21:15:08,125 - app - INFO - [4ad504b6-129] 请求完成 (129/300)
2025-07-15 21:15:09,198 - app - INFO - [4ad504b6-130] 请求完成 (130/300)
2025-07-15 21:15:09,574 - app - INFO - [4ad504b6-131] 请求完成 (131/300)
2025-07-15 21:15:09,764 - app - INFO - [4ad504b6-132] 请求完成 (132/300)
2025-07-15 21:15:10,281 - app - INFO - [4ad504b6-134] 请求完成 (133/300)
2025-07-15 21:15:10,533 - app - INFO - [4ad504b6-135] 请求完成 (134/300)
2025-07-15 21:15:10,578 - app - INFO - [4ad504b6-133] 请求完成 (135/300)
2025-07-15 21:15:12,035 - app - INFO - [4ad504b6-136] 请求完成 (136/300)
2025-07-15 21:15:12,088 - app - INFO - [4ad504b6-137] 请求完成 (137/300)
2025-07-15 21:15:12,306 - app - INFO - [4ad504b6-138] 请求完成 (138/300)
2025-07-15 21:15:12,379 - app - INFO - [4ad504b6-139] 请求完成 (139/300)
2025-07-15 21:15:12,861 - app - INFO - [4ad504b6-140] 请求完成 (140/300)
2025-07-15 21:15:13,365 - app - INFO - [4ad504b6-141] 请求完成 (141/300)
2025-07-15 21:15:14,505 - app - INFO - [4ad504b6-142] 请求完成 (142/300)
2025-07-15 21:15:14,866 - app - INFO - [4ad504b6-143] 请求完成 (143/300)
2025-07-15 21:15:14,867 - app - INFO - [4ad504b6-145] 请求完成 (144/300)
2025-07-15 21:15:14,957 - app - INFO - [4ad504b6-144] 请求完成 (145/300)
2025-07-15 21:15:15,701 - app - INFO - [4ad504b6-146] 请求完成 (146/300)
2025-07-15 21:15:16,250 - app - INFO - [4ad504b6-147] 请求完成 (147/300)
2025-07-15 21:15:16,852 - app - INFO - [4ad504b6-148] 请求完成 (148/300)
2025-07-15 21:15:17,339 - app - INFO - [4ad504b6-150] 请求完成 (149/300)
2025-07-15 21:15:17,755 - app - INFO - [4ad504b6-151] 请求完成 (150/300)
2025-07-15 21:15:17,989 - app - INFO - [4ad504b6-149] 请求完成 (151/300)
2025-07-15 21:15:18,110 - app - INFO - [4ad504b6-152] 请求完成 (152/300)
2025-07-15 21:15:19,182 - app - INFO - [4ad504b6-154] 请求完成 (153/300)
2025-07-15 21:15:19,495 - app - INFO - [4ad504b6-153] 请求完成 (154/300)
2025-07-15 21:15:19,679 - app - INFO - [4ad504b6-155] 请求完成 (155/300)
2025-07-15 21:15:20,128 - app - INFO - [4ad504b6-158] 请求完成 (156/300)
2025-07-15 21:15:20,276 - app - INFO - [4ad504b6-156] 请求完成 (157/300)
2025-07-15 21:15:20,548 - app - INFO - [4ad504b6-157] 请求完成 (158/300)
2025-07-15 21:15:21,877 - app - INFO - [4ad504b6-160] 请求完成 (159/300)
2025-07-15 21:15:21,890 - app - INFO - [4ad504b6-161] 请求完成 (160/300)
2025-07-15 21:15:22,206 - app - INFO - [4ad504b6-159] 请求完成 (161/300)
2025-07-15 21:15:22,502 - app - INFO - [4ad504b6-162] 请求完成 (162/300)
2025-07-15 21:15:23,150 - app - INFO - [4ad504b6-163] 请求完成 (163/300)
2025-07-15 21:15:24,047 - app - INFO - [4ad504b6-164] 请求完成 (164/300)
2025-07-15 21:15:24,192 - app - INFO - [4ad504b6-166] 请求完成 (165/300)
2025-07-15 21:15:24,385 - app - INFO - [4ad504b6-165] 请求完成 (166/300)
2025-07-15 21:15:24,540 - app - INFO - [4ad504b6-167] 请求完成 (167/300)
2025-07-15 21:15:25,062 - app - INFO - [4ad504b6-168] 请求完成 (168/300)
2025-07-15 21:15:25,677 - app - INFO - [4ad504b6-169] 请求完成 (169/300)
2025-07-15 21:15:26,573 - app - INFO - [4ad504b6-172] 请求完成 (170/300)
2025-07-15 21:15:26,890 - app - INFO - [4ad504b6-170] 请求完成 (171/300)
2025-07-15 21:15:27,236 - app - INFO - [4ad504b6-171] 请求完成 (172/300)
2025-07-15 21:15:27,344 - app - INFO - [4ad504b6-173] 请求完成 (173/300)
2025-07-15 21:15:28,429 - app - INFO - [4ad504b6-174] 请求完成 (174/300)
2025-07-15 21:15:28,515 - app - INFO - [4ad504b6-175] 请求完成 (175/300)
2025-07-15 21:15:29,677 - app - INFO - [4ad504b6-176] 请求完成 (176/300)
2025-07-15 21:15:33,057 - app - INFO - [4ad504b6-177] 请求完成 (177/300)
2025-07-15 21:15:33,876 - app - INFO - [4ad504b6-178] 请求完成 (178/300)
2025-07-15 21:15:36,847 - app - INFO - [4ad504b6-181] 请求完成 (179/300)
2025-07-15 21:15:36,848 - app - INFO - [4ad504b6-180] 请求完成 (180/300)
2025-07-15 21:15:36,948 - app - INFO - [4ad504b6-184] 请求完成 (181/300)
2025-07-15 21:15:37,349 - app - INFO - [4ad504b6-179] 请求完成 (182/300)
2025-07-15 21:15:39,451 - app - INFO - [4ad504b6-187] 请求完成 (183/300)
2025-07-15 21:15:40,075 - app - INFO - [4ad504b6-186] 请求完成 (184/300)
2025-07-15 21:15:40,557 - app - INFO - [4ad504b6-188] 请求完成 (185/300)
2025-07-15 21:15:43,591 - app - INFO - [4ad504b6-190] 请求完成 (186/300)
2025-07-15 21:15:44,360 - app - INFO - [4ad504b6-182] 请求完成 (187/300)
2025-07-15 21:15:47,077 - app - INFO - [4ad504b6-183] 请求完成 (188/300)
2025-07-15 21:15:47,215 - app - INFO - [4ad504b6-193] 请求完成 (189/300)
2025-07-15 21:15:47,731 - app - INFO - [4ad504b6-189] 请求完成 (190/300)
2025-07-15 21:15:48,248 - app - INFO - [4ad504b6-192] 请求完成 (191/300)
2025-07-15 21:15:49,160 - app - INFO - [4ad504b6-185] 请求完成 (192/300)
2025-07-15 21:15:49,360 - app - INFO - [4ad504b6-191] 请求完成 (193/300)
2025-07-15 21:15:49,716 - app - INFO - [4ad504b6-195] 请求完成 (194/300)
2025-07-15 21:15:49,918 - app - INFO - [4ad504b6-194] 请求完成 (195/300)
2025-07-15 21:15:50,149 - app - INFO - [4ad504b6-196] 请求完成 (196/300)
2025-07-15 21:15:50,975 - app - INFO - [4ad504b6-197] 请求完成 (197/300)
2025-07-15 21:15:52,322 - app - INFO - [4ad504b6-198] 请求完成 (198/300)
2025-07-15 21:15:52,343 - app - INFO - [4ad504b6-200] 请求完成 (199/300)
2025-07-15 21:15:52,592 - app - INFO - [4ad504b6-201] 请求完成 (200/300)
2025-07-15 21:15:52,615 - app - INFO - [4ad504b6-199] 请求完成 (201/300)
2025-07-15 21:15:52,751 - app - INFO - [4ad504b6-202] 请求完成 (202/300)
2025-07-15 21:15:53,455 - app - INFO - [4ad504b6-203] 请求完成 (203/300)
2025-07-15 21:15:54,780 - app - INFO - [4ad504b6-205] 请求完成 (204/300)
2025-07-15 21:15:54,977 - app - INFO - [4ad504b6-207] 请求完成 (205/300)
2025-07-15 21:15:55,039 - app - INFO - [4ad504b6-204] 请求完成 (206/300)
2025-07-15 21:15:55,398 - app - INFO - [4ad504b6-206] 请求完成 (207/300)
2025-07-15 21:15:55,409 - app - INFO - [4ad504b6-208] 请求完成 (208/300)
2025-07-15 21:15:55,421 - app - INFO - [4ad504b6-209] 请求完成 (209/300)
2025-07-15 21:15:57,420 - app - INFO - [4ad504b6-213] 请求完成 (210/300)
2025-07-15 21:15:57,636 - app - INFO - [4ad504b6-212] 请求完成 (211/300)
2025-07-15 21:15:58,089 - app - INFO - [4ad504b6-215] 请求完成 (212/300)
2025-07-15 21:15:58,133 - app - INFO - [4ad504b6-214] 请求完成 (213/300)
2025-07-15 21:15:58,227 - app - INFO - [4ad504b6-211] 请求完成 (214/300)
2025-07-15 21:15:59,588 - app - INFO - [4ad504b6-210] 请求完成 (215/300)
2025-07-15 21:15:59,851 - app - INFO - [4ad504b6-217] 请求完成 (216/300)
2025-07-15 21:16:00,221 - app - INFO - [4ad504b6-216] 请求完成 (217/300)
2025-07-15 21:16:00,450 - app - INFO - [4ad504b6-220] 请求完成 (218/300)
2025-07-15 21:16:00,786 - app - INFO - [4ad504b6-219] 请求完成 (219/300)
2025-07-15 21:16:00,841 - app - INFO - [4ad504b6-218] 请求完成 (220/300)
2025-07-15 21:16:02,117 - app - INFO - [4ad504b6-221] 请求完成 (221/300)
2025-07-15 21:16:02,584 - app - INFO - [4ad504b6-223] 请求完成 (222/300)
2025-07-15 21:16:03,114 - app - INFO - [4ad504b6-224] 请求完成 (223/300)
2025-07-15 21:16:03,296 - app - INFO - [4ad504b6-226] 请求完成 (224/300)
2025-07-15 21:16:03,389 - app - INFO - [4ad504b6-225] 请求完成 (225/300)
2025-07-15 21:16:03,854 - app - INFO - [4ad504b6-222] 请求完成 (226/300)
2025-07-15 21:16:04,909 - app - INFO - [4ad504b6-227] 请求完成 (227/300)
2025-07-15 21:16:04,956 - app - INFO - [4ad504b6-228] 请求完成 (228/300)
2025-07-15 21:16:06,221 - app - INFO - [4ad504b6-229] 请求完成 (229/300)
2025-07-15 21:16:06,308 - app - INFO - [4ad504b6-231] 请求完成 (230/300)
2025-07-15 21:16:06,578 - app - INFO - [4ad504b6-230] 请求完成 (231/300)
2025-07-15 21:16:07,883 - app - INFO - [4ad504b6-233] 请求完成 (232/300)
2025-07-15 21:16:08,045 - app - INFO - [4ad504b6-234] 请求完成 (233/300)
2025-07-15 21:16:08,183 - app - INFO - [4ad504b6-232] 请求完成 (234/300)
2025-07-15 21:16:08,841 - app - INFO - [4ad504b6-235] 请求完成 (235/300)
2025-07-15 21:16:10,021 - app - INFO - [4ad504b6-236] 请求完成 (236/300)
2025-07-15 21:16:10,335 - app - INFO - [4ad504b6-240] 请求完成 (237/300)
2025-07-15 21:16:10,519 - app - INFO - [4ad504b6-239] 请求完成 (238/300)
2025-07-15 21:16:10,700 - app - INFO - [4ad504b6-238] 请求完成 (239/300)
2025-07-15 21:16:11,066 - app - INFO - [4ad504b6-237] 请求完成 (240/300)
2025-07-15 21:16:11,164 - app - INFO - [4ad504b6-241] 请求完成 (241/300)
2025-07-15 21:16:13,817 - app - INFO - [4ad504b6-243] 请求完成 (242/300)
2025-07-15 21:16:13,880 - app - INFO - [4ad504b6-242] 请求完成 (243/300)
2025-07-15 21:16:13,929 - app - INFO - [4ad504b6-247] 请求完成 (244/300)
2025-07-15 21:16:14,287 - app - INFO - [4ad504b6-244] 请求完成 (245/300)
2025-07-15 21:16:14,468 - app - INFO - [4ad504b6-245] 请求完成 (246/300)
2025-07-15 21:16:14,565 - app - INFO - [4ad504b6-246] 请求完成 (247/300)
2025-07-15 21:16:16,328 - app - INFO - [4ad504b6-248] 请求完成 (248/300)
2025-07-15 21:16:16,450 - app - INFO - [4ad504b6-250] 请求完成 (249/300)
2025-07-15 21:16:17,170 - app - INFO - [4ad504b6-249] 请求完成 (250/300)
2025-07-15 21:16:17,202 - app - INFO - [4ad504b6-252] 请求完成 (251/300)
2025-07-15 21:16:17,495 - app - INFO - [4ad504b6-253] 请求完成 (252/300)
2025-07-15 21:16:17,804 - app - INFO - [4ad504b6-251] 请求完成 (253/300)
2025-07-15 21:16:19,201 - app - INFO - [4ad504b6-257] 请求完成 (254/300)
2025-07-15 21:16:19,555 - app - INFO - [4ad504b6-254] 请求完成 (255/300)
2025-07-15 21:16:20,230 - app - INFO - [4ad504b6-259] 请求完成 (256/300)
2025-07-15 21:16:20,339 - app - INFO - [4ad504b6-255] 请求完成 (257/300)
2025-07-15 21:16:20,435 - app - INFO - [4ad504b6-258] 请求完成 (258/300)
2025-07-15 21:16:20,512 - app - INFO - [4ad504b6-256] 请求完成 (259/300)
2025-07-15 21:16:21,961 - app - INFO - [4ad504b6-260] 请求完成 (260/300)
2025-07-15 21:16:22,292 - app - INFO - [4ad504b6-261] 请求完成 (261/300)
2025-07-15 21:16:22,706 - app - INFO - [4ad504b6-263] 请求完成 (262/300)
2025-07-15 21:16:22,725 - app - INFO - [4ad504b6-264] 请求完成 (263/300)
2025-07-15 21:16:23,105 - app - INFO - [4ad504b6-262] 请求完成 (264/300)
2025-07-15 21:16:23,603 - app - INFO - [4ad504b6-265] 请求完成 (265/300)
2025-07-15 21:16:24,369 - app - INFO - [4ad504b6-266] 请求完成 (266/300)
2025-07-15 21:16:24,793 - app - INFO - [4ad504b6-267] 请求完成 (267/300)
2025-07-15 21:16:25,065 - app - INFO - [4ad504b6-269] 请求完成 (268/300)
2025-07-15 21:16:25,402 - app - INFO - [4ad504b6-268] 请求完成 (269/300)
2025-07-15 21:16:25,520 - app - INFO - [4ad504b6-270] 请求完成 (270/300)
2025-07-15 21:16:26,503 - app - INFO - [4ad504b6-271] 请求完成 (271/300)
2025-07-15 21:16:27,447 - app - INFO - [4ad504b6-274] 请求完成 (272/300)
2025-07-15 21:16:27,479 - app - INFO - [4ad504b6-273] 请求完成 (273/300)
2025-07-15 21:16:27,579 - app - INFO - [4ad504b6-272] 请求完成 (274/300)
2025-07-15 21:16:28,835 - app - INFO - [4ad504b6-275] 请求完成 (275/300)
2025-07-15 21:16:29,215 - app - INFO - [4ad504b6-276] 请求完成 (276/300)
2025-07-15 21:16:29,865 - app - INFO - [4ad504b6-277] 请求完成 (277/300)
2025-07-15 21:16:30,123 - app - INFO - [4ad504b6-278] 请求完成 (278/300)
2025-07-15 21:16:30,319 - app - INFO - [4ad504b6-280] 请求完成 (279/300)
2025-07-15 21:16:31,228 - app - INFO - [4ad504b6-281] 请求完成 (280/300)
2025-07-15 21:16:31,393 - app - INFO - [4ad504b6-282] 请求完成 (281/300)
2025-07-15 21:16:32,084 - app - INFO - [4ad504b6-279] 请求完成 (282/300)
2025-07-15 21:16:32,626 - app - INFO - [4ad504b6-284] 请求完成 (283/300)
2025-07-15 21:16:32,784 - app - INFO - [4ad504b6-285] 请求完成 (284/300)
2025-07-15 21:16:33,579 - app - INFO - [4ad504b6-286] 请求完成 (285/300)
2025-07-15 21:16:33,922 - app - INFO - [4ad504b6-287] 请求完成 (286/300)
2025-07-15 21:16:35,176 - app - INFO - [4ad504b6-289] 请求完成 (287/300)
2025-07-15 21:16:35,245 - app - INFO - [4ad504b6-288] 请求完成 (288/300)
2025-07-15 21:16:36,074 - app - INFO - [4ad504b6-290] 请求完成 (289/300)
2025-07-15 21:16:37,102 - app - INFO - [4ad504b6-292] 请求完成 (290/300)
2025-07-15 21:16:37,458 - app - INFO - [4ad504b6-293] 请求完成 (291/300)
2025-07-15 21:16:37,877 - app - INFO - [4ad504b6-294] 请求完成 (292/300)
2025-07-15 21:16:38,583 - app - INFO - [4ad504b6-291] 请求完成 (293/300)
2025-07-15 21:16:38,711 - app - INFO - [4ad504b6-295] 请求完成 (294/300)
2025-07-15 21:16:40,018 - app - INFO - [4ad504b6-296] 请求完成 (295/300)
2025-07-15 21:16:40,020 - app - INFO - [4ad504b6-297] 请求完成 (296/300)
2025-07-15 21:16:40,636 - app - INFO - [4ad504b6-298] 请求完成 (297/300)
2025-07-15 21:16:40,971 - app - INFO - [4ad504b6-299] 请求完成 (298/300)
2025-07-15 21:16:41,497 - app - INFO - [4ad504b6-300] 请求完成 (299/300)
2025-07-15 21:17:16,734 - app - INFO - [4ad504b6-283] 请求完成 (300/300)
2025-07-15 21:17:17,026 - app - INFO - [4ad504b6] === 批量请求处理完成 ===
2025-07-15 21:17:17,026 - app - INFO - [4ad504b6] 总耗时: 190.24秒
2025-07-15 21:17:17,026 - app - INFO - [4ad504b6] 成功: 300/300
2025-07-15 21:21:31,866 - app - INFO - [5eb53f17] === 新的批量聊天请求开始 ===
2025-07-15 21:21:31,869 - app - INFO - [5eb53f17] 批量请求参数: 次数=500, 并发=10
2025-07-15 21:21:34,387 - app - INFO - [5eb53f17-2] 请求完成 (1/500)
2025-07-15 21:21:34,451 - app - INFO - [5eb53f17-8] 请求完成 (2/500)
2025-07-15 21:21:34,476 - app - INFO - [5eb53f17-4] 请求完成 (3/500)
2025-07-15 21:21:34,567 - app - INFO - [5eb53f17-9] 请求完成 (4/500)
2025-07-15 21:21:34,773 - app - INFO - [5eb53f17-10] 请求完成 (5/500)
2025-07-15 21:21:34,827 - app - INFO - [5eb53f17-7] 请求完成 (6/500)
2025-07-15 21:21:34,831 - app - INFO - [5eb53f17-5] 请求完成 (7/500)
2025-07-15 21:21:34,908 - app - INFO - [5eb53f17-1] 请求完成 (8/500)
2025-07-15 21:21:35,247 - app - INFO - [5eb53f17-3] 请求完成 (9/500)
2025-07-15 21:21:36,000 - app - INFO - [5eb53f17-6] 请求完成 (10/500)
2025-07-15 21:21:36,802 - app - INFO - [5eb53f17-15] 请求完成 (11/500)
2025-07-15 21:21:36,866 - app - INFO - [5eb53f17-14] 请求完成 (12/500)
2025-07-15 21:21:37,055 - app - INFO - [5eb53f17-19] 请求完成 (13/500)
2025-07-15 21:24:54,009 - app - INFO - [5eb53f17-22] 请求完成 (14/500)
2025-07-15 21:24:54,015 - app - INFO - [5eb53f17-16] 请求完成 (15/500)
2025-07-15 21:24:54,022 - app - INFO - [5eb53f17-18] 请求完成 (16/500)
2025-07-15 21:24:54,025 - app - INFO - [5eb53f17-11] 请求完成 (17/500)
2025-07-15 21:24:54,027 - app - INFO - [5eb53f17-13] 请求完成 (18/500)
2025-07-15 21:24:54,028 - app - INFO - [5eb53f17-17] 请求完成 (19/500)
2025-07-15 21:24:54,049 - app - INFO - [5eb53f17-12] 请求完成 (20/500)
2025-07-15 21:24:54,050 - app - INFO - [5eb53f17-21] 请求完成 (21/500)
2025-07-15 21:24:54,053 - app - INFO - [5eb53f17-20] 请求完成 (22/500)
2025-07-15 21:24:56,437 - app - INFO - [5eb53f17-32] 请求完成 (23/500)
2025-07-15 21:24:56,594 - app - INFO - [5eb53f17-29] 请求完成 (24/500)
2025-07-15 21:24:56,748 - app - INFO - [5eb53f17-28] 请求完成 (25/500)
2025-07-15 21:24:56,773 - app - INFO - [5eb53f17-31] 请求完成 (26/500)
2025-07-15 21:24:56,843 - app - INFO - [5eb53f17-23] 请求完成 (27/500)
2025-07-15 21:24:56,896 - app - INFO - [5eb53f17-26] 请求完成 (28/500)
2025-07-15 21:24:56,921 - app - INFO - [5eb53f17-30] 请求完成 (29/500)
2025-07-15 21:24:56,971 - app - INFO - [5eb53f17-27] 请求完成 (30/500)
2025-07-15 21:24:57,449 - app - INFO - [5eb53f17-25] 请求完成 (31/500)
2025-07-15 21:24:57,664 - app - INFO - [5eb53f17-24] 请求完成 (32/500)
2025-07-15 21:24:58,882 - app - INFO - [5eb53f17-33] 请求完成 (33/500)
2025-07-15 21:24:58,928 - app - INFO - [5eb53f17-40] 请求完成 (34/500)
2025-07-15 21:24:58,971 - app - INFO - [5eb53f17-34] 请求完成 (35/500)
2025-07-15 21:24:59,381 - app - INFO - [5eb53f17-37] 请求完成 (36/500)
2025-07-15 21:24:59,478 - app - INFO - [5eb53f17-39] 请求完成 (37/500)
2025-07-15 21:24:59,526 - app - INFO - [5eb53f17-35] 请求完成 (38/500)
2025-07-15 21:24:59,592 - app - INFO - [5eb53f17-42] 请求完成 (39/500)
2025-07-15 21:24:59,891 - app - INFO - [5eb53f17-36] 请求完成 (40/500)
2025-07-15 21:25:00,204 - app - INFO - [5eb53f17-41] 请求完成 (41/500)
2025-07-15 21:25:00,483 - app - INFO - [5eb53f17-38] 请求完成 (42/500)
2025-07-15 21:25:01,170 - app - INFO - [5eb53f17-44] 请求完成 (43/500)
2025-07-15 21:25:01,615 - app - INFO - [5eb53f17-43] 请求完成 (44/500)
2025-07-15 21:25:01,650 - app - INFO - [5eb53f17-48] 请求完成 (45/500)
2025-07-15 21:25:01,984 - app - INFO - [5eb53f17-47] 请求完成 (46/500)
2025-07-15 21:25:01,984 - app - INFO - [5eb53f17-49] 请求完成 (47/500)
2025-07-15 21:25:02,241 - app - INFO - [5eb53f17-51] 请求完成 (48/500)
2025-07-15 21:25:02,418 - app - INFO - [5eb53f17-45] 请求完成 (49/500)
2025-07-15 21:25:02,531 - app - INFO - [5eb53f17-46] 请求完成 (50/500)
2025-07-15 21:25:02,941 - app - INFO - [5eb53f17-50] 请求完成 (51/500)
2025-07-15 21:25:03,196 - app - INFO - [5eb53f17-52] 请求完成 (52/500)
2025-07-15 21:25:03,556 - app - INFO - [5eb53f17-53] 请求完成 (53/500)
2025-07-15 21:25:04,096 - app - INFO - [5eb53f17-54] 请求完成 (54/500)
2025-07-15 21:25:04,414 - app - INFO - [5eb53f17-58] 请求完成 (55/500)
2025-07-15 21:25:05,003 - app - INFO - [5eb53f17-57] 请求完成 (56/500)
2025-07-15 21:25:05,013 - app - INFO - [5eb53f17-56] 请求完成 (57/500)
2025-07-15 21:25:05,090 - app - INFO - [5eb53f17-55] 请求完成 (58/500)
2025-07-15 21:25:05,328 - app - INFO - [5eb53f17-60] 请求完成 (59/500)
2025-07-15 21:25:05,678 - app - INFO - [5eb53f17-63] 请求完成 (60/500)
2025-07-15 21:25:05,810 - app - INFO - [5eb53f17-61] 请求完成 (61/500)
2025-07-15 21:25:06,338 - app - INFO - [5eb53f17-64] 请求完成 (62/500)
2025-07-15 21:25:06,584 - app - INFO - [5eb53f17-62] 请求完成 (63/500)
2025-07-15 21:25:07,197 - app - INFO - [5eb53f17-65] 请求完成 (64/500)
2025-07-15 21:25:07,267 - app - INFO - [5eb53f17-67] 请求完成 (65/500)
2025-07-15 21:25:07,406 - app - INFO - [5eb53f17-68] 请求完成 (66/500)
2025-07-15 21:25:07,697 - app - INFO - [5eb53f17-66] 请求完成 (67/500)
2025-07-15 21:25:08,184 - app - INFO - [5eb53f17-70] 请求完成 (68/500)
2025-07-15 21:25:08,616 - app - INFO - [5eb53f17-59] 请求完成 (69/500)
2025-07-15 21:25:08,687 - app - INFO - [5eb53f17-71] 请求完成 (70/500)
2025-07-15 21:25:08,751 - app - INFO - [5eb53f17-69] 请求完成 (71/500)
2025-07-15 21:25:09,231 - app - INFO - [5eb53f17-72] 请求完成 (72/500)
2025-07-15 21:25:09,265 - app - INFO - [5eb53f17-74] 请求完成 (73/500)
2025-07-15 21:25:09,624 - app - INFO - [5eb53f17-73] 请求完成 (74/500)
2025-07-15 21:25:10,081 - app - INFO - [5eb53f17-77] 请求完成 (75/500)
2025-07-15 21:25:10,091 - app - INFO - [5eb53f17-76] 请求完成 (76/500)
2025-07-15 21:25:10,096 - app - INFO - [5eb53f17-75] 请求完成 (77/500)
2025-07-15 21:25:10,547 - app - INFO - [5eb53f17-78] 请求完成 (78/500)
2025-07-15 21:25:10,960 - app - INFO - [5eb53f17-79] 请求完成 (79/500)
2025-07-15 21:25:11,232 - app - INFO - [5eb53f17-82] 请求完成 (80/500)
2025-07-15 21:25:11,597 - app - INFO - [5eb53f17-80] 请求完成 (81/500)
2025-07-15 21:25:11,772 - app - INFO - [5eb53f17-81] 请求完成 (82/500)
2025-07-15 21:25:12,187 - app - INFO - [5eb53f17-84] 请求完成 (83/500)
2025-07-15 21:25:12,441 - app - INFO - [5eb53f17-86] 请求完成 (84/500)
2025-07-15 21:25:12,469 - app - INFO - [5eb53f17-83] 请求完成 (85/500)
2025-07-15 21:25:12,757 - app - INFO - [5eb53f17-87] 请求完成 (86/500)
2025-07-15 21:25:12,774 - app - INFO - [5eb53f17-85] 请求完成 (87/500)
2025-07-15 21:25:12,978 - app - INFO - [5eb53f17-88] 请求完成 (88/500)
2025-07-15 21:25:13,453 - app - INFO - [5eb53f17-89] 请求完成 (89/500)
2025-07-15 21:25:14,227 - app - INFO - [5eb53f17-90] 请求完成 (90/500)
2025-07-15 21:25:14,428 - app - INFO - [5eb53f17-91] 请求完成 (91/500)
2025-07-15 21:25:14,813 - app - INFO - [5eb53f17-92] 请求完成 (92/500)
2025-07-15 21:25:14,828 - app - INFO - [5eb53f17-94] 请求完成 (93/500)
2025-07-15 21:25:14,967 - app - INFO - [5eb53f17-96] 请求完成 (94/500)
2025-07-15 21:25:15,073 - app - INFO - [5eb53f17-93] 请求完成 (95/500)
2025-07-15 21:25:15,835 - app - INFO - [5eb53f17-99] 请求完成 (96/500)
2025-07-15 21:25:15,870 - app - INFO - [5eb53f17-97] 请求完成 (97/500)
2025-07-15 21:25:15,893 - app - INFO - [5eb53f17-98] 请求完成 (98/500)
2025-07-15 21:25:15,943 - app - INFO - [5eb53f17-95] 请求完成 (99/500)
2025-07-15 21:25:16,498 - app - INFO - [5eb53f17-100] 请求完成 (100/500)
2025-07-15 21:25:17,014 - app - INFO - [5eb53f17-101] 请求完成 (101/500)
2025-07-15 21:25:17,246 - app - INFO - [5eb53f17-102] 请求完成 (102/500)
2025-07-15 21:25:17,317 - app - INFO - [5eb53f17-103] 请求完成 (103/500)
2025-07-15 21:25:17,563 - app - INFO - [5eb53f17-105] 请求完成 (104/500)
2025-07-15 21:25:17,717 - app - INFO - [5eb53f17-104] 请求完成 (105/500)
2025-07-15 21:25:18,035 - app - INFO - [5eb53f17-107] 请求完成 (106/500)
2025-07-15 21:25:18,134 - app - INFO - [5eb53f17-108] 请求完成 (107/500)
2025-07-15 21:25:18,138 - app - INFO - [5eb53f17-106] 请求完成 (108/500)
2025-07-15 21:25:18,361 - app - INFO - [5eb53f17-109] 请求完成 (109/500)
2025-07-15 21:25:19,268 - app - INFO - [5eb53f17-110] 请求完成 (110/500)
2025-07-15 21:25:19,436 - app - INFO - [5eb53f17-111] 请求完成 (111/500)
2025-07-15 21:25:19,614 - app - INFO - [5eb53f17-113] 请求完成 (112/500)
2025-07-15 21:25:20,189 - app - INFO - [5eb53f17-112] 请求完成 (113/500)
2025-07-15 21:25:20,203 - app - INFO - [5eb53f17-114] 请求完成 (114/500)
2025-07-15 21:25:20,288 - app - INFO - [5eb53f17-116] 请求完成 (115/500)
2025-07-15 21:25:20,453 - app - INFO - [5eb53f17-115] 请求完成 (116/500)
2025-07-15 21:25:20,594 - app - INFO - [5eb53f17-117] 请求完成 (117/500)
2025-07-15 21:25:20,696 - app - INFO - [5eb53f17-118] 请求完成 (118/500)
2025-07-15 21:25:20,979 - app - INFO - [5eb53f17-119] 请求完成 (119/500)
2025-07-15 21:25:21,278 - app - INFO - [5eb53f17-120] 请求完成 (120/500)
2025-07-15 21:25:21,980 - app - INFO - [5eb53f17-121] 请求完成 (121/500)
2025-07-15 21:25:22,506 - app - INFO - [5eb53f17-124] 请求完成 (122/500)
2025-07-15 21:25:22,744 - app - INFO - [5eb53f17-122] 请求完成 (123/500)
2025-07-15 21:25:22,777 - app - INFO - [5eb53f17-125] 请求完成 (124/500)
2025-07-15 21:25:23,194 - app - INFO - [5eb53f17-123] 请求完成 (125/500)
2025-07-15 21:25:23,316 - app - INFO - [5eb53f17-126] 请求完成 (126/500)
2025-07-15 21:25:23,968 - app - INFO - [5eb53f17-129] 请求完成 (127/500)
2025-07-15 21:25:24,323 - app - INFO - [5eb53f17-128] 请求完成 (128/500)
2025-07-15 21:25:24,781 - app - INFO - [5eb53f17-131] 请求完成 (129/500)
2025-07-15 21:25:24,814 - app - INFO - [5eb53f17-132] 请求完成 (130/500)
2025-07-15 21:25:24,893 - app - INFO - [5eb53f17-130] 请求完成 (131/500)
2025-07-15 21:25:25,494 - app - INFO - [5eb53f17-133] 请求完成 (132/500)
2025-07-15 21:25:25,751 - app - INFO - [5eb53f17-134] 请求完成 (133/500)
2025-07-15 21:25:26,767 - app - INFO - [5eb53f17-136] 请求完成 (134/500)
2025-07-15 21:25:28,525 - app - INFO - [5eb53f17-127] 请求完成 (135/500)
2025-07-15 21:25:29,128 - app - INFO - [5eb53f17-138] 请求完成 (136/500)
2025-07-15 21:25:29,551 - app - INFO - [5eb53f17-144] 请求完成 (137/500)
2025-07-15 21:25:29,601 - app - INFO - [5eb53f17-142] 请求完成 (138/500)
2025-07-15 21:25:29,764 - app - INFO - [5eb53f17-143] 请求完成 (139/500)
2025-07-15 21:25:30,417 - app - INFO - [5eb53f17-137] 请求完成 (140/500)
2025-07-15 21:25:34,234 - app - INFO - [5eb53f17-139] 请求完成 (141/500)
2025-07-15 21:25:37,766 - app - INFO - [5eb53f17-151] 请求完成 (142/500)
2025-07-15 21:25:38,102 - app - INFO - [5eb53f17-148] 请求完成 (143/500)
2025-07-15 21:25:38,172 - app - INFO - [5eb53f17-149] 请求完成 (144/500)
2025-07-15 21:25:39,017 - app - INFO - [5eb53f17-147] 请求完成 (145/500)
2025-07-15 21:25:39,615 - app - INFO - [5eb53f17-135] 请求完成 (146/500)
2025-07-15 21:25:41,098 - app - INFO - [5eb53f17-140] 请求完成 (147/500)
2025-07-15 21:25:41,194 - app - INFO - [5eb53f17-141] 请求完成 (148/500)
2025-07-15 21:25:44,932 - app - INFO - [5eb53f17-145] 请求完成 (149/500)
2025-07-15 21:25:45,564 - app - INFO - [5eb53f17-146] 请求完成 (150/500)
2025-07-15 21:25:46,462 - app - INFO - [5eb53f17-152] 请求完成 (151/500)
2025-07-15 21:25:46,752 - app - INFO - [5eb53f17-150] 请求完成 (152/500)
2025-07-15 21:25:54,454 - app - INFO - [5eb53f17-154] 请求完成 (153/500)
2025-07-15 21:25:54,659 - app - INFO - [5eb53f17-153] 请求完成 (154/500)
2025-07-15 21:25:55,481 - app - INFO - [5eb53f17-155] 请求完成 (155/500)
2025-07-15 21:25:55,974 - app - INFO - [5eb53f17-156] 请求完成 (156/500)
2025-07-15 21:25:57,375 - app - INFO - [5eb53f17-158] 请求完成 (157/500)
2025-07-15 21:25:57,398 - app - INFO - [5eb53f17-157] 请求完成 (158/500)
2025-07-15 21:25:58,412 - app - INFO - [5eb53f17-164] 请求完成 (159/500)
2025-07-15 21:25:59,450 - app - INFO - [5eb53f17-159] 请求完成 (160/500)
2025-07-15 21:26:01,966 - app - INFO - [5eb53f17-160] 请求完成 (161/500)
2025-07-15 21:26:02,825 - app - INFO - [5eb53f17-161] 请求完成 (162/500)
2025-07-15 21:26:03,173 - app - INFO - [5eb53f17-162] 请求完成 (163/500)
2025-07-15 21:26:10,618 - app - INFO - [5eb53f17-165] 请求完成 (164/500)
2025-07-15 21:26:10,837 - app - INFO - [5eb53f17-171] 请求完成 (165/500)
2025-07-15 21:26:11,072 - app - INFO - [5eb53f17-167] 请求完成 (166/500)
2025-07-15 21:26:11,109 - app - INFO - [5eb53f17-168] 请求完成 (167/500)
2025-07-15 21:26:11,140 - app - INFO - [5eb53f17-173] 请求完成 (168/500)
2025-07-15 21:26:11,244 - app - INFO - [5eb53f17-163] 请求完成 (169/500)
2025-07-15 21:26:11,263 - app - INFO - [5eb53f17-172] 请求完成 (170/500)
2025-07-15 21:26:11,608 - app - INFO - [5eb53f17-166] 请求完成 (171/500)
2025-07-15 21:26:12,452 - app - INFO - [5eb53f17-169] 请求完成 (172/500)
2025-07-15 21:26:13,356 - app - INFO - [5eb53f17-175] 请求完成 (173/500)
2025-07-15 21:26:13,497 - app - INFO - [5eb53f17-178] 请求完成 (174/500)
2025-07-15 21:26:13,507 - app - INFO - [5eb53f17-170] 请求完成 (175/500)
2025-07-15 21:26:13,602 - app - INFO - [5eb53f17-176] 请求完成 (176/500)
2025-07-15 21:26:13,815 - app - INFO - [5eb53f17-179] 请求完成 (177/500)
2025-07-15 21:26:14,068 - app - INFO - [5eb53f17-177] 请求完成 (178/500)
2025-07-15 21:26:14,146 - app - INFO - [5eb53f17-174] 请求完成 (179/500)
2025-07-15 21:26:14,307 - app - INFO - [5eb53f17-181] 请求完成 (180/500)
2025-07-15 21:26:14,533 - app - INFO - [5eb53f17-182] 请求完成 (181/500)
2025-07-15 21:26:15,309 - app - INFO - [5eb53f17-183] 请求完成 (182/500)
2025-07-15 21:26:15,787 - app - INFO - [5eb53f17-185] 请求完成 (183/500)
2025-07-15 21:26:15,798 - app - INFO - [5eb53f17-184] 请求完成 (184/500)
2025-07-15 21:26:15,904 - app - INFO - [5eb53f17-180] 请求完成 (185/500)
2025-07-15 21:26:16,212 - app - INFO - [5eb53f17-187] 请求完成 (186/500)
2025-07-15 21:26:16,620 - app - INFO - [5eb53f17-189] 请求完成 (187/500)
2025-07-15 21:26:16,723 - app - INFO - [5eb53f17-188] 请求完成 (188/500)
2025-07-15 21:26:16,785 - app - INFO - [5eb53f17-186] 请求完成 (189/500)
2025-07-15 21:26:17,124 - app - INFO - [5eb53f17-191] 请求完成 (190/500)
2025-07-15 21:26:17,464 - app - INFO - [5eb53f17-190] 请求完成 (191/500)
2025-07-15 21:26:17,639 - app - INFO - [5eb53f17-192] 请求完成 (192/500)
2025-07-15 21:26:18,551 - app - INFO - [5eb53f17-196] 请求完成 (193/500)
2025-07-15 21:26:18,564 - app - INFO - [5eb53f17-193] 请求完成 (194/500)
2025-07-15 21:26:18,806 - app - INFO - [5eb53f17-195] 请求完成 (195/500)
2025-07-15 21:26:19,130 - app - INFO - [5eb53f17-197] 请求完成 (196/500)
2025-07-15 21:26:19,289 - app - INFO - [5eb53f17-198] 请求完成 (197/500)
2025-07-15 21:26:19,539 - app - INFO - [5eb53f17-194] 请求完成 (198/500)
2025-07-15 21:26:19,644 - app - INFO - [5eb53f17-199] 请求完成 (199/500)
2025-07-15 21:26:20,052 - app - INFO - [5eb53f17-200] 请求完成 (200/500)
2025-07-15 21:26:20,318 - app - INFO - [5eb53f17-201] 请求完成 (201/500)
2025-07-15 21:26:20,792 - app - INFO - [5eb53f17-205] 请求完成 (202/500)
2025-07-15 21:26:20,831 - app - INFO - [5eb53f17-204] 请求完成 (203/500)
2025-07-15 21:26:20,907 - app - INFO - [5eb53f17-202] 请求完成 (204/500)
2025-07-15 21:26:21,040 - app - INFO - [5eb53f17-203] 请求完成 (205/500)
2025-07-15 21:26:21,458 - app - INFO - [5eb53f17-207] 请求完成 (206/500)
2025-07-15 21:26:21,771 - app - INFO - [5eb53f17-206] 请求完成 (207/500)
2025-07-15 21:26:22,156 - app - INFO - [5eb53f17-209] 请求完成 (208/500)
2025-07-15 21:26:22,326 - app - INFO - [5eb53f17-210] 请求完成 (209/500)
2025-07-15 21:26:22,687 - app - INFO - [5eb53f17-211] 请求完成 (210/500)
2025-07-15 21:26:22,702 - app - INFO - [5eb53f17-208] 请求完成 (211/500)
2025-07-15 21:26:23,464 - app - INFO - [5eb53f17-213] 请求完成 (212/500)
2025-07-15 21:26:23,471 - app - INFO - [5eb53f17-212] 请求完成 (213/500)
2025-07-15 21:26:23,705 - app - INFO - [5eb53f17-214] 请求完成 (214/500)
2025-07-15 21:26:24,520 - app - INFO - [5eb53f17-215] 请求完成 (215/500)
2025-07-15 21:26:24,596 - app - INFO - [5eb53f17-216] 请求完成 (216/500)
2025-07-15 21:26:25,043 - app - INFO - [5eb53f17-218] 请求完成 (217/500)
2025-07-15 21:26:25,159 - app - INFO - [5eb53f17-219] 请求完成 (218/500)
2025-07-15 21:26:25,234 - app - INFO - [5eb53f17-220] 请求完成 (219/500)
2025-07-15 21:26:25,346 - app - INFO - [5eb53f17-221] 请求完成 (220/500)
2025-07-15 21:26:25,681 - app - INFO - [5eb53f17-217] 请求完成 (221/500)
2025-07-15 21:26:26,009 - app - INFO - [5eb53f17-224] 请求完成 (222/500)
2025-07-15 21:26:26,121 - app - INFO - [5eb53f17-223] 请求完成 (223/500)
2025-07-15 21:26:26,561 - app - INFO - [5eb53f17-222] 请求完成 (224/500)
2025-07-15 21:26:26,916 - app - INFO - [5eb53f17-225] 请求完成 (225/500)
2025-07-15 21:26:27,250 - app - INFO - [5eb53f17-226] 请求完成 (226/500)
2025-07-15 21:26:27,707 - app - INFO - [5eb53f17-230] 请求完成 (227/500)
2025-07-15 21:26:27,708 - app - INFO - [5eb53f17-229] 请求完成 (228/500)
2025-07-15 21:26:27,792 - app - INFO - [5eb53f17-227] 请求完成 (229/500)
2025-07-15 21:26:28,032 - app - INFO - [5eb53f17-228] 请求完成 (230/500)
2025-07-15 21:26:28,093 - app - INFO - [5eb53f17-232] 请求完成 (231/500)
2025-07-15 21:26:28,505 - app - INFO - [5eb53f17-231] 请求完成 (232/500)
2025-07-15 21:26:28,603 - app - INFO - [5eb53f17-233] 请求完成 (233/500)
2025-07-15 21:26:29,189 - app - INFO - [5eb53f17-234] 请求完成 (234/500)
2025-07-15 21:26:29,928 - app - INFO - [5eb53f17-235] 请求完成 (235/500)
2025-07-15 21:26:30,051 - app - INFO - [5eb53f17-236] 请求完成 (236/500)
2025-07-15 21:26:30,403 - app - INFO - [5eb53f17-239] 请求完成 (237/500)
2025-07-15 21:26:30,725 - app - INFO - [5eb53f17-237] 请求完成 (238/500)
2025-07-15 21:26:30,773 - app - INFO - [5eb53f17-238] 请求完成 (239/500)
2025-07-15 21:26:30,900 - app - INFO - [5eb53f17-240] 请求完成 (240/500)
2025-07-15 21:26:31,341 - app - INFO - [5eb53f17-242] 请求完成 (241/500)
2025-07-15 21:26:31,531 - app - INFO - [5eb53f17-243] 请求完成 (242/500)
2025-07-15 21:26:31,595 - app - INFO - [5eb53f17-244] 请求完成 (243/500)
2025-07-15 21:26:32,720 - app - INFO - [5eb53f17-246] 请求完成 (244/500)
2025-07-15 21:26:32,933 - app - INFO - [5eb53f17-248] 请求完成 (245/500)
2025-07-15 21:26:33,219 - app - INFO - [5eb53f17-245] 请求完成 (246/500)
2025-07-15 21:26:33,572 - app - INFO - [5eb53f17-247] 请求完成 (247/500)
2025-07-15 21:26:33,733 - app - INFO - [5eb53f17-251] 请求完成 (248/500)
2025-07-15 21:26:35,003 - app - INFO - [5eb53f17-252] 请求完成 (249/500)
2025-07-15 21:26:35,251 - app - INFO - [5eb53f17-253] 请求完成 (250/500)
2025-07-15 21:26:35,620 - app - INFO - [5eb53f17-254] 请求完成 (251/500)
2025-07-15 21:26:36,497 - app - INFO - [5eb53f17-241] 请求完成 (252/500)
2025-07-15 21:26:36,629 - app - INFO - [5eb53f17-249] 请求完成 (253/500)
2025-07-15 21:26:38,532 - app - INFO - [5eb53f17-259] 请求完成 (254/500)
2025-07-15 21:26:38,564 - app - INFO - [5eb53f17-261] 请求完成 (255/500)
2025-07-15 21:26:38,931 - app - INFO - [5eb53f17-257] 请求完成 (256/500)
2025-07-15 21:26:38,994 - app - INFO - [5eb53f17-250] 请求完成 (257/500)
2025-07-15 21:26:39,024 - app - INFO - [5eb53f17-260] 请求完成 (258/500)
2025-07-15 21:26:39,385 - app - INFO - [5eb53f17-263] 请求完成 (259/500)
2025-07-15 21:26:41,027 - app - INFO - [5eb53f17-262] 请求完成 (260/500)
2025-07-15 21:26:44,912 - app - INFO - [5eb53f17-258] 请求完成 (261/500)
2025-07-15 21:26:49,253 - app - INFO - [5eb53f17-255] 请求完成 (262/500)
2025-07-15 21:26:49,632 - app - INFO - [5eb53f17-256] 请求完成 (263/500)
2025-07-15 21:26:50,056 - app - INFO - [5eb53f17-266] 请求完成 (264/500)
2025-07-15 21:26:50,238 - app - INFO - [5eb53f17-267] 请求完成 (265/500)
2025-07-15 21:26:50,718 - app - INFO - [5eb53f17-264] 请求完成 (266/500)
2025-07-15 21:26:53,147 - app - INFO - [5eb53f17-273] 请求完成 (267/500)
2025-07-15 21:26:54,982 - app - INFO - [5eb53f17-265] 请求完成 (268/500)
2025-07-15 21:26:55,393 - app - INFO - [5eb53f17-268] 请求完成 (269/500)
2025-07-15 21:26:55,779 - app - INFO - [5eb53f17-269] 请求完成 (270/500)
2025-07-15 21:26:57,357 - app - INFO - [5eb53f17-270] 请求完成 (271/500)
2025-07-15 21:27:01,321 - app - INFO - [5eb53f17-271] 请求完成 (272/500)
2025-07-15 21:27:05,556 - app - INFO - [5eb53f17-272] 请求完成 (273/500)
2025-07-15 21:27:06,492 - app - INFO - [5eb53f17-274] 请求完成 (274/500)
2025-07-15 21:27:06,546 - app - INFO - [5eb53f17-275] 请求完成 (275/500)
2025-07-15 21:27:07,109 - app - INFO - [5eb53f17-276] 请求完成 (276/500)
2025-07-15 21:27:09,532 - app - INFO - [5eb53f17-277] 请求完成 (277/500)
2025-07-15 21:27:09,761 - app - INFO - [5eb53f17-278] 请求完成 (278/500)
2025-07-15 21:27:11,843 - app - INFO - [5eb53f17-279] 请求完成 (279/500)
2025-07-15 21:27:12,171 - app - INFO - [5eb53f17-280] 请求完成 (280/500)
2025-07-15 21:27:13,639 - app - INFO - [5eb53f17-281] 请求完成 (281/500)
2025-07-15 21:27:17,820 - app - INFO - [5eb53f17-282] 请求完成 (282/500)
2025-07-15 21:27:20,675 - app - INFO - [5eb53f17-286] 请求完成 (283/500)
2025-07-15 21:27:21,781 - app - INFO - [5eb53f17-283] 请求完成 (284/500)
2025-07-15 21:27:22,920 - app - INFO - [5eb53f17-284] 请求完成 (285/500)
2025-07-15 21:27:23,069 - app - INFO - [5eb53f17-285] 请求完成 (286/500)
2025-07-15 21:27:25,109 - app - INFO - [5eb53f17-294] 请求完成 (287/500)
2025-07-15 21:27:25,272 - app - INFO - [5eb53f17-288] 请求完成 (288/500)
2025-07-15 21:27:25,385 - app - INFO - [5eb53f17-287] 请求完成 (289/500)
2025-07-15 21:27:25,479 - app - INFO - [5eb53f17-296] 请求完成 (290/500)
2025-07-15 21:27:25,546 - app - INFO - [5eb53f17-295] 请求完成 (291/500)
2025-07-15 21:27:25,636 - app - INFO - [5eb53f17-292] 请求完成 (292/500)
2025-07-15 21:27:25,734 - app - INFO - [5eb53f17-289] 请求完成 (293/500)
2025-07-15 21:27:25,944 - app - INFO - [5eb53f17-293] 请求完成 (294/500)
2025-07-15 21:27:26,095 - app - INFO - [5eb53f17-290] 请求完成 (295/500)
2025-07-15 21:27:27,348 - app - INFO - [5eb53f17-297] 请求完成 (296/500)
2025-07-15 21:27:27,478 - app - INFO - [5eb53f17-298] 请求完成 (297/500)
2025-07-15 21:27:27,588 - app - INFO - [5eb53f17-291] 请求完成 (298/500)
2025-07-15 21:27:27,598 - app - INFO - [5eb53f17-299] 请求完成 (299/500)
2025-07-15 21:27:28,196 - app - INFO - [5eb53f17-303] 请求完成 (300/500)
2025-07-15 21:27:28,299 - app - INFO - [5eb53f17-301] 请求完成 (301/500)
2025-07-15 21:27:28,518 - app - INFO - [5eb53f17-300] 请求完成 (302/500)
2025-07-15 21:27:28,753 - app - INFO - [5eb53f17-305] 请求完成 (303/500)
2025-07-15 21:27:29,133 - app - INFO - [5eb53f17-304] 请求完成 (304/500)
2025-07-15 21:27:29,495 - app - INFO - [5eb53f17-302] 请求完成 (305/500)
2025-07-15 21:27:29,625 - app - INFO - [5eb53f17-306] 请求完成 (306/500)
2025-07-15 21:27:29,813 - app - INFO - [5eb53f17-307] 请求完成 (307/500)
2025-07-15 21:27:30,163 - app - INFO - [5eb53f17-309] 请求完成 (308/500)
2025-07-15 21:27:30,386 - app - INFO - [5eb53f17-308] 请求完成 (309/500)
2025-07-15 21:27:30,919 - app - INFO - [5eb53f17-310] 请求完成 (310/500)
2025-07-15 21:27:31,087 - app - INFO - [5eb53f17-313] 请求完成 (311/500)
2025-07-15 21:27:31,731 - app - INFO - [5eb53f17-315] 请求完成 (312/500)
2025-07-15 21:27:31,754 - app - INFO - [5eb53f17-311] 请求完成 (313/500)
2025-07-15 21:27:31,844 - app - INFO - [5eb53f17-312] 请求完成 (314/500)
2025-07-15 21:27:31,994 - app - INFO - [5eb53f17-316] 请求完成 (315/500)
2025-07-15 21:27:32,051 - app - INFO - [5eb53f17-314] 请求完成 (316/500)
2025-07-15 21:27:32,877 - app - INFO - [5eb53f17-317] 请求完成 (317/500)
2025-07-15 21:27:33,282 - app - INFO - [5eb53f17-319] 请求完成 (318/500)
2025-07-15 21:27:33,301 - app - INFO - [5eb53f17-321] 请求完成 (319/500)
2025-07-15 21:27:33,466 - app - INFO - [5eb53f17-318] 请求完成 (320/500)
2025-07-15 21:27:33,483 - app - INFO - [5eb53f17-320] 请求完成 (321/500)
2025-07-15 21:27:34,309 - app - INFO - [5eb53f17-322] 请求完成 (322/500)
2025-07-15 21:27:34,358 - app - INFO - [5eb53f17-323] 请求完成 (323/500)
2025-07-15 21:27:34,413 - app - INFO - [5eb53f17-325] 请求完成 (324/500)
2025-07-15 21:27:34,622 - app - INFO - [5eb53f17-326] 请求完成 (325/500)
2025-07-15 21:27:34,783 - app - INFO - [5eb53f17-324] 请求完成 (326/500)
2025-07-15 21:27:35,250 - app - INFO - [5eb53f17-327] 请求完成 (327/500)
2025-07-15 21:27:35,619 - app - INFO - [5eb53f17-329] 请求完成 (328/500)
2025-07-15 21:27:35,893 - app - INFO - [5eb53f17-328] 请求完成 (329/500)
2025-07-15 21:27:36,222 - app - INFO - [5eb53f17-330] 请求完成 (330/500)
2025-07-15 21:27:36,502 - app - INFO - [5eb53f17-331] 请求完成 (331/500)
2025-07-15 21:27:36,977 - app - INFO - [5eb53f17-333] 请求完成 (332/500)
2025-07-15 21:27:37,355 - app - INFO - [5eb53f17-336] 请求完成 (333/500)
2025-07-15 21:27:37,377 - app - INFO - [5eb53f17-337] 请求完成 (334/500)
2025-07-15 21:27:37,410 - app - INFO - [5eb53f17-335] 请求完成 (335/500)
2025-07-15 21:27:37,542 - app - INFO - [5eb53f17-334] 请求完成 (336/500)
2025-07-15 21:27:37,702 - app - INFO - [5eb53f17-332] 请求完成 (337/500)
2025-07-15 21:27:38,197 - app - INFO - [5eb53f17-338] 请求完成 (338/500)
2025-07-15 21:27:38,431 - app - INFO - [5eb53f17-339] 请求完成 (339/500)
2025-07-15 21:27:38,484 - app - INFO - [5eb53f17-340] 请求完成 (340/500)
2025-07-15 21:27:39,376 - app - INFO - [5eb53f17-342] 请求完成 (341/500)
2025-07-15 21:27:39,795 - app - INFO - [5eb53f17-341] 请求完成 (342/500)
2025-07-15 21:27:39,796 - app - INFO - [5eb53f17-344] 请求完成 (343/500)
2025-07-15 21:27:39,845 - app - INFO - [5eb53f17-346] 请求完成 (344/500)
2025-07-15 21:27:40,126 - app - INFO - [5eb53f17-345] 请求完成 (345/500)
2025-07-15 21:27:40,257 - app - INFO - [5eb53f17-348] 请求完成 (346/500)
2025-07-15 21:27:40,852 - app - INFO - [5eb53f17-347] 请求完成 (347/500)
2025-07-15 21:27:40,961 - app - INFO - [5eb53f17-350] 请求完成 (348/500)
2025-07-15 21:27:41,540 - app - INFO - [5eb53f17-343] 请求完成 (349/500)
2025-07-15 21:27:41,558 - app - INFO - [5eb53f17-349] 请求完成 (350/500)
2025-07-15 21:27:42,008 - app - INFO - [5eb53f17-352] 请求完成 (351/500)
2025-07-15 21:27:42,498 - app - INFO - [5eb53f17-355] 请求完成 (352/500)
2025-07-15 21:27:42,500 - app - INFO - [5eb53f17-351] 请求完成 (353/500)
2025-07-15 21:27:42,702 - app - INFO - [5eb53f17-354] 请求完成 (354/500)
2025-07-15 21:27:43,250 - app - INFO - [5eb53f17-353] 请求完成 (355/500)
2025-07-15 21:27:43,369 - app - INFO - [5eb53f17-356] 请求完成 (356/500)
2025-07-15 21:27:43,465 - app - INFO - [5eb53f17-360] 请求完成 (357/500)
2025-07-15 21:27:43,569 - app - INFO - [5eb53f17-358] 请求完成 (358/500)
2025-07-15 21:27:43,999 - app - INFO - [5eb53f17-359] 请求完成 (359/500)
2025-07-15 21:27:44,155 - app - INFO - [5eb53f17-357] 请求完成 (360/500)
2025-07-15 21:27:44,977 - app - INFO - [5eb53f17-363] 请求完成 (361/500)
2025-07-15 21:27:45,517 - app - INFO - [5eb53f17-362] 请求完成 (362/500)
2025-07-15 21:27:45,578 - app - INFO - [5eb53f17-361] 请求完成 (363/500)
2025-07-15 21:27:45,984 - app - INFO - [5eb53f17-366] 请求完成 (364/500)
2025-07-15 21:27:48,533 - app - INFO - [5eb53f17-374] 请求完成 (365/500)
2025-07-15 21:27:48,684 - app - INFO - [5eb53f17-372] 请求完成 (366/500)
2025-07-15 21:27:48,807 - app - INFO - [5eb53f17-371] 请求完成 (367/500)
2025-07-15 21:27:48,927 - app - INFO - [5eb53f17-373] 请求完成 (368/500)
2025-07-15 21:27:48,980 - app - INFO - [5eb53f17-368] 请求完成 (369/500)
2025-07-15 21:27:49,152 - app - INFO - [5eb53f17-369] 请求完成 (370/500)
2025-07-15 21:27:49,523 - app - INFO - [5eb53f17-370] 请求完成 (371/500)
2025-07-15 21:27:57,686 - app - INFO - [5eb53f17-378] 请求完成 (372/500)
2025-07-15 21:27:58,812 - app - INFO - [5eb53f17-365] 请求完成 (373/500)
2025-07-15 21:27:58,945 - app - INFO - [5eb53f17-379] 请求完成 (374/500)
2025-07-15 21:27:59,197 - app - INFO - [5eb53f17-364] 请求完成 (375/500)
2025-07-15 21:27:59,714 - app - INFO - [5eb53f17-367] 请求完成 (376/500)
2025-07-15 21:28:04,835 - app - INFO - [5eb53f17-375] 请求完成 (377/500)
2025-07-15 21:28:05,059 - app - INFO - [5eb53f17-376] 请求完成 (378/500)
2025-07-15 21:28:05,127 - app - INFO - [5eb53f17-377] 请求完成 (379/500)
2025-07-15 21:28:05,614 - app - INFO - [5eb53f17-380] 请求完成 (380/500)
2025-07-15 21:28:05,952 - app - INFO - [5eb53f17-381] 请求完成 (381/500)
2025-07-15 21:28:06,925 - app - INFO - [5eb53f17-384] 请求完成 (382/500)
2025-07-15 21:28:08,403 - app - INFO - [5eb53f17-386] 请求完成 (383/500)
2025-07-15 21:28:14,063 - app - INFO - [5eb53f17-382] 请求完成 (384/500)
2025-07-15 21:28:15,102 - app - INFO - [5eb53f17-383] 请求完成 (385/500)
2025-07-15 21:28:15,549 - app - INFO - [5eb53f17-385] 请求完成 (386/500)
2025-07-15 21:28:21,308 - app - INFO - [5eb53f17-387] 请求完成 (387/500)
2025-07-15 21:28:21,450 - app - INFO - [5eb53f17-389] 请求完成 (388/500)
2025-07-15 21:28:21,542 - app - INFO - [5eb53f17-388] 请求完成 (389/500)
2025-07-15 21:28:22,030 - app - INFO - [5eb53f17-390] 请求完成 (390/500)
2025-07-15 21:28:22,436 - app - INFO - [5eb53f17-391] 请求完成 (391/500)
2025-07-15 21:28:23,220 - app - INFO - [5eb53f17-392] 请求完成 (392/500)
2025-07-15 21:28:24,843 - app - INFO - [5eb53f17-393] 请求完成 (393/500)
2025-07-15 21:28:28,785 - app - INFO - [5eb53f17-394] 请求完成 (394/500)
2025-07-15 21:28:31,425 - app - INFO - [5eb53f17-395] 请求完成 (395/500)
2025-07-15 21:28:31,796 - app - INFO - [5eb53f17-396] 请求完成 (396/500)
2025-07-15 21:28:35,294 - app - INFO - [5eb53f17-406] 请求完成 (397/500)
2025-07-15 21:28:36,193 - app - INFO - [5eb53f17-399] 请求完成 (398/500)
2025-07-15 21:28:37,604 - app - INFO - [5eb53f17-400] 请求完成 (399/500)
2025-07-15 21:28:37,629 - app - INFO - [5eb53f17-397] 请求完成 (400/500)
2025-07-15 21:28:37,979 - app - INFO - [5eb53f17-398] 请求完成 (401/500)
2025-07-15 21:28:38,797 - app - INFO - [5eb53f17-401] 请求完成 (402/500)
2025-07-15 21:28:39,549 - app - INFO - [5eb53f17-402] 请求完成 (403/500)
2025-07-15 21:28:39,925 - app - INFO - [5eb53f17-408] 请求完成 (404/500)
2025-07-15 21:28:41,179 - app - INFO - [5eb53f17-403] 请求完成 (405/500)
2025-07-15 21:28:42,467 - app - INFO - [5eb53f17-404] 请求完成 (406/500)
2025-07-15 21:28:46,674 - app - INFO - [5eb53f17-405] 请求完成 (407/500)
2025-07-15 21:28:46,677 - app - INFO - [5eb53f17-412] 请求完成 (408/500)
2025-07-15 21:28:46,732 - app - INFO - [5eb53f17-409] 请求完成 (409/500)
2025-07-15 21:28:46,807 - app - INFO - [5eb53f17-411] 请求完成 (410/500)
2025-07-15 21:28:47,043 - app - INFO - [5eb53f17-415] 请求完成 (411/500)
2025-07-15 21:28:47,292 - app - INFO - [5eb53f17-410] 请求完成 (412/500)
2025-07-15 21:28:47,456 - app - INFO - [5eb53f17-413] 请求完成 (413/500)
2025-07-15 21:28:47,461 - app - INFO - [5eb53f17-416] 请求完成 (414/500)
2025-07-15 21:28:47,941 - app - INFO - [5eb53f17-414] 请求完成 (415/500)
2025-07-15 21:28:49,226 - app - INFO - [5eb53f17-417] 请求完成 (416/500)
2025-07-15 21:28:49,255 - app - INFO - [5eb53f17-418] 请求完成 (417/500)
2025-07-15 21:28:49,315 - app - INFO - [5eb53f17-420] 请求完成 (418/500)
2025-07-15 21:28:49,403 - app - INFO - [5eb53f17-419] 请求完成 (419/500)
2025-07-15 21:28:49,707 - app - INFO - [5eb53f17-424] 请求完成 (420/500)
2025-07-15 21:28:49,804 - app - INFO - [5eb53f17-422] 请求完成 (421/500)
2025-07-15 21:28:49,902 - app - INFO - [5eb53f17-421] 请求完成 (422/500)
2025-07-15 21:28:50,143 - app - INFO - [5eb53f17-407] 请求完成 (423/500)
2025-07-15 21:28:50,182 - app - INFO - [5eb53f17-425] 请求完成 (424/500)
2025-07-15 21:28:50,543 - app - INFO - [5eb53f17-423] 请求完成 (425/500)
2025-07-15 21:28:51,759 - app - INFO - [5eb53f17-428] 请求完成 (426/500)
2025-07-15 21:28:51,776 - app - INFO - [5eb53f17-427] 请求完成 (427/500)
2025-07-15 21:28:51,789 - app - INFO - [5eb53f17-429] 请求完成 (428/500)
2025-07-15 21:28:52,130 - app - INFO - [5eb53f17-426] 请求完成 (429/500)
2025-07-15 21:28:52,538 - app - INFO - [5eb53f17-433] 请求完成 (430/500)
2025-07-15 21:28:52,651 - app - INFO - [5eb53f17-432] 请求完成 (431/500)
2025-07-15 21:28:52,827 - app - INFO - [5eb53f17-435] 请求完成 (432/500)
2025-07-15 21:28:52,846 - app - INFO - [5eb53f17-431] 请求完成 (433/500)
2025-07-15 21:28:52,954 - app - INFO - [5eb53f17-430] 请求完成 (434/500)
2025-07-15 21:28:52,971 - app - INFO - [5eb53f17-434] 请求完成 (435/500)
2025-07-15 21:28:54,617 - app - INFO - [5eb53f17-436] 请求完成 (436/500)
2025-07-15 21:28:54,982 - app - INFO - [5eb53f17-437] 请求完成 (437/500)
2025-07-15 21:28:55,265 - app - INFO - [5eb53f17-443] 请求完成 (438/500)
2025-07-15 21:28:55,337 - app - INFO - [5eb53f17-438] 请求完成 (439/500)
2025-07-15 21:28:55,348 - app - INFO - [5eb53f17-441] 请求完成 (440/500)
2025-07-15 21:28:55,468 - app - INFO - [5eb53f17-440] 请求完成 (441/500)
2025-07-15 21:28:55,470 - app - INFO - [5eb53f17-442] 请求完成 (442/500)
2025-07-15 21:28:55,499 - app - INFO - [5eb53f17-439] 请求完成 (443/500)
2025-07-15 21:28:55,533 - app - INFO - [5eb53f17-445] 请求完成 (444/500)
2025-07-15 21:28:56,050 - app - INFO - [5eb53f17-444] 请求完成 (445/500)
2025-07-15 21:28:56,934 - app - INFO - [5eb53f17-446] 请求完成 (446/500)
2025-07-15 21:28:57,509 - app - INFO - [5eb53f17-448] 请求完成 (447/500)
2025-07-15 21:28:57,643 - app - INFO - [5eb53f17-447] 请求完成 (448/500)
2025-07-15 21:28:57,809 - app - INFO - [5eb53f17-452] 请求完成 (449/500)
2025-07-15 21:28:57,834 - app - INFO - [5eb53f17-454] 请求完成 (450/500)
2025-07-15 21:28:57,885 - app - INFO - [5eb53f17-450] 请求完成 (451/500)
2025-07-15 21:28:57,947 - app - INFO - [5eb53f17-451] 请求完成 (452/500)
2025-07-15 21:28:58,129 - app - INFO - [5eb53f17-449] 请求完成 (453/500)
2025-07-15 21:28:58,264 - app - INFO - [5eb53f17-455] 请求完成 (454/500)
2025-07-15 21:28:58,778 - app - INFO - [5eb53f17-453] 请求完成 (455/500)
2025-07-15 21:28:59,269 - app - INFO - [5eb53f17-456] 请求完成 (456/500)
2025-07-15 21:28:59,679 - app - INFO - [5eb53f17-459] 请求完成 (457/500)
2025-07-15 21:28:59,871 - app - INFO - [5eb53f17-462] 请求完成 (458/500)
2025-07-15 21:28:59,882 - app - INFO - [5eb53f17-457] 请求完成 (459/500)
2025-07-15 21:29:00,131 - app - INFO - [5eb53f17-458] 请求完成 (460/500)
2025-07-15 21:29:00,158 - app - INFO - [5eb53f17-460] 请求完成 (461/500)
2025-07-15 21:29:00,334 - app - INFO - [5eb53f17-461] 请求完成 (462/500)
2025-07-15 21:29:00,494 - app - INFO - [5eb53f17-464] 请求完成 (463/500)
2025-07-15 21:29:01,013 - app - INFO - [5eb53f17-465] 请求完成 (464/500)
2025-07-15 21:29:01,459 - app - INFO - [5eb53f17-463] 请求完成 (465/500)
2025-07-15 21:29:01,790 - app - INFO - [5eb53f17-466] 请求完成 (466/500)
2025-07-15 21:29:02,376 - app - INFO - [5eb53f17-467] 请求完成 (467/500)
2025-07-15 21:29:02,497 - app - INFO - [5eb53f17-468] 请求完成 (468/500)
2025-07-15 21:29:02,574 - app - INFO - [5eb53f17-471] 请求完成 (469/500)
2025-07-15 21:29:02,624 - app - INFO - [5eb53f17-470] 请求完成 (470/500)
2025-07-15 21:29:02,774 - app - INFO - [5eb53f17-469] 请求完成 (471/500)
2025-07-15 21:29:02,777 - app - INFO - [5eb53f17-473] 请求完成 (472/500)
2025-07-15 21:29:02,918 - app - INFO - [5eb53f17-472] 请求完成 (473/500)
2025-07-15 21:29:03,127 - app - INFO - [5eb53f17-474] 请求完成 (474/500)
2025-07-15 21:29:03,928 - app - INFO - [5eb53f17-475] 请求完成 (475/500)
2025-07-15 21:29:04,192 - app - INFO - [5eb53f17-476] 请求完成 (476/500)
2025-07-15 21:29:05,200 - app - INFO - [5eb53f17-477] 请求完成 (477/500)
2025-07-15 21:29:05,224 - app - INFO - [5eb53f17-481] 请求完成 (478/500)
2025-07-15 21:29:05,681 - app - INFO - [5eb53f17-482] 请求完成 (479/500)
2025-07-15 21:29:05,967 - app - INFO - [5eb53f17-484] 请求完成 (480/500)
2025-07-15 21:29:06,046 - app - INFO - [5eb53f17-480] 请求完成 (481/500)
2025-07-15 21:29:06,134 - app - INFO - [5eb53f17-483] 请求完成 (482/500)
2025-07-15 21:29:06,332 - app - INFO - [5eb53f17-479] 请求完成 (483/500)
2025-07-15 21:29:06,353 - app - INFO - [5eb53f17-478] 请求完成 (484/500)
2025-07-15 21:29:06,512 - app - INFO - [5eb53f17-485] 请求完成 (485/500)
2025-07-15 21:29:07,824 - app - INFO - [5eb53f17-488] 请求完成 (486/500)
2025-07-15 21:29:08,986 - app - INFO - [5eb53f17-491] 请求完成 (487/500)
2025-07-15 21:29:12,900 - app - INFO - [5eb53f17-486] 请求完成 (488/500)
2025-07-15 21:29:13,243 - app - INFO - [5eb53f17-497] 请求完成 (489/500)
2025-07-15 21:29:17,673 - app - INFO - [5eb53f17-498] 请求完成 (490/500)
2025-07-15 21:29:19,992 - app - INFO - [5eb53f17-493] 请求完成 (491/500)
2025-07-15 21:29:21,464 - app - INFO - [5eb53f17-487] 请求完成 (492/500)
2025-07-15 21:29:21,932 - app - INFO - [5eb53f17-500] 请求完成 (493/500)
2025-07-15 21:29:22,213 - app - INFO - [5eb53f17-489] 请求完成 (494/500)
2025-07-15 21:29:22,288 - app - INFO - [5eb53f17-490] 请求完成 (495/500)
2025-07-15 21:29:22,524 - app - INFO - [5eb53f17-492] 请求完成 (496/500)
2025-07-15 21:29:22,750 - app - INFO - [5eb53f17-495] 请求完成 (497/500)
2025-07-15 21:29:22,759 - app - INFO - [5eb53f17-494] 请求完成 (498/500)
2025-07-15 21:29:24,104 - app - INFO - [5eb53f17-496] 请求完成 (499/500)
2025-07-15 21:29:29,723 - app - INFO - [5eb53f17-499] 请求完成 (500/500)
2025-07-15 21:29:29,822 - app - INFO - [5eb53f17] === 批量请求处理完成 ===
2025-07-15 21:29:29,822 - app - INFO - [5eb53f17] 总耗时: 477.86秒
2025-07-15 21:29:29,822 - app - INFO - [5eb53f17] 成功: 434/500
2025-07-15 21:39:48,645 - app - INFO - 启动应用，配置: type
2025-07-15 21:39:48,646 - app - INFO - 日志文件: logs/app.log
2025-07-15 21:39:48,646 - app - INFO - API基础URL: https://ark.cn-beijing.volces.com/api/v3
2025-07-15 21:39:49,571 - app - INFO - 启动应用，配置: type
2025-07-15 21:39:49,571 - app - INFO - 日志文件: logs/app.log
2025-07-15 21:39:49,571 - app - INFO - API基础URL: https://ark.cn-beijing.volces.com/api/v3
2025-07-15 21:44:06,979 - app - INFO - [8367349e] === 新的批量聊天请求开始 ===
2025-07-15 21:44:06,985 - app - INFO - [8367349e] 批量请求参数: 次数=588, 并发=10
2025-07-15 21:44:09,400 - app - INFO - [8367349e-6] 请求完成 (1/588)
2025-07-15 21:44:09,511 - app - INFO - [8367349e-5] 请求完成 (2/588)
2025-07-15 21:44:09,537 - app - INFO - [8367349e-1] 请求完成 (3/588)
2025-07-15 21:44:09,603 - app - INFO - [8367349e-8] 请求完成 (4/588)
2025-07-15 21:44:09,784 - app - INFO - [8367349e-4] 请求完成 (5/588)
2025-07-15 21:44:09,833 - app - INFO - [8367349e-3] 请求完成 (6/588)
2025-07-15 21:44:10,003 - app - INFO - [8367349e-10] 请求完成 (7/588)
2025-07-15 21:44:10,371 - app - INFO - [8367349e-9] 请求完成 (8/588)
2025-07-15 21:44:10,551 - app - INFO - [8367349e-7] 请求完成 (9/588)
2025-07-15 21:44:11,494 - app - INFO - [8367349e-12] 请求完成 (10/588)
2025-07-15 21:44:11,850 - app - INFO - [8367349e-11] 请求完成 (11/588)
2025-07-15 21:44:11,860 - app - INFO - [8367349e-13] 请求完成 (12/588)
2025-07-15 21:44:11,905 - app - INFO - [8367349e-15] 请求完成 (13/588)
2025-07-15 21:44:12,057 - app - INFO - [8367349e-14] 请求完成 (14/588)
2025-07-15 21:44:12,535 - app - INFO - [8367349e-17] 请求完成 (15/588)
2025-07-15 21:44:12,821 - app - INFO - [8367349e-19] 请求完成 (16/588)
2025-07-15 21:44:13,034 - app - INFO - [8367349e-18] 请求完成 (17/588)
2025-07-15 21:44:13,243 - app - INFO - [8367349e-20] 请求完成 (18/588)
2025-07-15 21:44:13,572 - app - INFO - [8367349e-21] 请求完成 (19/588)
2025-07-15 21:44:13,740 - app - INFO - [8367349e-23] 请求完成 (20/588)
2025-07-15 21:44:14,016 - app - INFO - [8367349e-24] 请求完成 (21/588)
2025-07-15 21:44:14,087 - app - INFO - [8367349e-16] 请求完成 (22/588)
2025-07-15 21:44:14,466 - app - INFO - [8367349e-2] 请求完成 (23/588)
2025-07-15 21:44:15,021 - app - INFO - [8367349e-22] 请求完成 (24/588)
2025-07-15 21:44:15,163 - app - INFO - [8367349e-27] 请求完成 (25/588)
2025-07-15 21:44:15,275 - app - INFO - [8367349e-28] 请求完成 (26/588)
2025-07-15 21:44:15,458 - app - INFO - [8367349e-29] 请求完成 (27/588)
2025-07-15 21:44:15,481 - app - INFO - [8367349e-25] 请求完成 (28/588)
2025-07-15 21:44:15,518 - app - INFO - [8367349e-30] 请求完成 (29/588)
2025-07-15 21:44:15,698 - app - INFO - [8367349e-31] 请求完成 (30/588)
2025-07-15 21:44:15,915 - app - INFO - [8367349e-33] 请求完成 (31/588)
2025-07-15 21:44:15,977 - app - INFO - [8367349e-26] 请求完成 (32/588)
2025-07-15 21:44:16,275 - app - INFO - [8367349e-32] 请求完成 (33/588)
2025-07-15 21:44:16,856 - app - INFO - [8367349e-34] 请求完成 (34/588)
2025-07-15 21:44:17,409 - app - INFO - [8367349e-36] 请求完成 (35/588)
2025-07-15 21:44:17,511 - app - INFO - [8367349e-37] 请求完成 (36/588)
2025-07-15 21:44:17,705 - app - INFO - [8367349e-38] 请求完成 (37/588)
2025-07-15 21:44:17,722 - app - INFO - [8367349e-42] 请求完成 (38/588)
2025-07-15 21:44:17,908 - app - INFO - [8367349e-39] 请求完成 (39/588)
2025-07-15 21:44:17,910 - app - INFO - [8367349e-35] 请求完成 (40/588)
2025-07-15 21:44:18,064 - app - INFO - [8367349e-43] 请求完成 (41/588)
2025-07-15 21:44:18,121 - app - INFO - [8367349e-40] 请求完成 (42/588)
2025-07-15 21:44:18,640 - app - INFO - [8367349e-41] 请求完成 (43/588)
2025-07-15 21:44:19,543 - app - INFO - [8367349e-47] 请求完成 (44/588)
2025-07-15 21:44:19,567 - app - INFO - [8367349e-46] 请求完成 (45/588)
2025-07-15 21:44:19,670 - app - INFO - [8367349e-45] 请求完成 (46/588)
2025-07-15 21:44:19,690 - app - INFO - [8367349e-48] 请求完成 (47/588)
2025-07-15 21:44:19,825 - app - INFO - [8367349e-44] 请求完成 (48/588)
2025-07-15 21:44:20,500 - app - INFO - [8367349e-52] 请求完成 (49/588)
2025-07-15 21:44:20,577 - app - INFO - [8367349e-49] 请求完成 (50/588)
2025-07-15 21:44:20,662 - app - INFO - [8367349e-53] 请求完成 (51/588)
2025-07-15 21:44:20,885 - app - INFO - [8367349e-50] 请求完成 (52/588)
2025-07-15 21:44:21,058 - app - INFO - [8367349e-51] 请求完成 (53/588)
2025-07-15 21:44:21,588 - app - INFO - [8367349e-54] 请求完成 (54/588)
2025-07-15 21:44:21,645 - app - INFO - [8367349e-55] 请求完成 (55/588)
2025-07-15 21:44:21,749 - app - INFO - [8367349e-57] 请求完成 (56/588)
2025-07-15 21:44:22,097 - app - INFO - [8367349e-56] 请求完成 (57/588)
2025-07-15 21:44:22,747 - app - INFO - [8367349e-58] 请求完成 (58/588)
2025-07-15 21:44:22,861 - app - INFO - [8367349e-61] 请求完成 (59/588)
2025-07-15 21:44:22,861 - app - INFO - [8367349e-60] 请求完成 (60/588)
2025-07-15 21:44:23,185 - app - INFO - [8367349e-66] 请求完成 (61/588)
2025-07-15 21:44:23,368 - app - INFO - [8367349e-63] 请求完成 (62/588)
2025-07-15 21:44:23,369 - app - INFO - [8367349e-65] 请求完成 (63/588)
2025-07-15 21:44:23,751 - app - INFO - [8367349e-64] 请求完成 (64/588)
2025-07-15 21:44:23,779 - app - INFO - [8367349e-67] 请求完成 (65/588)
2025-07-15 21:44:23,993 - app - INFO - [8367349e-62] 请求完成 (66/588)
2025-07-15 21:44:24,196 - app - INFO - [8367349e-59] 请求完成 (67/588)
2025-07-15 21:44:24,796 - app - INFO - [8367349e-68] 请求完成 (68/588)
2025-07-15 21:44:24,854 - app - INFO - [8367349e-69] 请求完成 (69/588)
2025-07-15 21:44:25,357 - app - INFO - [8367349e-70] 请求完成 (70/588)
2025-07-15 21:44:25,394 - app - INFO - [8367349e-71] 请求完成 (71/588)
2025-07-15 21:44:25,543 - app - INFO - [8367349e-72] 请求完成 (72/588)
2025-07-15 21:44:25,645 - app - INFO - [8367349e-74] 请求完成 (73/588)
2025-07-15 21:44:25,979 - app - INFO - [8367349e-73] 请求完成 (74/588)
2025-07-15 21:44:26,385 - app - INFO - [8367349e-75] 请求完成 (75/588)
2025-07-15 21:44:26,439 - app - INFO - [8367349e-76] 请求完成 (76/588)
2025-07-15 21:44:26,688 - app - INFO - [8367349e-77] 请求完成 (77/588)
2025-07-15 21:44:26,859 - app - INFO - [8367349e-79] 请求完成 (78/588)
2025-07-15 21:44:27,212 - app - INFO - [8367349e-82] 请求完成 (79/588)
2025-07-15 21:44:27,671 - app - INFO - [8367349e-81] 请求完成 (80/588)
2025-07-15 21:44:27,837 - app - INFO - [8367349e-80] 请求完成 (81/588)
2025-07-15 21:44:28,050 - app - INFO - [8367349e-78] 请求完成 (82/588)
2025-07-15 21:44:28,053 - app - INFO - [8367349e-85] 请求完成 (83/588)
2025-07-15 21:44:28,183 - app - INFO - [8367349e-86] 请求完成 (84/588)
2025-07-15 21:44:28,373 - app - INFO - [8367349e-83] 请求完成 (85/588)
2025-07-15 21:44:28,460 - app - INFO - [8367349e-84] 请求完成 (86/588)
2025-07-15 21:44:28,598 - app - INFO - [8367349e-88] 请求完成 (87/588)
2025-07-15 21:44:28,762 - app - INFO - [8367349e-87] 请求完成 (88/588)
2025-07-15 21:44:29,745 - app - INFO - [8367349e-93] 请求完成 (89/588)
2025-07-15 21:44:30,187 - app - INFO - [8367349e-92] 请求完成 (90/588)
2025-07-15 21:44:30,202 - app - INFO - [8367349e-91] 请求完成 (91/588)
2025-07-15 21:44:30,337 - app - INFO - [8367349e-90] 请求完成 (92/588)
2025-07-15 21:44:30,572 - app - INFO - [8367349e-96] 请求完成 (93/588)
2025-07-15 21:44:30,586 - app - INFO - [8367349e-97] 请求完成 (94/588)
2025-07-15 21:44:30,678 - app - INFO - [8367349e-98] 请求完成 (95/588)
2025-07-15 21:44:31,393 - app - INFO - [8367349e-89] 请求完成 (96/588)
2025-07-15 21:44:31,589 - app - INFO - [8367349e-99] 请求完成 (97/588)
2025-07-15 21:44:31,592 - app - INFO - [8367349e-94] 请求完成 (98/588)
2025-07-15 21:44:31,669 - app - INFO - [8367349e-95] 请求完成 (99/588)
2025-07-15 21:44:31,811 - app - INFO - [8367349e-100] 请求完成 (100/588)
2025-07-15 21:44:32,551 - app - INFO - [8367349e-101] 请求完成 (101/588)
2025-07-15 21:44:32,712 - app - INFO - [8367349e-103] 请求完成 (102/588)
2025-07-15 21:44:32,792 - app - INFO - [8367349e-104] 请求完成 (103/588)
2025-07-15 21:44:33,044 - app - INFO - [8367349e-106] 请求完成 (104/588)
2025-07-15 21:44:33,085 - app - INFO - [8367349e-105] 请求完成 (105/588)
2025-07-15 21:44:33,258 - app - INFO - [8367349e-108] 请求完成 (106/588)
2025-07-15 21:44:33,269 - app - INFO - [8367349e-102] 请求完成 (107/588)
2025-07-15 21:44:33,615 - app - INFO - [8367349e-109] 请求完成 (108/588)
2025-07-15 21:44:34,076 - app - INFO - [8367349e-110] 请求完成 (109/588)
2025-07-15 21:44:34,090 - app - INFO - [8367349e-112] 请求完成 (110/588)
2025-07-15 21:44:34,808 - app - INFO - [8367349e-114] 请求完成 (111/588)
2025-07-15 21:44:35,032 - app - INFO - [8367349e-111] 请求完成 (112/588)
2025-07-15 21:44:35,032 - app - INFO - [8367349e-117] 请求完成 (113/588)
2025-07-15 21:44:35,236 - app - INFO - [8367349e-113] 请求完成 (114/588)
2025-07-15 21:44:35,285 - app - INFO - [8367349e-116] 请求完成 (115/588)
2025-07-15 21:44:35,304 - app - INFO - [8367349e-118] 请求完成 (116/588)
2025-07-15 21:44:35,435 - app - INFO - [8367349e-107] 请求完成 (117/588)
2025-07-15 21:44:35,757 - app - INFO - [8367349e-119] 请求完成 (118/588)
2025-07-15 21:44:35,814 - app - INFO - [8367349e-115] 请求完成 (119/588)
2025-07-15 21:44:35,979 - app - INFO - [8367349e-120] 请求完成 (120/588)
2025-07-15 21:44:36,723 - app - INFO - [8367349e-121] 请求完成 (121/588)
2025-07-15 21:44:36,826 - app - INFO - [8367349e-126] 请求完成 (122/588)
2025-07-15 21:44:37,111 - app - INFO - [8367349e-123] 请求完成 (123/588)
2025-07-15 21:44:37,448 - app - INFO - [8367349e-122] 请求完成 (124/588)
2025-07-15 21:44:37,613 - app - INFO - [8367349e-127] 请求完成 (125/588)
2025-07-15 21:44:37,917 - app - INFO - [8367349e-124] 请求完成 (126/588)
2025-07-15 21:44:37,919 - app - INFO - [8367349e-129] 请求完成 (127/588)
2025-07-15 21:44:38,330 - app - INFO - [8367349e-130] 请求完成 (128/588)
2025-07-15 21:44:38,405 - app - INFO - [8367349e-128] 请求完成 (129/588)
2025-07-15 21:44:38,455 - app - INFO - [8367349e-131] 请求完成 (130/588)
2025-07-15 21:44:39,384 - app - INFO - [8367349e-133] 请求完成 (131/588)
2025-07-15 21:44:39,599 - app - INFO - [8367349e-134] 请求完成 (132/588)
2025-07-15 21:44:39,683 - app - INFO - [8367349e-137] 请求完成 (133/588)
2025-07-15 21:44:39,783 - app - INFO - [8367349e-135] 请求完成 (134/588)
2025-07-15 21:44:39,850 - app - INFO - [8367349e-136] 请求完成 (135/588)
2025-07-15 21:44:40,304 - app - INFO - [8367349e-139] 请求完成 (136/588)
2025-07-15 21:44:41,271 - app - INFO - [8367349e-138] 请求完成 (137/588)
2025-07-15 21:44:41,342 - app - INFO - [8367349e-140] 请求完成 (138/588)
2025-07-15 21:44:41,748 - app - INFO - [8367349e-132] 请求完成 (139/588)
2025-07-15 21:44:41,754 - app - INFO - [8367349e-125] 请求完成 (140/588)
2025-07-15 21:44:41,860 - app - INFO - [8367349e-141] 请求完成 (141/588)
2025-07-15 21:44:42,144 - app - INFO - [8367349e-142] 请求完成 (142/588)
2025-07-15 21:44:42,309 - app - INFO - [8367349e-144] 请求完成 (143/588)
2025-07-15 21:44:43,006 - app - INFO - [8367349e-145] 请求完成 (144/588)
2025-07-15 21:44:43,138 - app - INFO - [8367349e-147] 请求完成 (145/588)
2025-07-15 21:44:43,429 - app - INFO - [8367349e-143] 请求完成 (146/588)
2025-07-15 21:44:43,517 - app - INFO - [8367349e-148] 请求完成 (147/588)
2025-07-15 21:44:43,554 - app - INFO - [8367349e-149] 请求完成 (148/588)
2025-07-15 21:44:43,671 - app - INFO - [8367349e-146] 请求完成 (149/588)
2025-07-15 21:44:43,732 - app - INFO - [8367349e-151] 请求完成 (150/588)
2025-07-15 21:44:44,181 - app - INFO - [8367349e-152] 请求完成 (151/588)
2025-07-15 21:44:44,785 - app - INFO - [8367349e-150] 请求完成 (152/588)
2025-07-15 21:44:44,915 - app - INFO - [8367349e-154] 请求完成 (153/588)
2025-07-15 21:44:44,968 - app - INFO - [8367349e-153] 请求完成 (154/588)
2025-07-15 21:44:45,399 - app - INFO - [8367349e-157] 请求完成 (155/588)
2025-07-15 21:44:45,613 - app - INFO - [8367349e-160] 请求完成 (156/588)
2025-07-15 21:44:45,928 - app - INFO - [8367349e-159] 请求完成 (157/588)
2025-07-15 21:44:46,059 - app - INFO - [8367349e-156] 请求完成 (158/588)
2025-07-15 21:44:46,083 - app - INFO - [8367349e-158] 请求完成 (159/588)
2025-07-15 21:44:47,271 - app - INFO - [8367349e-163] 请求完成 (160/588)
2025-07-15 21:44:47,332 - app - INFO - [8367349e-167] 请求完成 (161/588)
2025-07-15 21:44:47,430 - app - INFO - [8367349e-161] 请求完成 (162/588)
2025-07-15 21:44:47,430 - app - INFO - [8367349e-164] 请求完成 (163/588)
2025-07-15 21:44:47,533 - app - INFO - [8367349e-165] 请求完成 (164/588)
2025-07-15 21:44:47,569 - app - INFO - [8367349e-162] 请求完成 (165/588)
2025-07-15 21:44:47,788 - app - INFO - [8367349e-166] 请求完成 (166/588)
2025-07-15 21:44:48,040 - app - INFO - [8367349e-169] 请求完成 (167/588)
2025-07-15 21:44:48,342 - app - INFO - [8367349e-168] 请求完成 (168/588)
2025-07-15 21:44:50,212 - app - INFO - [8367349e-170] 请求完成 (169/588)
2025-07-15 21:44:50,230 - app - INFO - [8367349e-172] 请求完成 (170/588)
2025-07-15 21:44:50,669 - app - INFO - [8367349e-171] 请求完成 (171/588)
2025-07-15 21:44:50,716 - app - INFO - [8367349e-173] 请求完成 (172/588)
2025-07-15 21:44:52,225 - app - INFO - [8367349e-176] 请求完成 (173/588)
2025-07-15 21:44:52,964 - app - INFO - [8367349e-180] 请求完成 (174/588)
2025-07-15 21:44:53,018 - app - INFO - [8367349e-174] 请求完成 (175/588)
2025-07-15 21:44:53,041 - app - INFO - [8367349e-175] 请求完成 (176/588)
2025-07-15 21:44:53,636 - app - INFO - [8367349e-179] 请求完成 (177/588)
2025-07-15 21:44:53,638 - app - INFO - [8367349e-177] 请求完成 (178/588)
2025-07-15 21:44:53,639 - app - INFO - [8367349e-181] 请求完成 (179/588)
2025-07-15 21:44:53,640 - app - INFO - [8367349e-178] 请求完成 (180/588)
2025-07-15 21:44:53,683 - app - INFO - [8367349e-182] 请求完成 (181/588)
2025-07-15 21:44:54,363 - app - INFO - [8367349e-183] 请求完成 (182/588)
2025-07-15 21:44:54,913 - app - INFO - [8367349e-186] 请求完成 (183/588)
2025-07-15 21:44:54,938 - app - INFO - [8367349e-155] 请求完成 (184/588)
2025-07-15 21:44:54,998 - app - INFO - [8367349e-184] 请求完成 (185/588)
2025-07-15 21:44:55,106 - app - INFO - [8367349e-185] 请求完成 (186/588)
2025-07-15 21:44:55,267 - app - INFO - [8367349e-191] 请求完成 (187/588)
2025-07-15 21:44:55,779 - app - INFO - [8367349e-190] 请求完成 (188/588)
2025-07-15 21:44:56,004 - app - INFO - [8367349e-187] 请求完成 (189/588)
2025-07-15 21:44:56,323 - app - INFO - [8367349e-192] 请求完成 (190/588)
2025-07-15 21:44:56,815 - app - INFO - [8367349e-195] 请求完成 (191/588)
2025-07-15 21:44:57,024 - app - INFO - [8367349e-193] 请求完成 (192/588)
2025-07-15 21:44:57,065 - app - INFO - [8367349e-188] 请求完成 (193/588)
2025-07-15 21:44:57,216 - app - INFO - [8367349e-196] 请求完成 (194/588)
2025-07-15 21:44:57,364 - app - INFO - [8367349e-197] 请求完成 (195/588)
2025-07-15 21:44:57,758 - app - INFO - [8367349e-199] 请求完成 (196/588)
2025-07-15 21:44:58,072 - app - INFO - [8367349e-200] 请求完成 (197/588)
2025-07-15 21:44:58,639 - app - INFO - [8367349e-198] 请求完成 (198/588)
2025-07-15 21:44:58,716 - app - INFO - [8367349e-189] 请求完成 (199/588)
2025-07-15 21:44:59,455 - app - INFO - [8367349e-201] 请求完成 (200/588)
2025-07-15 21:45:00,006 - app - INFO - [8367349e-194] 请求完成 (201/588)
2025-07-15 21:45:01,218 - app - INFO - [8367349e-203] 请求完成 (202/588)
2025-07-15 21:45:01,307 - app - INFO - [8367349e-206] 请求完成 (203/588)
2025-07-15 21:45:01,352 - app - INFO - [8367349e-202] 请求完成 (204/588)
2025-07-15 21:45:01,370 - app - INFO - [8367349e-204] 请求完成 (205/588)
2025-07-15 21:45:01,541 - app - INFO - [8367349e-205] 请求完成 (206/588)
2025-07-15 21:45:01,550 - app - INFO - [8367349e-207] 请求完成 (207/588)
2025-07-15 21:45:01,577 - app - INFO - [8367349e-209] 请求完成 (208/588)
2025-07-15 21:45:01,659 - app - INFO - [8367349e-210] 请求完成 (209/588)
2025-07-15 21:45:01,907 - app - INFO - [8367349e-211] 请求完成 (210/588)
2025-07-15 21:45:02,120 - app - INFO - [8367349e-208] 请求完成 (211/588)
2025-07-15 21:45:02,887 - app - INFO - [8367349e-212] 请求完成 (212/588)
2025-07-15 21:45:03,100 - app - INFO - [8367349e-213] 请求完成 (213/588)
2025-07-15 21:45:03,136 - app - INFO - [8367349e-218] 请求完成 (214/588)
2025-07-15 21:45:03,560 - app - INFO - [8367349e-220] 请求完成 (215/588)
2025-07-15 21:45:03,689 - app - INFO - [8367349e-217] 请求完成 (216/588)
2025-07-15 21:45:03,709 - app - INFO - [8367349e-219] 请求完成 (217/588)
2025-07-15 21:45:03,998 - app - INFO - [8367349e-215] 请求完成 (218/588)
2025-07-15 21:45:04,483 - app - INFO - [8367349e-222] 请求完成 (219/588)
2025-07-15 21:45:04,563 - app - INFO - [8367349e-216] 请求完成 (220/588)
2025-07-15 21:45:04,680 - app - INFO - [8367349e-223] 请求完成 (221/588)
2025-07-15 21:45:04,681 - app - INFO - [8367349e-214] 请求完成 (222/588)
2025-07-15 21:45:04,775 - app - INFO - [8367349e-221] 请求完成 (223/588)
2025-07-15 21:45:04,932 - app - INFO - [8367349e-224] 请求完成 (224/588)
2025-07-15 21:45:05,371 - app - INFO - [8367349e-227] 请求完成 (225/588)
2025-07-15 21:45:05,579 - app - INFO - [8367349e-226] 请求完成 (226/588)
2025-07-15 21:45:05,750 - app - INFO - [8367349e-225] 请求完成 (227/588)
2025-07-15 21:45:05,774 - app - INFO - [8367349e-228] 请求完成 (228/588)
2025-07-15 21:45:05,960 - app - INFO - [8367349e-230] 请求完成 (229/588)
2025-07-15 21:45:06,777 - app - INFO - [8367349e-233] 请求完成 (230/588)
2025-07-15 21:45:07,184 - app - INFO - [8367349e-229] 请求完成 (231/588)
2025-07-15 21:45:07,191 - app - INFO - [8367349e-231] 请求完成 (232/588)
2025-07-15 21:45:07,376 - app - INFO - [8367349e-235] 请求完成 (233/588)
2025-07-15 21:45:07,670 - app - INFO - [8367349e-239] 请求完成 (234/588)
2025-07-15 21:45:07,753 - app - INFO - [8367349e-237] 请求完成 (235/588)
2025-07-15 21:45:07,761 - app - INFO - [8367349e-238] 请求完成 (236/588)
2025-07-15 21:45:07,874 - app - INFO - [8367349e-232] 请求完成 (237/588)
2025-07-15 21:45:08,133 - app - INFO - [8367349e-234] 请求完成 (238/588)
2025-07-15 21:45:08,278 - app - INFO - [8367349e-236] 请求完成 (239/588)
2025-07-15 21:45:09,082 - app - INFO - [8367349e-240] 请求完成 (240/588)
2025-07-15 21:45:09,092 - app - INFO - [8367349e-242] 请求完成 (241/588)
2025-07-15 21:45:09,383 - app - INFO - [8367349e-243] 请求完成 (242/588)
2025-07-15 21:45:09,430 - app - INFO - [8367349e-241] 请求完成 (243/588)
2025-07-15 21:45:09,593 - app - INFO - [8367349e-245] 请求完成 (244/588)
2025-07-15 21:45:09,749 - app - INFO - [8367349e-244] 请求完成 (245/588)
2025-07-15 21:45:10,010 - app - INFO - [8367349e-247] 请求完成 (246/588)
2025-07-15 21:45:10,729 - app - INFO - [8367349e-249] 请求完成 (247/588)
2025-07-15 21:45:11,019 - app - INFO - [8367349e-250] 请求完成 (248/588)
2025-07-15 21:45:11,032 - app - INFO - [8367349e-248] 请求完成 (249/588)
2025-07-15 21:45:11,138 - app - INFO - [8367349e-252] 请求完成 (250/588)
2025-07-15 21:45:11,138 - app - INFO - [8367349e-246] 请求完成 (251/588)
2025-07-15 21:45:11,590 - app - INFO - [8367349e-253] 请求完成 (252/588)
2025-07-15 21:45:11,660 - app - INFO - [8367349e-254] 请求完成 (253/588)
2025-07-15 21:45:11,917 - app - INFO - [8367349e-251] 请求完成 (254/588)
2025-07-15 21:45:12,592 - app - INFO - [8367349e-261] 请求完成 (255/588)
2025-07-15 21:45:12,809 - app - INFO - [8367349e-256] 请求完成 (256/588)
2025-07-15 21:45:13,066 - app - INFO - [8367349e-257] 请求完成 (257/588)
2025-07-15 21:45:13,267 - app - INFO - [8367349e-255] 请求完成 (258/588)
2025-07-15 21:45:13,321 - app - INFO - [8367349e-262] 请求完成 (259/588)
2025-07-15 21:45:13,359 - app - INFO - [8367349e-264] 请求完成 (260/588)
2025-07-15 21:45:13,404 - app - INFO - [8367349e-260] 请求完成 (261/588)
2025-07-15 21:45:13,661 - app - INFO - [8367349e-263] 请求完成 (262/588)
2025-07-15 21:45:13,947 - app - INFO - [8367349e-258] 请求完成 (263/588)
2025-07-15 21:45:14,090 - app - INFO - [8367349e-259] 请求完成 (264/588)
2025-07-15 21:45:14,514 - app - INFO - [8367349e-266] 请求完成 (265/588)
2025-07-15 21:45:14,934 - app - INFO - [8367349e-269] 请求完成 (266/588)
2025-07-15 21:45:15,169 - app - INFO - [8367349e-265] 请求完成 (267/588)
2025-07-15 21:45:15,255 - app - INFO - [8367349e-268] 请求完成 (268/588)
2025-07-15 21:45:15,356 - app - INFO - [8367349e-271] 请求完成 (269/588)
2025-07-15 21:45:15,387 - app - INFO - [8367349e-267] 请求完成 (270/588)
2025-07-15 21:45:15,608 - app - INFO - [8367349e-272] 请求完成 (271/588)
2025-07-15 21:45:15,647 - app - INFO - [8367349e-270] 请求完成 (272/588)
2025-07-15 21:45:16,071 - app - INFO - [8367349e-274] 请求完成 (273/588)
2025-07-15 21:45:16,207 - app - INFO - [8367349e-273] 请求完成 (274/588)
2025-07-15 21:45:16,340 - app - INFO - [8367349e-275] 请求完成 (275/588)
2025-07-15 21:45:16,824 - app - INFO - [8367349e-276] 请求完成 (276/588)
2025-07-15 21:45:17,090 - app - INFO - [8367349e-280] 请求完成 (277/588)
2025-07-15 21:45:17,172 - app - INFO - [8367349e-279] 请求完成 (278/588)
2025-07-15 21:45:17,305 - app - INFO - [8367349e-277] 请求完成 (279/588)
2025-07-15 21:45:17,560 - app - INFO - [8367349e-282] 请求完成 (280/588)
2025-07-15 21:45:17,675 - app - INFO - [8367349e-278] 请求完成 (281/588)
2025-07-15 21:45:17,714 - app - INFO - [8367349e-283] 请求完成 (282/588)
2025-07-15 21:45:17,905 - app - INFO - [8367349e-284] 请求完成 (283/588)
2025-07-15 21:45:17,934 - app - INFO - [8367349e-281] 请求完成 (284/588)
2025-07-15 21:45:18,802 - app - INFO - [8367349e-285] 请求完成 (285/588)
2025-07-15 21:45:18,962 - app - INFO - [8367349e-287] 请求完成 (286/588)
2025-07-15 21:45:19,208 - app - INFO - [8367349e-289] 请求完成 (287/588)
2025-07-15 21:45:19,493 - app - INFO - [8367349e-290] 请求完成 (288/588)
2025-07-15 21:45:19,545 - app - INFO - [8367349e-291] 请求完成 (289/588)
2025-07-15 21:45:19,865 - app - INFO - [8367349e-286] 请求完成 (290/588)
2025-07-15 21:45:19,881 - app - INFO - [8367349e-293] 请求完成 (291/588)
2025-07-15 21:45:19,930 - app - INFO - [8367349e-288] 请求完成 (292/588)
2025-07-15 21:45:20,172 - app - INFO - [8367349e-292] 请求完成 (293/588)
2025-07-15 21:45:20,712 - app - INFO - [8367349e-294] 请求完成 (294/588)
2025-07-15 21:45:21,287 - app - INFO - [8367349e-301] 请求完成 (295/588)
2025-07-15 21:45:21,425 - app - INFO - [8367349e-295] 请求完成 (296/588)
2025-07-15 21:45:21,479 - app - INFO - [8367349e-298] 请求完成 (297/588)
2025-07-15 21:45:21,641 - app - INFO - [8367349e-299] 请求完成 (298/588)
2025-07-15 21:45:22,023 - app - INFO - [8367349e-300] 请求完成 (299/588)
2025-07-15 21:45:22,432 - app - INFO - [8367349e-297] 请求完成 (300/588)
2025-07-15 21:45:22,684 - app - INFO - [8367349e-304] 请求完成 (301/588)
2025-07-15 21:45:22,738 - app - INFO - [8367349e-302] 请求完成 (302/588)
2025-07-15 21:45:22,786 - app - INFO - [8367349e-296] 请求完成 (303/588)
2025-07-15 21:45:22,839 - app - INFO - [8367349e-303] 请求完成 (304/588)
2025-07-15 21:45:23,014 - app - INFO - [8367349e-305] 请求完成 (305/588)
2025-07-15 21:45:23,185 - app - INFO - [8367349e-307] 请求完成 (306/588)
2025-07-15 21:45:23,436 - app - INFO - [8367349e-308] 请求完成 (307/588)
2025-07-15 21:45:23,772 - app - INFO - [8367349e-306] 请求完成 (308/588)
2025-07-15 21:45:24,620 - app - INFO - [8367349e-309] 请求完成 (309/588)
2025-07-15 21:45:24,835 - app - INFO - [8367349e-311] 请求完成 (310/588)
2025-07-15 21:45:24,980 - app - INFO - [8367349e-315] 请求完成 (311/588)
2025-07-15 21:45:25,145 - app - INFO - [8367349e-312] 请求完成 (312/588)
2025-07-15 21:45:25,516 - app - INFO - [8367349e-313] 请求完成 (313/588)
2025-07-15 21:45:25,779 - app - INFO - [8367349e-316] 请求完成 (314/588)
2025-07-15 21:45:25,792 - app - INFO - [8367349e-310] 请求完成 (315/588)
2025-07-15 21:45:25,849 - app - INFO - [8367349e-318] 请求完成 (316/588)
2025-07-15 21:45:26,088 - app - INFO - [8367349e-314] 请求完成 (317/588)
2025-07-15 21:45:27,552 - app - INFO - [8367349e-326] 请求完成 (318/588)
2025-07-15 21:45:27,869 - app - INFO - [8367349e-321] 请求完成 (319/588)
2025-07-15 21:45:28,026 - app - INFO - [8367349e-325] 请求完成 (320/588)
2025-07-15 21:45:28,310 - app - INFO - [8367349e-317] 请求完成 (321/588)
2025-07-15 21:45:28,333 - app - INFO - [8367349e-323] 请求完成 (322/588)
2025-07-15 21:45:28,396 - app - INFO - [8367349e-319] 请求完成 (323/588)
2025-07-15 21:45:28,428 - app - INFO - [8367349e-327] 请求完成 (324/588)
2025-07-15 21:45:28,524 - app - INFO - [8367349e-324] 请求完成 (325/588)
2025-07-15 21:45:29,357 - app - INFO - [8367349e-322] 请求完成 (326/588)
2025-07-15 21:45:29,840 - app - INFO - [8367349e-330] 请求完成 (327/588)
2025-07-15 21:45:29,897 - app - INFO - [8367349e-329] 请求完成 (328/588)
2025-07-15 21:45:30,136 - app - INFO - [8367349e-328] 请求完成 (329/588)
2025-07-15 21:45:30,176 - app - INFO - [8367349e-320] 请求完成 (330/588)
2025-07-15 21:45:30,216 - app - INFO - [8367349e-335] 请求完成 (331/588)
2025-07-15 21:45:30,481 - app - INFO - [8367349e-331] 请求完成 (332/588)
2025-07-15 21:45:30,619 - app - INFO - [8367349e-332] 请求完成 (333/588)
2025-07-15 21:45:30,690 - app - INFO - [8367349e-333] 请求完成 (334/588)
2025-07-15 21:45:30,954 - app - INFO - [8367349e-334] 请求完成 (335/588)
2025-07-15 21:45:32,117 - app - INFO - [8367349e-338] 请求完成 (336/588)
2025-07-15 21:45:32,184 - app - INFO - [8367349e-340] 请求完成 (337/588)
2025-07-15 21:45:32,236 - app - INFO - [8367349e-336] 请求完成 (338/588)
2025-07-15 21:45:32,561 - app - INFO - [8367349e-344] 请求完成 (339/588)
2025-07-15 21:45:32,842 - app - INFO - [8367349e-343] 请求完成 (340/588)
2025-07-15 21:45:33,049 - app - INFO - [8367349e-339] 请求完成 (341/588)
2025-07-15 21:45:33,257 - app - INFO - [8367349e-342] 请求完成 (342/588)
2025-07-15 21:45:33,381 - app - INFO - [8367349e-345] 请求完成 (343/588)
2025-07-15 21:45:33,809 - app - INFO - [8367349e-341] 请求完成 (344/588)
2025-07-15 21:45:34,693 - app - INFO - [8367349e-347] 请求完成 (345/588)
2025-07-15 21:45:34,736 - app - INFO - [8367349e-337] 请求完成 (346/588)
2025-07-15 21:45:34,739 - app - INFO - [8367349e-350] 请求完成 (347/588)
2025-07-15 21:45:34,754 - app - INFO - [8367349e-346] 请求完成 (348/588)
2025-07-15 21:45:34,907 - app - INFO - [8367349e-353] 请求完成 (349/588)
2025-07-15 21:45:35,252 - app - INFO - [8367349e-349] 请求完成 (350/588)
2025-07-15 21:45:35,767 - app - INFO - [8367349e-352] 请求完成 (351/588)
2025-07-15 21:45:35,810 - app - INFO - [8367349e-348] 请求完成 (352/588)
2025-07-15 21:45:35,902 - app - INFO - [8367349e-351] 请求完成 (353/588)
2025-07-15 21:45:36,764 - app - INFO - [8367349e-358] 请求完成 (354/588)
2025-07-15 21:45:36,879 - app - INFO - [8367349e-355] 请求完成 (355/588)
2025-07-15 21:45:37,099 - app - INFO - [8367349e-357] 请求完成 (356/588)
2025-07-15 21:45:37,121 - app - INFO - [8367349e-359] 请求完成 (357/588)
2025-07-15 21:45:37,549 - app - INFO - [8367349e-361] 请求完成 (358/588)
2025-07-15 21:45:37,682 - app - INFO - [8367349e-354] 请求完成 (359/588)
2025-07-15 21:45:38,027 - app - INFO - [8367349e-360] 请求完成 (360/588)
2025-07-15 21:45:38,050 - app - INFO - [8367349e-356] 请求完成 (361/588)
2025-07-15 21:45:38,179 - app - INFO - [8367349e-362] 请求完成 (362/588)
2025-07-15 21:45:38,889 - app - INFO - [8367349e-365] 请求完成 (363/588)
2025-07-15 21:45:39,014 - app - INFO - [8367349e-366] 请求完成 (364/588)
2025-07-15 21:45:39,209 - app - INFO - [8367349e-368] 请求完成 (365/588)
2025-07-15 21:45:39,346 - app - INFO - [8367349e-363] 请求完成 (366/588)
2025-07-15 21:45:40,088 - app - INFO - [8367349e-369] 请求完成 (367/588)
2025-07-15 21:45:40,244 - app - INFO - [8367349e-371] 请求完成 (368/588)
2025-07-15 21:45:40,292 - app - INFO - [8367349e-370] 请求完成 (369/588)
2025-07-15 21:45:40,407 - app - INFO - [8367349e-367] 请求完成 (370/588)
2025-07-15 21:45:40,545 - app - INFO - [8367349e-373] 请求完成 (371/588)
2025-07-15 21:45:40,545 - app - INFO - [8367349e-364] 请求完成 (372/588)
2025-07-15 21:45:41,248 - app - INFO - [8367349e-372] 请求完成 (373/588)
2025-07-15 21:45:41,544 - app - INFO - [8367349e-374] 请求完成 (374/588)
2025-07-15 21:45:41,940 - app - INFO - [8367349e-375] 请求完成 (375/588)
2025-07-15 21:45:42,117 - app - INFO - [8367349e-377] 请求完成 (376/588)
2025-07-15 21:45:42,180 - app - INFO - [8367349e-378] 请求完成 (377/588)
2025-07-15 21:45:42,294 - app - INFO - [8367349e-380] 请求完成 (378/588)
2025-07-15 21:45:42,753 - app - INFO - [8367349e-379] 请求完成 (379/588)
2025-07-15 21:45:42,797 - app - INFO - [8367349e-376] 请求完成 (380/588)
2025-07-15 21:45:42,920 - app - INFO - [8367349e-382] 请求完成 (381/588)
2025-07-15 21:45:43,616 - app - INFO - [8367349e-385] 请求完成 (382/588)
2025-07-15 21:45:44,407 - app - INFO - [8367349e-384] 请求完成 (383/588)
2025-07-15 21:45:44,408 - app - INFO - [8367349e-381] 请求完成 (384/588)
2025-07-15 21:45:44,408 - app - INFO - [8367349e-383] 请求完成 (385/588)
2025-07-15 21:45:44,489 - app - INFO - [8367349e-387] 请求完成 (386/588)
2025-07-15 21:45:45,390 - app - INFO - [8367349e-388] 请求完成 (387/588)
2025-07-15 21:45:45,788 - app - INFO - [8367349e-392] 请求完成 (388/588)
2025-07-15 21:45:45,981 - app - INFO - [8367349e-393] 请求完成 (389/588)
2025-07-15 21:45:46,206 - app - INFO - [8367349e-394] 请求完成 (390/588)
2025-07-15 21:45:46,503 - app - INFO - [8367349e-389] 请求完成 (391/588)
2025-07-15 21:45:46,577 - app - INFO - [8367349e-396] 请求完成 (392/588)
2025-07-15 21:45:46,671 - app - INFO - [8367349e-391] 请求完成 (393/588)
2025-07-15 21:45:47,426 - app - INFO - [8367349e-390] 请求完成 (394/588)
2025-07-15 21:45:47,526 - app - INFO - [8367349e-397] 请求完成 (395/588)
2025-07-15 21:45:47,986 - app - INFO - [8367349e-401] 请求完成 (396/588)
2025-07-15 21:45:48,048 - app - INFO - [8367349e-386] 请求完成 (397/588)
2025-07-15 21:45:48,439 - app - INFO - [8367349e-402] 请求完成 (398/588)
2025-07-15 21:45:48,517 - app - INFO - [8367349e-399] 请求完成 (399/588)
2025-07-15 21:45:48,659 - app - INFO - [8367349e-400] 请求完成 (400/588)
2025-07-15 21:45:48,876 - app - INFO - [8367349e-398] 请求完成 (401/588)
2025-07-15 21:45:49,324 - app - INFO - [8367349e-404] 请求完成 (402/588)
2025-07-15 21:45:49,609 - app - INFO - [8367349e-395] 请求完成 (403/588)
2025-07-15 21:45:49,786 - app - INFO - [8367349e-403] 请求完成 (404/588)
2025-07-15 21:45:50,352 - app - INFO - [8367349e-408] 请求完成 (405/588)
2025-07-15 21:45:50,455 - app - INFO - [8367349e-406] 请求完成 (406/588)
2025-07-15 21:45:50,665 - app - INFO - [8367349e-405] 请求完成 (407/588)
2025-07-15 21:45:50,755 - app - INFO - [8367349e-409] 请求完成 (408/588)
2025-07-15 21:45:50,817 - app - INFO - [8367349e-411] 请求完成 (409/588)
2025-07-15 21:45:50,838 - app - INFO - [8367349e-407] 请求完成 (410/588)
2025-07-15 21:45:51,146 - app - INFO - [8367349e-412] 请求完成 (411/588)
2025-07-15 21:45:51,247 - app - INFO - [8367349e-413] 请求完成 (412/588)
2025-07-15 21:45:51,319 - app - INFO - [8367349e-410] 请求完成 (413/588)
2025-07-15 21:45:51,407 - app - INFO - [8367349e-414] 请求完成 (414/588)
2025-07-15 21:45:52,168 - app - INFO - [8367349e-416] 请求完成 (415/588)
2025-07-15 21:45:52,253 - app - INFO - [8367349e-415] 请求完成 (416/588)
2025-07-15 21:45:52,621 - app - INFO - [8367349e-420] 请求完成 (417/588)
2025-07-15 21:45:52,860 - app - INFO - [8367349e-417] 请求完成 (418/588)
2025-07-15 21:45:52,984 - app - INFO - [8367349e-418] 请求完成 (419/588)
2025-07-15 21:45:53,279 - app - INFO - [8367349e-423] 请求完成 (420/588)
2025-07-15 21:45:53,451 - app - INFO - [8367349e-424] 请求完成 (421/588)
2025-07-15 21:45:53,586 - app - INFO - [8367349e-422] 请求完成 (422/588)
2025-07-15 21:45:53,811 - app - INFO - [8367349e-421] 请求完成 (423/588)
2025-07-15 21:45:53,811 - app - INFO - [8367349e-419] 请求完成 (424/588)
2025-07-15 21:45:54,035 - app - INFO - [8367349e-426] 请求完成 (425/588)
2025-07-15 21:45:55,088 - app - INFO - [8367349e-427] 请求完成 (426/588)
2025-07-15 21:45:55,090 - app - INFO - [8367349e-428] 请求完成 (427/588)
2025-07-15 21:45:55,190 - app - INFO - [8367349e-430] 请求完成 (428/588)
2025-07-15 21:45:55,228 - app - INFO - [8367349e-432] 请求完成 (429/588)
2025-07-15 21:45:55,436 - app - INFO - [8367349e-429] 请求完成 (430/588)
2025-07-15 21:45:55,507 - app - INFO - [8367349e-433] 请求完成 (431/588)
2025-07-15 21:45:55,517 - app - INFO - [8367349e-425] 请求完成 (432/588)
2025-07-15 21:45:55,536 - app - INFO - [8367349e-431] 请求完成 (433/588)
2025-07-15 21:45:56,420 - app - INFO - [8367349e-435] 请求完成 (434/588)
2025-07-15 21:45:57,094 - app - INFO - [8367349e-440] 请求完成 (435/588)
2025-07-15 21:45:57,108 - app - INFO - [8367349e-438] 请求完成 (436/588)
2025-07-15 21:45:57,184 - app - INFO - [8367349e-437] 请求完成 (437/588)
2025-07-15 21:45:57,307 - app - INFO - [8367349e-436] 请求完成 (438/588)
2025-07-15 21:45:57,349 - app - INFO - [8367349e-441] 请求完成 (439/588)
2025-07-15 21:45:57,430 - app - INFO - [8367349e-442] 请求完成 (440/588)
2025-07-15 21:45:57,636 - app - INFO - [8367349e-443] 请求完成 (441/588)
2025-07-15 21:45:57,866 - app - INFO - [8367349e-444] 请求完成 (442/588)
2025-07-15 21:45:57,941 - app - INFO - [8367349e-439] 请求完成 (443/588)
2025-07-15 21:45:58,490 - app - INFO - [8367349e-434] 请求完成 (444/588)
2025-07-15 21:45:58,993 - app - INFO - [8367349e-447] 请求完成 (445/588)
2025-07-15 21:45:59,070 - app - INFO - [8367349e-448] 请求完成 (446/588)
2025-07-15 21:45:59,537 - app - INFO - [8367349e-450] 请求完成 (447/588)
2025-07-15 21:45:59,737 - app - INFO - [8367349e-449] 请求完成 (448/588)
2025-07-15 21:45:59,758 - app - INFO - [8367349e-445] 请求完成 (449/588)
2025-07-15 21:46:00,442 - app - INFO - [8367349e-453] 请求完成 (450/588)
2025-07-15 21:46:00,466 - app - INFO - [8367349e-446] 请求完成 (451/588)
2025-07-15 21:46:00,837 - app - INFO - [8367349e-451] 请求完成 (452/588)
2025-07-15 21:46:01,181 - app - INFO - [8367349e-455] 请求完成 (453/588)
2025-07-15 21:46:01,342 - app - INFO - [8367349e-452] 请求完成 (454/588)
2025-07-15 21:46:01,408 - app - INFO - [8367349e-457] 请求完成 (455/588)
2025-07-15 21:46:01,589 - app - INFO - [8367349e-456] 请求完成 (456/588)
2025-07-15 21:46:01,696 - app - INFO - [8367349e-454] 请求完成 (457/588)
2025-07-15 21:46:02,373 - app - INFO - [8367349e-460] 请求完成 (458/588)
2025-07-15 21:46:02,391 - app - INFO - [8367349e-461] 请求完成 (459/588)
2025-07-15 21:46:02,469 - app - INFO - [8367349e-459] 请求完成 (460/588)
2025-07-15 21:46:02,768 - app - INFO - [8367349e-463] 请求完成 (461/588)
2025-07-15 21:46:02,898 - app - INFO - [8367349e-465] 请求完成 (462/588)
2025-07-15 21:46:02,991 - app - INFO - [8367349e-462] 请求完成 (463/588)
2025-07-15 21:46:03,086 - app - INFO - [8367349e-464] 请求完成 (464/588)
2025-07-15 21:46:03,805 - app - INFO - [8367349e-466] 请求完成 (465/588)
2025-07-15 21:46:04,180 - app - INFO - [8367349e-471] 请求完成 (466/588)
2025-07-15 21:46:04,204 - app - INFO - [8367349e-469] 请求完成 (467/588)
2025-07-15 21:46:04,440 - app - INFO - [8367349e-470] 请求完成 (468/588)
2025-07-15 21:46:04,517 - app - INFO - [8367349e-458] 请求完成 (469/588)
2025-07-15 21:46:04,717 - app - INFO - [8367349e-473] 请求完成 (470/588)
2025-07-15 21:46:04,853 - app - INFO - [8367349e-467] 请求完成 (471/588)
2025-07-15 21:46:04,897 - app - INFO - [8367349e-468] 请求完成 (472/588)
2025-07-15 21:46:05,740 - app - INFO - [8367349e-472] 请求完成 (473/588)
2025-07-15 21:46:05,777 - app - INFO - [8367349e-474] 请求完成 (474/588)
2025-07-15 21:46:07,148 - app - INFO - [8367349e-475] 请求完成 (475/588)
2025-07-15 21:46:07,611 - app - INFO - [8367349e-481] 请求完成 (476/588)
2025-07-15 21:46:07,757 - app - INFO - [8367349e-477] 请求完成 (477/588)
2025-07-15 21:46:07,956 - app - INFO - [8367349e-484] 请求完成 (478/588)
2025-07-15 21:46:07,975 - app - INFO - [8367349e-480] 请求完成 (479/588)
2025-07-15 21:46:07,995 - app - INFO - [8367349e-479] 请求完成 (480/588)
2025-07-15 21:46:08,098 - app - INFO - [8367349e-478] 请求完成 (481/588)
2025-07-15 21:46:08,122 - app - INFO - [8367349e-476] 请求完成 (482/588)
2025-07-15 21:46:08,550 - app - INFO - [8367349e-483] 请求完成 (483/588)
2025-07-15 21:46:08,766 - app - INFO - [8367349e-482] 请求完成 (484/588)
2025-07-15 21:46:09,529 - app - INFO - [8367349e-486] 请求完成 (485/588)
2025-07-15 21:46:09,666 - app - INFO - [8367349e-488] 请求完成 (486/588)
2025-07-15 21:46:09,757 - app - INFO - [8367349e-487] 请求完成 (487/588)
2025-07-15 21:46:09,895 - app - INFO - [8367349e-491] 请求完成 (488/588)
2025-07-15 21:46:09,967 - app - INFO - [8367349e-490] 请求完成 (489/588)
2025-07-15 21:46:10,780 - app - INFO - [8367349e-495] 请求完成 (490/588)
2025-07-15 21:46:10,782 - app - INFO - [8367349e-485] 请求完成 (491/588)
2025-07-15 21:46:10,862 - app - INFO - [8367349e-492] 请求完成 (492/588)
2025-07-15 21:46:11,091 - app - INFO - [8367349e-489] 请求完成 (493/588)
2025-07-15 21:46:11,609 - app - INFO - [8367349e-493] 请求完成 (494/588)
2025-07-15 21:46:11,616 - app - INFO - [8367349e-494] 请求完成 (495/588)
2025-07-15 21:46:12,362 - app - INFO - [8367349e-498] 请求完成 (496/588)
2025-07-15 21:46:12,509 - app - INFO - [8367349e-499] 请求完成 (497/588)
2025-07-15 21:46:12,704 - app - INFO - [8367349e-502] 请求完成 (498/588)
2025-07-15 21:46:12,802 - app - INFO - [8367349e-500] 请求完成 (499/588)
2025-07-15 21:46:12,950 - app - INFO - [8367349e-496] 请求完成 (500/588)
2025-07-15 21:46:13,166 - app - INFO - [8367349e-501] 请求完成 (501/588)
2025-07-15 21:46:13,443 - app - INFO - [8367349e-504] 请求完成 (502/588)
2025-07-15 21:46:13,577 - app - INFO - [8367349e-503] 请求完成 (503/588)
2025-07-15 21:46:13,902 - app - INFO - [8367349e-497] 请求完成 (504/588)
2025-07-15 21:46:14,284 - app - INFO - [8367349e-505] 请求完成 (505/588)
2025-07-15 21:46:14,308 - app - INFO - [8367349e-506] 请求完成 (506/588)
2025-07-15 21:46:14,690 - app - INFO - [8367349e-507] 请求完成 (507/588)
2025-07-15 21:46:15,517 - app - INFO - [8367349e-510] 请求完成 (508/588)
2025-07-15 21:46:16,052 - app - INFO - [8367349e-509] 请求完成 (509/588)
2025-07-15 21:46:16,411 - app - INFO - [8367349e-508] 请求完成 (510/588)
2025-07-15 21:46:16,425 - app - INFO - [8367349e-513] 请求完成 (511/588)
2025-07-15 21:46:16,512 - app - INFO - [8367349e-511] 请求完成 (512/588)
2025-07-15 21:46:16,762 - app - INFO - [8367349e-517] 请求完成 (513/588)
2025-07-15 21:46:16,791 - app - INFO - [8367349e-516] 请求完成 (514/588)
2025-07-15 21:46:17,022 - app - INFO - [8367349e-512] 请求完成 (515/588)
2025-07-15 21:46:18,762 - app - INFO - [8367349e-518] 请求完成 (516/588)
2025-07-15 21:46:18,821 - app - INFO - [8367349e-524] 请求完成 (517/588)
2025-07-15 21:46:18,845 - app - INFO - [8367349e-520] 请求完成 (518/588)
2025-07-15 21:46:19,014 - app - INFO - [8367349e-523] 请求完成 (519/588)
2025-07-15 21:46:19,019 - app - INFO - [8367349e-519] 请求完成 (520/588)
2025-07-15 21:46:19,378 - app - INFO - [8367349e-514] 请求完成 (521/588)
2025-07-15 21:46:19,553 - app - INFO - [8367349e-521] 请求完成 (522/588)
2025-07-15 21:46:20,554 - app - INFO - [8367349e-525] 请求完成 (523/588)
2025-07-15 21:46:20,695 - app - INFO - [8367349e-528] 请求完成 (524/588)
2025-07-15 21:46:20,797 - app - INFO - [8367349e-531] 请求完成 (525/588)
2025-07-15 21:46:20,889 - app - INFO - [8367349e-526] 请求完成 (526/588)
2025-07-15 21:46:20,945 - app - INFO - [8367349e-529] 请求完成 (527/588)
2025-07-15 21:46:20,999 - app - INFO - [8367349e-530] 请求完成 (528/588)
2025-07-15 21:46:21,228 - app - INFO - [8367349e-527] 请求完成 (529/588)
2025-07-15 21:46:21,647 - app - INFO - [8367349e-522] 请求完成 (530/588)
2025-07-15 21:46:21,697 - app - INFO - [8367349e-515] 请求完成 (531/588)
2025-07-15 21:46:22,192 - app - INFO - [8367349e-532] 请求完成 (532/588)
2025-07-15 21:46:22,608 - app - INFO - [8367349e-535] 请求完成 (533/588)
2025-07-15 21:46:23,281 - app - INFO - [8367349e-534] 请求完成 (534/588)
2025-07-15 21:46:23,580 - app - INFO - [8367349e-538] 请求完成 (535/588)
2025-07-15 21:46:23,581 - app - INFO - [8367349e-537] 请求完成 (536/588)
2025-07-15 21:46:23,581 - app - INFO - [8367349e-533] 请求完成 (537/588)
2025-07-15 21:46:23,582 - app - INFO - [8367349e-536] 请求完成 (538/588)
2025-07-15 21:46:24,253 - app - INFO - [8367349e-539] 请求完成 (539/588)
2025-07-15 21:46:24,857 - app - INFO - [8367349e-540] 请求完成 (540/588)
2025-07-15 21:46:25,027 - app - INFO - [8367349e-541] 请求完成 (541/588)
2025-07-15 21:46:25,106 - app - INFO - [8367349e-542] 请求完成 (542/588)
2025-07-15 21:46:25,619 - app - INFO - [8367349e-546] 请求完成 (543/588)
2025-07-15 21:46:25,973 - app - INFO - [8367349e-543] 请求完成 (544/588)
2025-07-15 21:46:25,987 - app - INFO - [8367349e-548] 请求完成 (545/588)
2025-07-15 21:46:26,025 - app - INFO - [8367349e-547] 请求完成 (546/588)
2025-07-15 21:46:26,649 - app - INFO - [8367349e-550] 请求完成 (547/588)
2025-07-15 21:46:26,673 - app - INFO - [8367349e-552] 请求完成 (548/588)
2025-07-15 21:46:26,821 - app - INFO - [8367349e-551] 请求完成 (549/588)
2025-07-15 21:46:28,122 - app - INFO - [8367349e-556] 请求完成 (550/588)
2025-07-15 21:46:28,699 - app - INFO - [8367349e-555] 请求完成 (551/588)
2025-07-15 21:46:28,815 - app - INFO - [8367349e-545] 请求完成 (552/588)
2025-07-15 21:46:28,877 - app - INFO - [8367349e-558] 请求完成 (553/588)
2025-07-15 21:46:29,023 - app - INFO - [8367349e-553] 请求完成 (554/588)
2025-07-15 21:46:29,033 - app - INFO - [8367349e-554] 请求完成 (555/588)
2025-07-15 21:46:29,150 - app - INFO - [8367349e-557] 请求完成 (556/588)
2025-07-15 21:46:29,379 - app - INFO - [8367349e-549] 请求完成 (557/588)
2025-07-15 21:46:29,447 - app - INFO - [8367349e-559] 请求完成 (558/588)
2025-07-15 21:46:30,692 - app - INFO - [8367349e-561] 请求完成 (559/588)
2025-07-15 21:46:30,813 - app - INFO - [8367349e-563] 请求完成 (560/588)
2025-07-15 21:46:31,121 - app - INFO - [8367349e-565] 请求完成 (561/588)
2025-07-15 21:46:31,177 - app - INFO - [8367349e-564] 请求完成 (562/588)
2025-07-15 21:46:31,177 - app - INFO - [8367349e-560] 请求完成 (563/588)
2025-07-15 21:46:31,193 - app - INFO - [8367349e-567] 请求完成 (564/588)
2025-07-15 21:46:31,442 - app - INFO - [8367349e-568] 请求完成 (565/588)
2025-07-15 21:46:31,556 - app - INFO - [8367349e-566] 请求完成 (566/588)
2025-07-15 21:46:31,580 - app - INFO - [8367349e-562] 请求完成 (567/588)
2025-07-15 21:46:32,417 - app - INFO - [8367349e-570] 请求完成 (568/588)
2025-07-15 21:46:33,384 - app - INFO - [8367349e-571] 请求完成 (569/588)
2025-07-15 21:46:33,470 - app - INFO - [8367349e-573] 请求完成 (570/588)
2025-07-15 21:46:33,580 - app - INFO - [8367349e-569] 请求完成 (571/588)
2025-07-15 21:46:33,762 - app - INFO - [8367349e-576] 请求完成 (572/588)
2025-07-15 21:46:33,762 - app - INFO - [8367349e-577] 请求完成 (573/588)
2025-07-15 21:46:33,767 - app - INFO - [8367349e-575] 请求完成 (574/588)
2025-07-15 21:46:34,130 - app - INFO - [8367349e-544] 请求完成 (575/588)
2025-07-15 21:46:34,592 - app - INFO - [8367349e-572] 请求完成 (576/588)
2025-07-15 21:46:34,835 - app - INFO - [8367349e-578] 请求完成 (577/588)
2025-07-15 21:46:35,484 - app - INFO - [8367349e-580] 请求完成 (578/588)
2025-07-15 21:46:35,807 - app - INFO - [8367349e-579] 请求完成 (579/588)
2025-07-15 21:46:36,641 - app - INFO - [8367349e-582] 请求完成 (580/588)
2025-07-15 21:46:36,851 - app - INFO - [8367349e-586] 请求完成 (581/588)
2025-07-15 21:46:36,860 - app - INFO - [8367349e-583] 请求完成 (582/588)
2025-07-15 21:46:36,926 - app - INFO - [8367349e-574] 请求完成 (583/588)
2025-07-15 21:46:37,060 - app - INFO - [8367349e-581] 请求完成 (584/588)
2025-07-15 21:46:37,143 - app - INFO - [8367349e-585] 请求完成 (585/588)
2025-07-15 21:46:38,053 - app - INFO - [8367349e-588] 请求完成 (586/588)
2025-07-15 21:46:38,074 - app - INFO - [8367349e-587] 请求完成 (587/588)
2025-07-15 21:46:41,542 - app - INFO - [8367349e-584] 请求完成 (588/588)
2025-07-15 21:46:41,734 - app - INFO - [8367349e] === 批量请求处理完成 ===
2025-07-15 21:46:41,734 - app - INFO - [8367349e] 总耗时: 154.57秒
2025-07-15 21:46:41,734 - app - INFO - [8367349e] 成功: 588/588
2025-07-16 09:23:36,610 - app - INFO - 启动应用，配置: type
2025-07-16 09:23:36,610 - app - INFO - 日志文件: logs/app.log
2025-07-16 09:23:36,611 - app - INFO - API基础URL: https://ark.cn-beijing.volces.com/api/v3
2025-07-16 09:23:37,392 - app - INFO - 启动应用，配置: type
2025-07-16 09:23:37,392 - app - INFO - 日志文件: logs/app.log
2025-07-16 09:23:37,392 - app - INFO - API基础URL: https://ark.cn-beijing.volces.com/api/v3
2025-07-16 09:26:22,524 - app - INFO - [0739bc52] === 新的批量聊天请求开始 ===
2025-07-16 09:26:22,528 - app - INFO - [0739bc52] 批量请求参数: 次数=300, 并发=10
2025-07-16 09:26:25,367 - app - INFO - [0739bc52-3] 请求完成 (1/300)
2025-07-16 09:26:25,669 - app - INFO - [0739bc52-2] 请求完成 (2/300)
2025-07-16 09:26:25,681 - app - INFO - [0739bc52-5] 请求完成 (3/300)
2025-07-16 09:26:25,771 - app - INFO - [0739bc52-9] 请求完成 (4/300)
2025-07-16 09:26:25,824 - app - INFO - [0739bc52-8] 请求完成 (5/300)
2025-07-16 09:26:25,883 - app - INFO - [0739bc52-7] 请求完成 (6/300)
2025-07-16 09:26:25,901 - app - INFO - [0739bc52-1] 请求完成 (7/300)
2025-07-16 09:26:26,069 - app - INFO - [0739bc52-10] 请求完成 (8/300)
2025-07-16 09:26:26,069 - app - INFO - [0739bc52-4] 请求完成 (9/300)
2025-07-16 09:26:26,129 - app - INFO - [0739bc52-6] 请求完成 (10/300)
2025-07-16 09:26:27,864 - app - INFO - [0739bc52-11] 请求完成 (11/300)
2025-07-16 09:26:28,099 - app - INFO - [0739bc52-13] 请求完成 (12/300)
2025-07-16 09:26:28,124 - app - INFO - [0739bc52-19] 请求完成 (13/300)
2025-07-16 09:26:28,211 - app - INFO - [0739bc52-14] 请求完成 (14/300)
2025-07-16 09:26:28,319 - app - INFO - [0739bc52-12] 请求完成 (15/300)
2025-07-16 09:26:28,322 - app - INFO - [0739bc52-17] 请求完成 (16/300)
2025-07-16 09:26:28,323 - app - INFO - [0739bc52-16] 请求完成 (17/300)
2025-07-16 09:26:28,465 - app - INFO - [0739bc52-18] 请求完成 (18/300)
2025-07-16 09:26:28,620 - app - INFO - [0739bc52-20] 请求完成 (19/300)
2025-07-16 09:26:28,786 - app - INFO - [0739bc52-15] 请求完成 (20/300)
2025-07-16 09:26:30,246 - app - INFO - [0739bc52-23] 请求完成 (21/300)
2025-07-16 09:26:30,253 - app - INFO - [0739bc52-22] 请求完成 (22/300)
2025-07-16 09:26:30,419 - app - INFO - [0739bc52-21] 请求完成 (23/300)
2025-07-16 09:26:30,930 - app - INFO - [0739bc52-26] 请求完成 (24/300)
2025-07-16 09:26:31,005 - app - INFO - [0739bc52-29] 请求完成 (25/300)
2025-07-16 09:26:31,015 - app - INFO - [0739bc52-27] 请求完成 (26/300)
2025-07-16 09:26:31,162 - app - INFO - [0739bc52-28] 请求完成 (27/300)
2025-07-16 09:26:31,212 - app - INFO - [0739bc52-30] 请求完成 (28/300)
2025-07-16 09:26:31,370 - app - INFO - [0739bc52-24] 请求完成 (29/300)
2025-07-16 09:26:31,498 - app - INFO - [0739bc52-25] 请求完成 (30/300)
2025-07-16 09:26:32,701 - app - INFO - [0739bc52-31] 请求完成 (31/300)
2025-07-16 09:26:32,865 - app - INFO - [0739bc52-32] 请求完成 (32/300)
2025-07-16 09:26:33,143 - app - INFO - [0739bc52-33] 请求完成 (33/300)
2025-07-16 09:26:33,413 - app - INFO - [0739bc52-35] 请求完成 (34/300)
2025-07-16 09:26:33,510 - app - INFO - [0739bc52-34] 请求完成 (35/300)
2025-07-16 09:26:33,567 - app - INFO - [0739bc52-40] 请求完成 (36/300)
2025-07-16 09:26:33,652 - app - INFO - [0739bc52-37] 请求完成 (37/300)
2025-07-16 09:26:33,815 - app - INFO - [0739bc52-38] 请求完成 (38/300)
2025-07-16 09:26:34,204 - app - INFO - [0739bc52-36] 请求完成 (39/300)
2025-07-16 09:26:34,424 - app - INFO - [0739bc52-39] 请求完成 (40/300)
2025-07-16 09:26:35,143 - app - INFO - [0739bc52-41] 请求完成 (41/300)
2025-07-16 09:26:35,671 - app - INFO - [0739bc52-42] 请求完成 (42/300)
2025-07-16 09:26:35,974 - app - INFO - [0739bc52-43] 请求完成 (43/300)
2025-07-16 09:26:35,986 - app - INFO - [0739bc52-45] 请求完成 (44/300)
2025-07-16 09:26:36,047 - app - INFO - [0739bc52-44] 请求完成 (45/300)
2025-07-16 09:26:36,314 - app - INFO - [0739bc52-47] 请求完成 (46/300)
2025-07-16 09:26:36,416 - app - INFO - [0739bc52-46] 请求完成 (47/300)
2025-07-16 09:26:36,657 - app - INFO - [0739bc52-50] 请求完成 (48/300)
2025-07-16 09:26:36,796 - app - INFO - [0739bc52-48] 请求完成 (49/300)
2025-07-16 09:26:37,960 - app - INFO - [0739bc52-51] 请求完成 (50/300)
2025-07-16 09:26:38,273 - app - INFO - [0739bc52-52] 请求完成 (51/300)
2025-07-16 09:26:38,398 - app - INFO - [0739bc52-53] 请求完成 (52/300)
2025-07-16 09:26:38,421 - app - INFO - [0739bc52-54] 请求完成 (53/300)
2025-07-16 09:26:38,605 - app - INFO - [0739bc52-55] 请求完成 (54/300)
2025-07-16 09:26:38,632 - app - INFO - [0739bc52-56] 请求完成 (55/300)
2025-07-16 09:26:38,752 - app - INFO - [0739bc52-57] 请求完成 (56/300)
2025-07-16 09:26:39,174 - app - INFO - [0739bc52-58] 请求完成 (57/300)
2025-07-16 09:26:39,541 - app - INFO - [0739bc52-59] 请求完成 (58/300)
2025-07-16 09:26:40,293 - app - INFO - [0739bc52-60] 请求完成 (59/300)
2025-07-16 09:26:40,300 - app - INFO - [0739bc52-61] 请求完成 (60/300)
2025-07-16 09:26:40,497 - app - INFO - [0739bc52-62] 请求完成 (61/300)
2025-07-16 09:26:40,713 - app - INFO - [0739bc52-63] 请求完成 (62/300)
2025-07-16 09:26:40,736 - app - INFO - [0739bc52-64] 请求完成 (63/300)
2025-07-16 09:26:40,970 - app - INFO - [0739bc52-66] 请求完成 (64/300)
2025-07-16 09:26:41,076 - app - INFO - [0739bc52-65] 请求完成 (65/300)
2025-07-16 09:26:41,785 - app - INFO - [0739bc52-67] 请求完成 (66/300)
2025-07-16 09:26:42,081 - app - INFO - [0739bc52-68] 请求完成 (67/300)
2025-07-16 09:26:42,227 - app - INFO - [0739bc52-49] 请求完成 (68/300)
2025-07-16 09:26:42,580 - app - INFO - [0739bc52-71] 请求完成 (69/300)
2025-07-16 09:26:42,656 - app - INFO - [0739bc52-70] 请求完成 (70/300)
2025-07-16 09:26:43,104 - app - INFO - [0739bc52-72] 请求完成 (71/300)
2025-07-16 09:26:43,223 - app - INFO - [0739bc52-73] 请求完成 (72/300)
2025-07-16 09:26:43,387 - app - INFO - [0739bc52-75] 请求完成 (73/300)
2025-07-16 09:26:43,708 - app - INFO - [0739bc52-69] 请求完成 (74/300)
2025-07-16 09:26:43,739 - app - INFO - [0739bc52-74] 请求完成 (75/300)
2025-07-16 09:26:44,133 - app - INFO - [0739bc52-77] 请求完成 (76/300)
2025-07-16 09:26:44,212 - app - INFO - [0739bc52-76] 请求完成 (77/300)
2025-07-16 09:26:44,993 - app - INFO - [0739bc52-78] 请求完成 (78/300)
2025-07-16 09:26:45,048 - app - INFO - [0739bc52-80] 请求完成 (79/300)
2025-07-16 09:26:45,355 - app - INFO - [0739bc52-81] 请求完成 (80/300)
2025-07-16 09:26:45,637 - app - INFO - [0739bc52-82] 请求完成 (81/300)
2025-07-16 09:26:45,683 - app - INFO - [0739bc52-83] 请求完成 (82/300)
2025-07-16 09:26:46,252 - app - INFO - [0739bc52-85] 请求完成 (83/300)
2025-07-16 09:26:46,315 - app - INFO - [0739bc52-84] 请求完成 (84/300)
2025-07-16 09:26:46,824 - app - INFO - [0739bc52-86] 请求完成 (85/300)
2025-07-16 09:26:46,981 - app - INFO - [0739bc52-87] 请求完成 (86/300)
2025-07-16 09:26:47,358 - app - INFO - [0739bc52-89] 请求完成 (87/300)
2025-07-16 09:26:47,618 - app - INFO - [0739bc52-88] 请求完成 (88/300)
2025-07-16 09:26:47,977 - app - INFO - [0739bc52-91] 请求完成 (89/300)
2025-07-16 09:26:48,231 - app - INFO - [0739bc52-79] 请求完成 (90/300)
2025-07-16 09:26:48,355 - app - INFO - [0739bc52-92] 请求完成 (91/300)
2025-07-16 09:26:48,615 - app - INFO - [0739bc52-93] 请求完成 (92/300)
2025-07-16 09:26:48,643 - app - INFO - [0739bc52-94] 请求完成 (93/300)
2025-07-16 09:26:49,157 - app - INFO - [0739bc52-90] 请求完成 (94/300)
2025-07-16 09:26:49,189 - app - INFO - [0739bc52-95] 请求完成 (95/300)
2025-07-16 09:26:49,507 - app - INFO - [0739bc52-96] 请求完成 (96/300)
2025-07-16 09:26:49,649 - app - INFO - [0739bc52-97] 请求完成 (97/300)
2025-07-16 09:26:50,779 - app - INFO - [0739bc52-100] 请求完成 (98/300)
2025-07-16 09:26:51,143 - app - INFO - [0739bc52-103] 请求完成 (99/300)
2025-07-16 09:26:51,190 - app - INFO - [0739bc52-98] 请求完成 (100/300)
2025-07-16 09:26:51,211 - app - INFO - [0739bc52-102] 请求完成 (101/300)
2025-07-16 09:26:51,341 - app - INFO - [0739bc52-104] 请求完成 (102/300)
2025-07-16 09:26:51,651 - app - INFO - [0739bc52-106] 请求完成 (103/300)
2025-07-16 09:26:51,915 - app - INFO - [0739bc52-107] 请求完成 (104/300)
2025-07-16 09:26:52,235 - app - INFO - [0739bc52-105] 请求完成 (105/300)
2025-07-16 09:26:52,491 - app - INFO - [0739bc52-101] 请求完成 (106/300)
2025-07-16 09:26:53,158 - app - INFO - [0739bc52-109] 请求完成 (107/300)
2025-07-16 09:26:53,474 - app - INFO - [0739bc52-110] 请求完成 (108/300)
2025-07-16 09:26:53,598 - app - INFO - [0739bc52-108] 请求完成 (109/300)
2025-07-16 09:26:53,687 - app - INFO - [0739bc52-111] 请求完成 (110/300)
2025-07-16 09:26:53,763 - app - INFO - [0739bc52-113] 请求完成 (111/300)
2025-07-16 09:26:53,856 - app - INFO - [0739bc52-112] 请求完成 (112/300)
2025-07-16 09:26:53,935 - app - INFO - [0739bc52-114] 请求完成 (113/300)
2025-07-16 09:26:54,688 - app - INFO - [0739bc52-99] 请求完成 (114/300)
2025-07-16 09:26:54,711 - app - INFO - [0739bc52-115] 请求完成 (115/300)
2025-07-16 09:26:55,340 - app - INFO - [0739bc52-117] 请求完成 (116/300)
2025-07-16 09:26:55,872 - app - INFO - [0739bc52-116] 请求完成 (117/300)
2025-07-16 09:26:55,974 - app - INFO - [0739bc52-121] 请求完成 (118/300)
2025-07-16 09:26:56,036 - app - INFO - [0739bc52-119] 请求完成 (119/300)
2025-07-16 09:26:56,086 - app - INFO - [0739bc52-123] 请求完成 (120/300)
2025-07-16 09:26:56,387 - app - INFO - [0739bc52-118] 请求完成 (121/300)
2025-07-16 09:26:56,502 - app - INFO - [0739bc52-122] 请求完成 (122/300)
2025-07-16 09:26:56,515 - app - INFO - [0739bc52-120] 请求完成 (123/300)
2025-07-16 09:26:57,018 - app - INFO - [0739bc52-124] 请求完成 (124/300)
2025-07-16 09:26:57,740 - app - INFO - [0739bc52-126] 请求完成 (125/300)
2025-07-16 09:26:57,873 - app - INFO - [0739bc52-125] 请求完成 (126/300)
2025-07-16 09:26:57,967 - app - INFO - [0739bc52-128] 请求完成 (127/300)
2025-07-16 09:26:58,390 - app - INFO - [0739bc52-127] 请求完成 (128/300)
2025-07-16 09:26:58,516 - app - INFO - [0739bc52-130] 请求完成 (129/300)
2025-07-16 09:26:58,566 - app - INFO - [0739bc52-129] 请求完成 (130/300)
2025-07-16 09:26:58,798 - app - INFO - [0739bc52-131] 请求完成 (131/300)
2025-07-16 09:26:59,088 - app - INFO - [0739bc52-133] 请求完成 (132/300)
2025-07-16 09:26:59,189 - app - INFO - [0739bc52-132] 请求完成 (133/300)
2025-07-16 09:26:59,426 - app - INFO - [0739bc52-134] 请求完成 (134/300)
2025-07-16 09:27:00,201 - app - INFO - [0739bc52-135] 请求完成 (135/300)
2025-07-16 09:27:00,318 - app - INFO - [0739bc52-137] 请求完成 (136/300)
2025-07-16 09:27:00,794 - app - INFO - [0739bc52-141] 请求完成 (137/300)
2025-07-16 09:27:01,262 - app - INFO - [0739bc52-139] 请求完成 (138/300)
2025-07-16 09:27:01,413 - app - INFO - [0739bc52-140] 请求完成 (139/300)
2025-07-16 09:27:01,825 - app - INFO - [0739bc52-136] 请求完成 (140/300)
2025-07-16 09:27:02,019 - app - INFO - [0739bc52-143] 请求完成 (141/300)
2025-07-16 09:27:02,159 - app - INFO - [0739bc52-144] 请求完成 (142/300)
2025-07-16 09:27:02,276 - app - INFO - [0739bc52-138] 请求完成 (143/300)
2025-07-16 09:27:02,711 - app - INFO - [0739bc52-145] 请求完成 (144/300)
2025-07-16 09:27:02,862 - app - INFO - [0739bc52-146] 请求完成 (145/300)
2025-07-16 09:27:03,427 - app - INFO - [0739bc52-147] 请求完成 (146/300)
2025-07-16 09:27:03,706 - app - INFO - [0739bc52-148] 请求完成 (147/300)
2025-07-16 09:27:03,803 - app - INFO - [0739bc52-150] 请求完成 (148/300)
2025-07-16 09:27:04,065 - app - INFO - [0739bc52-149] 请求完成 (149/300)
2025-07-16 09:27:04,274 - app - INFO - [0739bc52-152] 请求完成 (150/300)
2025-07-16 09:27:04,648 - app - INFO - [0739bc52-142] 请求完成 (151/300)
2025-07-16 09:27:04,816 - app - INFO - [0739bc52-153] 请求完成 (152/300)
2025-07-16 09:27:05,059 - app - INFO - [0739bc52-151] 请求完成 (153/300)
2025-07-16 09:27:05,072 - app - INFO - [0739bc52-155] 请求完成 (154/300)
2025-07-16 09:27:05,676 - app - INFO - [0739bc52-156] 请求完成 (155/300)
2025-07-16 09:27:06,120 - app - INFO - [0739bc52-154] 请求完成 (156/300)
2025-07-16 09:27:06,415 - app - INFO - [0739bc52-158] 请求完成 (157/300)
2025-07-16 09:27:06,544 - app - INFO - [0739bc52-160] 请求完成 (158/300)
2025-07-16 09:27:06,899 - app - INFO - [0739bc52-157] 请求完成 (159/300)
2025-07-16 09:27:07,178 - app - INFO - [0739bc52-161] 请求完成 (160/300)
2025-07-16 09:27:07,686 - app - INFO - [0739bc52-164] 请求完成 (161/300)
2025-07-16 09:27:08,036 - app - INFO - [0739bc52-163] 请求完成 (162/300)
2025-07-16 09:27:08,037 - app - INFO - [0739bc52-165] 请求完成 (163/300)
2025-07-16 09:27:08,110 - app - INFO - [0739bc52-162] 请求完成 (164/300)
2025-07-16 09:27:08,648 - app - INFO - [0739bc52-166] 请求完成 (165/300)
2025-07-16 09:27:09,013 - app - INFO - [0739bc52-167] 请求完成 (166/300)
2025-07-16 09:27:09,475 - app - INFO - [0739bc52-168] 请求完成 (167/300)
2025-07-16 09:27:09,480 - app - INFO - [0739bc52-170] 请求完成 (168/300)
2025-07-16 09:27:09,525 - app - INFO - [0739bc52-159] 请求完成 (169/300)
2025-07-16 09:27:10,073 - app - INFO - [0739bc52-171] 请求完成 (170/300)
2025-07-16 09:27:10,073 - app - INFO - [0739bc52-173] 请求完成 (171/300)
2025-07-16 09:27:10,304 - app - INFO - [0739bc52-174] 请求完成 (172/300)
2025-07-16 09:27:10,439 - app - INFO - [0739bc52-169] 请求完成 (173/300)
2025-07-16 09:27:11,582 - app - INFO - [0739bc52-176] 请求完成 (174/300)
2025-07-16 09:27:11,709 - app - INFO - [0739bc52-177] 请求完成 (175/300)
2025-07-16 09:27:12,126 - app - INFO - [0739bc52-180] 请求完成 (176/300)
2025-07-16 09:27:13,558 - app - INFO - [0739bc52-181] 请求完成 (177/300)
2025-07-16 09:27:14,074 - app - INFO - [0739bc52-183] 请求完成 (178/300)
2025-07-16 09:27:14,075 - app - INFO - [0739bc52-184] 请求完成 (179/300)
2025-07-16 09:27:14,233 - app - INFO - [0739bc52-172] 请求完成 (180/300)
2025-07-16 09:27:14,380 - app - INFO - [0739bc52-175] 请求完成 (181/300)
2025-07-16 09:27:14,565 - app - INFO - [0739bc52-185] 请求完成 (182/300)
2025-07-16 09:27:14,586 - app - INFO - [0739bc52-186] 请求完成 (183/300)
2025-07-16 09:27:14,803 - app - INFO - [0739bc52-178] 请求完成 (184/300)
2025-07-16 09:27:14,905 - app - INFO - [0739bc52-179] 请求完成 (185/300)
2025-07-16 09:27:15,589 - app - INFO - [0739bc52-182] 请求完成 (186/300)
2025-07-16 09:27:15,663 - app - INFO - [0739bc52-187] 请求完成 (187/300)
2025-07-16 09:27:16,584 - app - INFO - [0739bc52-190] 请求完成 (188/300)
2025-07-16 09:27:17,240 - app - INFO - [0739bc52-188] 请求完成 (189/300)
2025-07-16 09:27:17,639 - app - INFO - [0739bc52-193] 请求完成 (190/300)
2025-07-16 09:27:17,975 - app - INFO - [0739bc52-197] 请求完成 (191/300)
2025-07-16 09:27:18,052 - app - INFO - [0739bc52-192] 请求完成 (192/300)
2025-07-16 09:27:18,107 - app - INFO - [0739bc52-196] 请求完成 (193/300)
2025-07-16 09:27:18,160 - app - INFO - [0739bc52-191] 请求完成 (194/300)
2025-07-16 09:27:18,667 - app - INFO - [0739bc52-195] 请求完成 (195/300)
2025-07-16 09:27:18,877 - app - INFO - [0739bc52-198] 请求完成 (196/300)
2025-07-16 09:27:19,456 - app - INFO - [0739bc52-189] 请求完成 (197/300)
2025-07-16 09:27:19,523 - app - INFO - [0739bc52-199] 请求完成 (198/300)
2025-07-16 09:27:20,171 - app - INFO - [0739bc52-200] 请求完成 (199/300)
2025-07-16 09:27:20,505 - app - INFO - [0739bc52-201] 请求完成 (200/300)
2025-07-16 09:27:20,881 - app - INFO - [0739bc52-203] 请求完成 (201/300)
2025-07-16 09:27:20,887 - app - INFO - [0739bc52-204] 请求完成 (202/300)
2025-07-16 09:27:21,005 - app - INFO - [0739bc52-202] 请求完成 (203/300)
2025-07-16 09:27:21,435 - app - INFO - [0739bc52-206] 请求完成 (204/300)
2025-07-16 09:27:21,533 - app - INFO - [0739bc52-205] 请求完成 (205/300)
2025-07-16 09:27:21,956 - app - INFO - [0739bc52-208] 请求完成 (206/300)
2025-07-16 09:27:22,006 - app - INFO - [0739bc52-207] 请求完成 (207/300)
2025-07-16 09:27:22,182 - app - INFO - [0739bc52-209] 请求完成 (208/300)
2025-07-16 09:27:22,838 - app - INFO - [0739bc52-210] 请求完成 (209/300)
2025-07-16 09:27:22,915 - app - INFO - [0739bc52-194] 请求完成 (210/300)
2025-07-16 09:27:22,966 - app - INFO - [0739bc52-212] 请求完成 (211/300)
2025-07-16 09:27:23,139 - app - INFO - [0739bc52-211] 请求完成 (212/300)
2025-07-16 09:27:23,176 - app - INFO - [0739bc52-213] 请求完成 (213/300)
2025-07-16 09:27:23,765 - app - INFO - [0739bc52-214] 请求完成 (214/300)
2025-07-16 09:27:24,461 - app - INFO - [0739bc52-216] 请求完成 (215/300)
2025-07-16 09:27:24,471 - app - INFO - [0739bc52-218] 请求完成 (216/300)
2025-07-16 09:27:24,648 - app - INFO - [0739bc52-215] 请求完成 (217/300)
2025-07-16 09:27:25,495 - app - INFO - [0739bc52-223] 请求完成 (218/300)
2025-07-16 09:27:25,586 - app - INFO - [0739bc52-221] 请求完成 (219/300)
2025-07-16 09:27:25,586 - app - INFO - [0739bc52-219] 请求完成 (220/300)
2025-07-16 09:27:25,738 - app - INFO - [0739bc52-222] 请求完成 (221/300)
2025-07-16 09:27:25,777 - app - INFO - [0739bc52-220] 请求完成 (222/300)
2025-07-16 09:27:26,166 - app - INFO - [0739bc52-224] 请求完成 (223/300)
2025-07-16 09:27:26,257 - app - INFO - [0739bc52-217] 请求完成 (224/300)
2025-07-16 09:27:26,876 - app - INFO - [0739bc52-225] 请求完成 (225/300)
2025-07-16 09:27:27,077 - app - INFO - [0739bc52-226] 请求完成 (226/300)
2025-07-16 09:27:27,079 - app - INFO - [0739bc52-227] 请求完成 (227/300)
2025-07-16 09:27:27,839 - app - INFO - [0739bc52-228] 请求完成 (228/300)
2025-07-16 09:27:28,236 - app - INFO - [0739bc52-229] 请求完成 (229/300)
2025-07-16 09:27:28,362 - app - INFO - [0739bc52-233] 请求完成 (230/300)
2025-07-16 09:27:28,402 - app - INFO - [0739bc52-230] 请求完成 (231/300)
2025-07-16 09:27:28,515 - app - INFO - [0739bc52-231] 请求完成 (232/300)
2025-07-16 09:27:28,536 - app - INFO - [0739bc52-232] 请求完成 (233/300)
2025-07-16 09:27:28,615 - app - INFO - [0739bc52-234] 请求完成 (234/300)
2025-07-16 09:27:29,268 - app - INFO - [0739bc52-235] 请求完成 (235/300)
2025-07-16 09:27:30,348 - app - INFO - [0739bc52-238] 请求完成 (236/300)
2025-07-16 09:27:30,597 - app - INFO - [0739bc52-240] 请求完成 (237/300)
2025-07-16 09:27:30,600 - app - INFO - [0739bc52-236] 请求完成 (238/300)
2025-07-16 09:27:30,623 - app - INFO - [0739bc52-239] 请求完成 (239/300)
2025-07-16 09:27:30,694 - app - INFO - [0739bc52-237] 请求完成 (240/300)
2025-07-16 09:27:31,210 - app - INFO - [0739bc52-244] 请求完成 (241/300)
2025-07-16 09:27:31,449 - app - INFO - [0739bc52-241] 请求完成 (242/300)
2025-07-16 09:27:31,680 - app - INFO - [0739bc52-242] 请求完成 (243/300)
2025-07-16 09:27:31,889 - app - INFO - [0739bc52-245] 请求完成 (244/300)
2025-07-16 09:27:32,010 - app - INFO - [0739bc52-243] 请求完成 (245/300)
2025-07-16 09:27:32,652 - app - INFO - [0739bc52-249] 请求完成 (246/300)
2025-07-16 09:27:33,156 - app - INFO - [0739bc52-248] 请求完成 (247/300)
2025-07-16 09:27:33,157 - app - INFO - [0739bc52-247] 请求完成 (248/300)
2025-07-16 09:27:33,263 - app - INFO - [0739bc52-246] 请求完成 (249/300)
2025-07-16 09:27:33,586 - app - INFO - [0739bc52-252] 请求完成 (250/300)
2025-07-16 09:27:33,631 - app - INFO - [0739bc52-251] 请求完成 (251/300)
2025-07-16 09:27:33,955 - app - INFO - [0739bc52-250] 请求完成 (252/300)
2025-07-16 09:27:34,050 - app - INFO - [0739bc52-253] 请求完成 (253/300)
2025-07-16 09:27:34,352 - app - INFO - [0739bc52-254] 请求完成 (254/300)
2025-07-16 09:27:34,903 - app - INFO - [0739bc52-255] 请求完成 (255/300)
2025-07-16 09:27:34,981 - app - INFO - [0739bc52-256] 请求完成 (256/300)
2025-07-16 09:27:35,653 - app - INFO - [0739bc52-259] 请求完成 (257/300)
2025-07-16 09:27:35,961 - app - INFO - [0739bc52-260] 请求完成 (258/300)
2025-07-16 09:27:36,161 - app - INFO - [0739bc52-258] 请求完成 (259/300)
2025-07-16 09:27:36,190 - app - INFO - [0739bc52-261] 请求完成 (260/300)
2025-07-16 09:27:36,913 - app - INFO - [0739bc52-265] 请求完成 (261/300)
2025-07-16 09:27:37,053 - app - INFO - [0739bc52-264] 请求完成 (262/300)
2025-07-16 09:27:37,097 - app - INFO - [0739bc52-262] 请求完成 (263/300)
2025-07-16 09:27:37,138 - app - INFO - [0739bc52-263] 请求完成 (264/300)
2025-07-16 09:27:37,312 - app - INFO - [0739bc52-266] 请求完成 (265/300)
2025-07-16 09:27:37,997 - app - INFO - [0739bc52-268] 请求完成 (266/300)
2025-07-16 09:27:38,065 - app - INFO - [0739bc52-257] 请求完成 (267/300)
2025-07-16 09:27:38,452 - app - INFO - [0739bc52-267] 请求完成 (268/300)
2025-07-16 09:27:38,512 - app - INFO - [0739bc52-269] 请求完成 (269/300)
2025-07-16 09:27:38,670 - app - INFO - [0739bc52-270] 请求完成 (270/300)
2025-07-16 09:27:39,364 - app - INFO - [0739bc52-271] 请求完成 (271/300)
2025-07-16 09:27:39,672 - app - INFO - [0739bc52-273] 请求完成 (272/300)
2025-07-16 09:27:39,673 - app - INFO - [0739bc52-274] 请求完成 (273/300)
2025-07-16 09:27:39,687 - app - INFO - [0739bc52-272] 请求完成 (274/300)
2025-07-16 09:27:39,714 - app - INFO - [0739bc52-275] 请求完成 (275/300)
2025-07-16 09:27:40,599 - app - INFO - [0739bc52-276] 请求完成 (276/300)
2025-07-16 09:27:40,669 - app - INFO - [0739bc52-277] 请求完成 (277/300)
2025-07-16 09:27:40,932 - app - INFO - [0739bc52-279] 请求完成 (278/300)
2025-07-16 09:27:40,946 - app - INFO - [0739bc52-278] 请求完成 (279/300)
2025-07-16 09:27:41,689 - app - INFO - [0739bc52-281] 请求完成 (280/300)
2025-07-16 09:27:41,917 - app - INFO - [0739bc52-280] 请求完成 (281/300)
2025-07-16 09:27:42,031 - app - INFO - [0739bc52-283] 请求完成 (282/300)
2025-07-16 09:27:42,127 - app - INFO - [0739bc52-282] 请求完成 (283/300)
2025-07-16 09:27:42,135 - app - INFO - [0739bc52-284] 请求完成 (284/300)
2025-07-16 09:27:42,437 - app - INFO - [0739bc52-285] 请求完成 (285/300)
2025-07-16 09:27:42,931 - app - INFO - [0739bc52-289] 请求完成 (286/300)
2025-07-16 09:27:42,997 - app - INFO - [0739bc52-287] 请求完成 (287/300)
2025-07-16 09:27:43,048 - app - INFO - [0739bc52-286] 请求完成 (288/300)
2025-07-16 09:27:43,338 - app - INFO - [0739bc52-288] 请求完成 (289/300)
2025-07-16 09:27:43,950 - app - INFO - [0739bc52-291] 请求完成 (290/300)
2025-07-16 09:27:44,502 - app - INFO - [0739bc52-293] 请求完成 (291/300)
2025-07-16 09:27:44,572 - app - INFO - [0739bc52-294] 请求完成 (292/300)
2025-07-16 09:27:45,191 - app - INFO - [0739bc52-292] 请求完成 (293/300)
2025-07-16 09:27:45,462 - app - INFO - [0739bc52-298] 请求完成 (294/300)
2025-07-16 09:27:45,542 - app - INFO - [0739bc52-297] 请求完成 (295/300)
2025-07-16 09:27:45,755 - app - INFO - [0739bc52-296] 请求完成 (296/300)
2025-07-16 09:27:45,957 - app - INFO - [0739bc52-299] 请求完成 (297/300)
2025-07-16 09:27:46,393 - app - INFO - [0739bc52-300] 请求完成 (298/300)
2025-07-16 09:27:48,505 - app - INFO - [0739bc52-295] 请求完成 (299/300)
2025-07-16 09:27:49,283 - app - INFO - [0739bc52-290] 请求完成 (300/300)
2025-07-16 09:27:49,601 - app - INFO - [0739bc52] === 批量请求处理完成 ===
2025-07-16 09:27:49,601 - app - INFO - [0739bc52] 总耗时: 86.76秒
2025-07-16 09:27:49,601 - app - INFO - [0739bc52] 成功: 300/300
2025-07-16 09:32:52,109 - app - INFO - [05d49fa5] === 新的聊天请求开始 ===
2025-07-16 09:32:52,113 - app - INFO - [05d49fa5] 请求数据字段: ['api_key', 'base_url', 'model_endpoint', 'model_id', 'system_content', 'user_content', 'logit_bias']
2025-07-16 09:32:52,114 - app - INFO - [05d49fa5] 收到logit_bias参数: {'135': -100, '136': -100, '854': -100, '861': -100}
2025-07-16 09:32:52,115 - app - INFO - [05d49fa5] 使用用户提供的base_url: https://ark.ap-southeast.bytepluses.com/api/v3
2025-07-16 09:32:52,115 - app - INFO - [05d49fa5] 使用模型参数: skylark-pro-sc-250615
2025-07-16 09:32:52,115 - app - INFO - [05d49fa5] API密钥: 6f7f1187-f042-41fb-8d0b-6f75f5ae39fd (长度: 36)
2025-07-16 09:32:52,115 - app - INFO - [05d49fa5] 用户输入长度: 35 字符
2025-07-16 09:32:52,115 - app - INFO - [05d49fa5] 系统消息长度: 1492 字符
2025-07-16 09:32:52,179 - app - INFO - [05d49fa5] ModelArk服务初始化成功
2025-07-16 09:32:52,179 - app - INFO - [05d49fa5] 开始调用API...
2025-07-16 09:32:54,875 - app - INFO - [05d49fa5] === 请求处理成功 ===
2025-07-16 09:32:54,876 - app - INFO - [05d49fa5] 总耗时: 2.77秒
2025-07-16 09:32:54,876 - app - INFO - [05d49fa5] API耗时: 2.69秒
2025-07-16 09:33:01,752 - app - INFO - [9eb2e317] === 新的批量聊天请求开始 ===
2025-07-16 09:33:01,753 - app - INFO - [9eb2e317] 批量请求参数: 次数=300, 并发=10
2025-07-16 09:33:04,206 - app - INFO - [9eb2e317-3] 请求完成 (1/300)
2025-07-16 09:33:04,343 - app - INFO - [9eb2e317-6] 请求完成 (2/300)
2025-07-16 09:33:04,357 - app - INFO - [9eb2e317-10] 请求完成 (3/300)
2025-07-16 09:33:04,409 - app - INFO - [9eb2e317-7] 请求完成 (4/300)
2025-07-16 09:33:04,409 - app - INFO - [9eb2e317-4] 请求完成 (5/300)
2025-07-16 09:33:04,450 - app - INFO - [9eb2e317-9] 请求完成 (6/300)
2025-07-16 09:33:04,450 - app - INFO - [9eb2e317-2] 请求完成 (7/300)
2025-07-16 09:33:04,694 - app - INFO - [9eb2e317-8] 请求完成 (8/300)
2025-07-16 09:33:04,802 - app - INFO - [9eb2e317-1] 请求完成 (9/300)
2025-07-16 09:33:05,035 - app - INFO - [9eb2e317-5] 请求完成 (10/300)
2025-07-16 09:33:06,375 - app - INFO - [9eb2e317-11] 请求完成 (11/300)
2025-07-16 09:33:06,675 - app - INFO - [9eb2e317-14] 请求完成 (12/300)
2025-07-16 09:33:06,786 - app - INFO - [9eb2e317-18] 请求完成 (13/300)
2025-07-16 09:33:07,001 - app - INFO - [9eb2e317-15] 请求完成 (14/300)
2025-07-16 09:33:07,101 - app - INFO - [9eb2e317-16] 请求完成 (15/300)
2025-07-16 09:33:07,175 - app - INFO - [9eb2e317-19] 请求完成 (16/300)
2025-07-16 09:33:07,236 - app - INFO - [9eb2e317-13] 请求完成 (17/300)
2025-07-16 09:33:07,762 - app - INFO - [9eb2e317-12] 请求完成 (18/300)
2025-07-16 09:33:08,012 - app - INFO - [9eb2e317-17] 请求完成 (19/300)
2025-07-16 09:33:08,116 - app - INFO - [9eb2e317-20] 请求完成 (20/300)
2025-07-16 09:33:09,049 - app - INFO - [9eb2e317-22] 请求完成 (21/300)
2025-07-16 09:33:09,330 - app - INFO - [9eb2e317-25] 请求完成 (22/300)
2025-07-16 09:33:09,449 - app - INFO - [9eb2e317-24] 请求完成 (23/300)
2025-07-16 09:33:09,472 - app - INFO - [9eb2e317-21] 请求完成 (24/300)
2025-07-16 09:33:09,507 - app - INFO - [9eb2e317-23] 请求完成 (25/300)
2025-07-16 09:33:09,594 - app - INFO - [9eb2e317-27] 请求完成 (26/300)
2025-07-16 09:33:09,654 - app - INFO - [9eb2e317-26] 请求完成 (27/300)
2025-07-16 09:33:10,628 - app - INFO - [9eb2e317-30] 请求完成 (28/300)
2025-07-16 09:33:10,676 - app - INFO - [9eb2e317-28] 请求完成 (29/300)
2025-07-16 09:33:11,538 - app - INFO - [9eb2e317-29] 请求完成 (30/300)
2025-07-16 09:33:11,776 - app - INFO - [9eb2e317-32] 请求完成 (31/300)
2025-07-16 09:33:11,917 - app - INFO - [9eb2e317-31] 请求完成 (32/300)
2025-07-16 09:33:11,931 - app - INFO - [9eb2e317-34] 请求完成 (33/300)
2025-07-16 09:33:12,088 - app - INFO - [9eb2e317-33] 请求完成 (34/300)
2025-07-16 09:33:12,207 - app - INFO - [9eb2e317-37] 请求完成 (35/300)
2025-07-16 09:33:12,463 - app - INFO - [9eb2e317-36] 请求完成 (36/300)
2025-07-16 09:33:12,463 - app - INFO - [9eb2e317-35] 请求完成 (37/300)
2025-07-16 09:33:13,054 - app - INFO - [9eb2e317-38] 请求完成 (38/300)
2025-07-16 09:33:13,280 - app - INFO - [9eb2e317-39] 请求完成 (39/300)
2025-07-16 09:33:13,854 - app - INFO - [9eb2e317-41] 请求完成 (40/300)
2025-07-16 09:33:13,952 - app - INFO - [9eb2e317-42] 请求完成 (41/300)
2025-07-16 09:33:14,196 - app - INFO - [9eb2e317-44] 请求完成 (42/300)
2025-07-16 09:33:14,412 - app - INFO - [9eb2e317-40] 请求完成 (43/300)
2025-07-16 09:33:14,568 - app - INFO - [9eb2e317-47] 请求完成 (44/300)
2025-07-16 09:33:14,820 - app - INFO - [9eb2e317-46] 请求完成 (45/300)
2025-07-16 09:33:14,836 - app - INFO - [9eb2e317-45] 请求完成 (46/300)
2025-07-16 09:33:15,165 - app - INFO - [9eb2e317-43] 请求完成 (47/300)
2025-07-16 09:33:15,313 - app - INFO - [9eb2e317-49] 请求完成 (48/300)
2025-07-16 09:33:15,688 - app - INFO - [9eb2e317-48] 请求完成 (49/300)
2025-07-16 09:33:16,329 - app - INFO - [9eb2e317-50] 请求完成 (50/300)
2025-07-16 09:33:16,369 - app - INFO - [9eb2e317-51] 请求完成 (51/300)
2025-07-16 09:33:16,865 - app - INFO - [9eb2e317-53] 请求完成 (52/300)
2025-07-16 09:33:16,927 - app - INFO - [9eb2e317-55] 请求完成 (53/300)
2025-07-16 09:33:17,262 - app - INFO - [9eb2e317-58] 请求完成 (54/300)
2025-07-16 09:33:17,268 - app - INFO - [9eb2e317-57] 请求完成 (55/300)
2025-07-16 09:33:17,337 - app - INFO - [9eb2e317-52] 请求完成 (56/300)
2025-07-16 09:33:17,351 - app - INFO - [9eb2e317-54] 请求完成 (57/300)
2025-07-16 09:33:17,904 - app - INFO - [9eb2e317-56] 请求完成 (58/300)
2025-07-16 09:33:18,587 - app - INFO - [9eb2e317-59] 请求完成 (59/300)
2025-07-16 09:33:19,171 - app - INFO - [9eb2e317-62] 请求完成 (60/300)
2025-07-16 09:33:19,187 - app - INFO - [9eb2e317-60] 请求完成 (61/300)
2025-07-16 09:33:19,633 - app - INFO - [9eb2e317-63] 请求完成 (62/300)
2025-07-16 09:33:19,747 - app - INFO - [9eb2e317-61] 请求完成 (63/300)
2025-07-16 09:33:19,807 - app - INFO - [9eb2e317-64] 请求完成 (64/300)
2025-07-16 09:33:19,909 - app - INFO - [9eb2e317-65] 请求完成 (65/300)
2025-07-16 09:33:19,966 - app - INFO - [9eb2e317-66] 请求完成 (66/300)
2025-07-16 09:33:20,454 - app - INFO - [9eb2e317-67] 请求完成 (67/300)
2025-07-16 09:33:20,875 - app - INFO - [9eb2e317-69] 请求完成 (68/300)
2025-07-16 09:33:21,205 - app - INFO - [9eb2e317-68] 请求完成 (69/300)
2025-07-16 09:33:21,293 - app - INFO - [9eb2e317-70] 请求完成 (70/300)
2025-07-16 09:33:21,557 - app - INFO - [9eb2e317-71] 请求完成 (71/300)
2025-07-16 09:33:22,069 - app - INFO - [9eb2e317-75] 请求完成 (72/300)
2025-07-16 09:33:22,222 - app - INFO - [9eb2e317-74] 请求完成 (73/300)
2025-07-16 09:33:22,953 - app - INFO - [9eb2e317-73] 请求完成 (74/300)
2025-07-16 09:33:22,953 - app - INFO - [9eb2e317-77] 请求完成 (75/300)
2025-07-16 09:33:23,019 - app - INFO - [9eb2e317-72] 请求完成 (76/300)
2025-07-16 09:33:23,263 - app - INFO - [9eb2e317-79] 请求完成 (77/300)
2025-07-16 09:33:23,467 - app - INFO - [9eb2e317-78] 请求完成 (78/300)
2025-07-16 09:33:23,926 - app - INFO - [9eb2e317-81] 请求完成 (79/300)
2025-07-16 09:33:24,331 - app - INFO - [9eb2e317-80] 请求完成 (80/300)
2025-07-16 09:33:25,192 - app - INFO - [9eb2e317-82] 请求完成 (81/300)
2025-07-16 09:33:25,282 - app - INFO - [9eb2e317-87] 请求完成 (82/300)
2025-07-16 09:33:25,282 - app - INFO - [9eb2e317-86] 请求完成 (83/300)
2025-07-16 09:33:25,566 - app - INFO - [9eb2e317-85] 请求完成 (84/300)
2025-07-16 09:33:26,319 - app - INFO - [9eb2e317-84] 请求完成 (85/300)
2025-07-16 09:33:26,349 - app - INFO - [9eb2e317-88] 请求完成 (86/300)
2025-07-16 09:33:26,922 - app - INFO - [9eb2e317-89] 请求完成 (87/300)
2025-07-16 09:33:27,301 - app - INFO - [9eb2e317-90] 请求完成 (88/300)
2025-07-16 09:33:27,671 - app - INFO - [9eb2e317-94] 请求完成 (89/300)
2025-07-16 09:33:27,677 - app - INFO - [9eb2e317-92] 请求完成 (90/300)
2025-07-16 09:33:27,865 - app - INFO - [9eb2e317-76] 请求完成 (91/300)
2025-07-16 09:33:27,901 - app - INFO - [9eb2e317-93] 请求完成 (92/300)
2025-07-16 09:33:28,034 - app - INFO - [9eb2e317-91] 请求完成 (93/300)
2025-07-16 09:33:28,804 - app - INFO - [9eb2e317-95] 请求完成 (94/300)
2025-07-16 09:33:28,855 - app - INFO - [9eb2e317-96] 请求完成 (95/300)
2025-07-16 09:33:29,128 - app - INFO - [9eb2e317-97] 请求完成 (96/300)
2025-07-16 09:33:30,002 - app - INFO - [9eb2e317-98] 请求完成 (97/300)
2025-07-16 09:33:30,088 - app - INFO - [9eb2e317-83] 请求完成 (98/300)
2025-07-16 09:33:30,172 - app - INFO - [9eb2e317-102] 请求完成 (99/300)
2025-07-16 09:33:30,253 - app - INFO - [9eb2e317-101] 请求完成 (100/300)
2025-07-16 09:33:31,034 - app - INFO - [9eb2e317-104] 请求完成 (101/300)
2025-07-16 09:33:31,035 - app - INFO - [9eb2e317-103] 请求完成 (102/300)
2025-07-16 09:33:31,097 - app - INFO - [9eb2e317-100] 请求完成 (103/300)
2025-07-16 09:33:31,205 - app - INFO - [9eb2e317-99] 请求完成 (104/300)
2025-07-16 09:33:31,526 - app - INFO - [9eb2e317-106] 请求完成 (105/300)
2025-07-16 09:33:32,094 - app - INFO - [9eb2e317-105] 请求完成 (106/300)
2025-07-16 09:33:32,724 - app - INFO - [9eb2e317-109] 请求完成 (107/300)
2025-07-16 09:33:32,743 - app - INFO - [9eb2e317-110] 请求完成 (108/300)
2025-07-16 09:33:32,955 - app - INFO - [9eb2e317-108] 请求完成 (109/300)
2025-07-16 09:33:33,449 - app - INFO - [9eb2e317-114] 请求完成 (110/300)
2025-07-16 09:33:33,464 - app - INFO - [9eb2e317-107] 请求完成 (111/300)
2025-07-16 09:33:33,986 - app - INFO - [9eb2e317-111] 请求完成 (112/300)
2025-07-16 09:33:34,282 - app - INFO - [9eb2e317-112] 请求完成 (113/300)
2025-07-16 09:33:34,284 - app - INFO - [9eb2e317-115] 请求完成 (114/300)
2025-07-16 09:33:34,285 - app - INFO - [9eb2e317-113] 请求完成 (115/300)
2025-07-16 09:33:34,611 - app - INFO - [9eb2e317-116] 请求完成 (116/300)
2025-07-16 09:33:35,805 - app - INFO - [9eb2e317-119] 请求完成 (117/300)
2025-07-16 09:33:35,806 - app - INFO - [9eb2e317-117] 请求完成 (118/300)
2025-07-16 09:33:35,861 - app - INFO - [9eb2e317-118] 请求完成 (119/300)
2025-07-16 09:33:36,165 - app - INFO - [9eb2e317-121] 请求完成 (120/300)
2025-07-16 09:33:36,777 - app - INFO - [9eb2e317-122] 请求完成 (121/300)
2025-07-16 09:33:37,162 - app - INFO - [9eb2e317-126] 请求完成 (122/300)
2025-07-16 09:33:37,253 - app - INFO - [9eb2e317-123] 请求完成 (123/300)
2025-07-16 09:33:37,362 - app - INFO - [9eb2e317-125] 请求完成 (124/300)
2025-07-16 09:33:37,515 - app - INFO - [9eb2e317-124] 请求完成 (125/300)
2025-07-16 09:33:38,152 - app - INFO - [9eb2e317-127] 请求完成 (126/300)
2025-07-16 09:33:38,155 - app - INFO - [9eb2e317-128] 请求完成 (127/300)
2025-07-16 09:33:38,167 - app - INFO - [9eb2e317-130] 请求完成 (128/300)
2025-07-16 09:33:38,768 - app - INFO - [9eb2e317-129] 请求完成 (129/300)
2025-07-16 09:33:39,334 - app - INFO - [9eb2e317-131] 请求完成 (130/300)
2025-07-16 09:33:39,590 - app - INFO - [9eb2e317-132] 请求完成 (131/300)
2025-07-16 09:33:39,740 - app - INFO - [9eb2e317-133] 请求完成 (132/300)
2025-07-16 09:33:39,790 - app - INFO - [9eb2e317-134] 请求完成 (133/300)
2025-07-16 09:33:40,222 - app - INFO - [9eb2e317-135] 请求完成 (134/300)
2025-07-16 09:33:40,322 - app - INFO - [9eb2e317-137] 请求完成 (135/300)
2025-07-16 09:33:40,868 - app - INFO - [9eb2e317-138] 请求完成 (136/300)
2025-07-16 09:33:40,947 - app - INFO - [9eb2e317-139] 请求完成 (137/300)
2025-07-16 09:33:41,170 - app - INFO - [9eb2e317-136] 请求完成 (138/300)
2025-07-16 09:33:41,372 - app - INFO - [9eb2e317-120] 请求完成 (139/300)
2025-07-16 09:33:41,982 - app - INFO - [9eb2e317-143] 请求完成 (140/300)
2025-07-16 09:33:42,088 - app - INFO - [9eb2e317-140] 请求完成 (141/300)
2025-07-16 09:33:42,259 - app - INFO - [9eb2e317-142] 请求完成 (142/300)
2025-07-16 09:33:42,718 - app - INFO - [9eb2e317-145] 请求完成 (143/300)
2025-07-16 09:33:42,878 - app - INFO - [9eb2e317-141] 请求完成 (144/300)
2025-07-16 09:33:43,070 - app - INFO - [9eb2e317-144] 请求完成 (145/300)
2025-07-16 09:33:43,204 - app - INFO - [9eb2e317-146] 请求完成 (146/300)
2025-07-16 09:33:43,566 - app - INFO - [9eb2e317-148] 请求完成 (147/300)
2025-07-16 09:33:43,793 - app - INFO - [9eb2e317-147] 请求完成 (148/300)
2025-07-16 09:33:44,144 - app - INFO - [9eb2e317-149] 请求完成 (149/300)
2025-07-16 09:33:44,558 - app - INFO - [9eb2e317-151] 请求完成 (150/300)
2025-07-16 09:33:44,998 - app - INFO - [9eb2e317-152] 请求完成 (151/300)
2025-07-16 09:33:45,006 - app - INFO - [9eb2e317-150] 请求完成 (152/300)
2025-07-16 09:33:45,196 - app - INFO - [9eb2e317-154] 请求完成 (153/300)
2025-07-16 09:33:45,319 - app - INFO - [9eb2e317-153] 请求完成 (154/300)
2025-07-16 09:33:45,598 - app - INFO - [9eb2e317-156] 请求完成 (155/300)
2025-07-16 09:33:45,737 - app - INFO - [9eb2e317-155] 请求完成 (156/300)
2025-07-16 09:33:45,837 - app - INFO - [9eb2e317-158] 请求完成 (157/300)
2025-07-16 09:33:46,276 - app - INFO - [9eb2e317-157] 请求完成 (158/300)
2025-07-16 09:33:46,781 - app - INFO - [9eb2e317-159] 请求完成 (159/300)
2025-07-16 09:33:47,611 - app - INFO - [9eb2e317-160] 请求完成 (160/300)
2025-07-16 09:33:47,941 - app - INFO - [9eb2e317-161] 请求完成 (161/300)
2025-07-16 09:33:47,959 - app - INFO - [9eb2e317-165] 请求完成 (162/300)
2025-07-16 09:33:48,232 - app - INFO - [9eb2e317-162] 请求完成 (163/300)
2025-07-16 09:33:48,264 - app - INFO - [9eb2e317-163] 请求完成 (164/300)
2025-07-16 09:33:48,332 - app - INFO - [9eb2e317-166] 请求完成 (165/300)
2025-07-16 09:33:48,441 - app - INFO - [9eb2e317-167] 请求完成 (166/300)
2025-07-16 09:33:48,722 - app - INFO - [9eb2e317-164] 请求完成 (167/300)
2025-07-16 09:33:48,781 - app - INFO - [9eb2e317-168] 请求完成 (168/300)
2025-07-16 09:33:49,275 - app - INFO - [9eb2e317-169] 请求完成 (169/300)
2025-07-16 09:33:50,208 - app - INFO - [9eb2e317-170] 请求完成 (170/300)
2025-07-16 09:33:50,413 - app - INFO - [9eb2e317-175] 请求完成 (171/300)
2025-07-16 09:33:50,436 - app - INFO - [9eb2e317-174] 请求完成 (172/300)
2025-07-16 09:33:50,770 - app - INFO - [9eb2e317-172] 请求完成 (173/300)
2025-07-16 09:33:50,884 - app - INFO - [9eb2e317-171] 请求完成 (174/300)
2025-07-16 09:33:51,029 - app - INFO - [9eb2e317-173] 请求完成 (175/300)
2025-07-16 09:33:51,330 - app - INFO - [9eb2e317-177] 请求完成 (176/300)
2025-07-16 09:33:51,523 - app - INFO - [9eb2e317-176] 请求完成 (177/300)
2025-07-16 09:33:51,585 - app - INFO - [9eb2e317-178] 请求完成 (178/300)
2025-07-16 09:33:52,466 - app - INFO - [9eb2e317-180] 请求完成 (179/300)
2025-07-16 09:33:52,676 - app - INFO - [9eb2e317-179] 请求完成 (180/300)
2025-07-16 09:33:52,792 - app - INFO - [9eb2e317-181] 请求完成 (181/300)
2025-07-16 09:33:52,891 - app - INFO - [9eb2e317-182] 请求完成 (182/300)
2025-07-16 09:33:53,485 - app - INFO - [9eb2e317-184] 请求完成 (183/300)
2025-07-16 09:33:53,871 - app - INFO - [9eb2e317-186] 请求完成 (184/300)
2025-07-16 09:33:53,971 - app - INFO - [9eb2e317-185] 请求完成 (185/300)
2025-07-16 09:33:54,095 - app - INFO - [9eb2e317-188] 请求完成 (186/300)
2025-07-16 09:33:54,119 - app - INFO - [9eb2e317-183] 请求完成 (187/300)
2025-07-16 09:33:54,723 - app - INFO - [9eb2e317-187] 请求完成 (188/300)
2025-07-16 09:33:55,262 - app - INFO - [9eb2e317-191] 请求完成 (189/300)
2025-07-16 09:33:55,408 - app - INFO - [9eb2e317-189] 请求完成 (190/300)
2025-07-16 09:33:55,437 - app - INFO - [9eb2e317-190] 请求完成 (191/300)
2025-07-16 09:33:55,676 - app - INFO - [9eb2e317-193] 请求完成 (192/300)
2025-07-16 09:33:56,150 - app - INFO - [9eb2e317-192] 请求完成 (193/300)
2025-07-16 09:33:56,279 - app - INFO - [9eb2e317-194] 请求完成 (194/300)
2025-07-16 09:33:56,701 - app - INFO - [9eb2e317-198] 请求完成 (195/300)
2025-07-16 09:33:57,614 - app - INFO - [9eb2e317-201] 请求完成 (196/300)
2025-07-16 09:33:58,047 - app - INFO - [9eb2e317-197] 请求完成 (197/300)
2025-07-16 09:33:58,071 - app - INFO - [9eb2e317-199] 请求完成 (198/300)
2025-07-16 09:33:58,423 - app - INFO - [9eb2e317-203] 请求完成 (199/300)
2025-07-16 09:33:59,774 - app - INFO - [9eb2e317-204] 请求完成 (200/300)
2025-07-16 09:33:59,810 - app - INFO - [9eb2e317-205] 请求完成 (201/300)
2025-07-16 09:34:00,158 - app - INFO - [9eb2e317-206] 请求完成 (202/300)
2025-07-16 09:34:00,367 - app - INFO - [9eb2e317-207] 请求完成 (203/300)
2025-07-16 09:34:00,477 - app - INFO - [9eb2e317-195] 请求完成 (204/300)
2025-07-16 09:34:01,007 - app - INFO - [9eb2e317-200] 请求完成 (205/300)
2025-07-16 09:34:01,408 - app - INFO - [9eb2e317-209] 请求完成 (206/300)
2025-07-16 09:34:01,974 - app - INFO - [9eb2e317-210] 请求完成 (207/300)
2025-07-16 09:34:01,976 - app - INFO - [9eb2e317-196] 请求完成 (208/300)
2025-07-16 09:34:02,647 - app - INFO - [9eb2e317-212] 请求完成 (209/300)
2025-07-16 09:34:02,893 - app - INFO - [9eb2e317-211] 请求完成 (210/300)
2025-07-16 09:34:03,152 - app - INFO - [9eb2e317-214] 请求完成 (211/300)
2025-07-16 09:34:03,511 - app - INFO - [9eb2e317-215] 请求完成 (212/300)
2025-07-16 09:34:03,520 - app - INFO - [9eb2e317-202] 请求完成 (213/300)
2025-07-16 09:34:03,667 - app - INFO - [9eb2e317-216] 请求完成 (214/300)
2025-07-16 09:34:03,668 - app - INFO - [9eb2e317-213] 请求完成 (215/300)
2025-07-16 09:34:04,699 - app - INFO - [9eb2e317-217] 请求完成 (216/300)
2025-07-16 09:34:04,717 - app - INFO - [9eb2e317-218] 请求完成 (217/300)
2025-07-16 09:34:05,365 - app - INFO - [9eb2e317-219] 请求完成 (218/300)
2025-07-16 09:34:05,576 - app - INFO - [9eb2e317-221] 请求完成 (219/300)
2025-07-16 09:34:05,874 - app - INFO - [9eb2e317-220] 请求完成 (220/300)
2025-07-16 09:34:05,943 - app - INFO - [9eb2e317-208] 请求完成 (221/300)
2025-07-16 09:34:06,225 - app - INFO - [9eb2e317-224] 请求完成 (222/300)
2025-07-16 09:34:06,608 - app - INFO - [9eb2e317-225] 请求完成 (223/300)
2025-07-16 09:34:06,611 - app - INFO - [9eb2e317-222] 请求完成 (224/300)
2025-07-16 09:34:06,611 - app - INFO - [9eb2e317-223] 请求完成 (225/300)
2025-07-16 09:34:07,162 - app - INFO - [9eb2e317-226] 请求完成 (226/300)
2025-07-16 09:34:07,362 - app - INFO - [9eb2e317-227] 请求完成 (227/300)
2025-07-16 09:34:08,300 - app - INFO - [9eb2e317-229] 请求完成 (228/300)
2025-07-16 09:34:08,397 - app - INFO - [9eb2e317-230] 请求完成 (229/300)
2025-07-16 09:34:08,432 - app - INFO - [9eb2e317-231] 请求完成 (230/300)
2025-07-16 09:34:08,810 - app - INFO - [9eb2e317-233] 请求完成 (231/300)
2025-07-16 09:34:08,838 - app - INFO - [9eb2e317-228] 请求完成 (232/300)
2025-07-16 09:34:08,902 - app - INFO - [9eb2e317-234] 请求完成 (233/300)
2025-07-16 09:34:09,282 - app - INFO - [9eb2e317-232] 请求完成 (234/300)
2025-07-16 09:34:09,540 - app - INFO - [9eb2e317-235] 请求完成 (235/300)
2025-07-16 09:34:09,786 - app - INFO - [9eb2e317-237] 请求完成 (236/300)
2025-07-16 09:34:09,790 - app - INFO - [9eb2e317-236] 请求完成 (237/300)
2025-07-16 09:34:10,982 - app - INFO - [9eb2e317-238] 请求完成 (238/300)
2025-07-16 09:34:10,983 - app - INFO - [9eb2e317-242] 请求完成 (239/300)
2025-07-16 09:34:11,218 - app - INFO - [9eb2e317-240] 请求完成 (240/300)
2025-07-16 09:34:11,418 - app - INFO - [9eb2e317-241] 请求完成 (241/300)
2025-07-16 09:34:11,657 - app - INFO - [9eb2e317-245] 请求完成 (242/300)
2025-07-16 09:34:11,867 - app - INFO - [9eb2e317-244] 请求完成 (243/300)
2025-07-16 09:34:11,949 - app - INFO - [9eb2e317-243] 请求完成 (244/300)
2025-07-16 09:34:12,063 - app - INFO - [9eb2e317-239] 请求完成 (245/300)
2025-07-16 09:34:12,693 - app - INFO - [9eb2e317-247] 请求完成 (246/300)
2025-07-16 09:34:13,421 - app - INFO - [9eb2e317-246] 请求完成 (247/300)
2025-07-16 09:34:13,779 - app - INFO - [9eb2e317-248] 请求完成 (248/300)
2025-07-16 09:34:13,891 - app - INFO - [9eb2e317-253] 请求完成 (249/300)
2025-07-16 09:34:13,956 - app - INFO - [9eb2e317-249] 请求完成 (250/300)
2025-07-16 09:34:14,013 - app - INFO - [9eb2e317-252] 请求完成 (251/300)
2025-07-16 09:34:14,515 - app - INFO - [9eb2e317-250] 请求完成 (252/300)
2025-07-16 09:34:14,516 - app - INFO - [9eb2e317-251] 请求完成 (253/300)
2025-07-16 09:34:14,764 - app - INFO - [9eb2e317-255] 请求完成 (254/300)
2025-07-16 09:34:15,195 - app - INFO - [9eb2e317-254] 请求完成 (255/300)
2025-07-16 09:34:15,372 - app - INFO - [9eb2e317-256] 请求完成 (256/300)
2025-07-16 09:34:16,112 - app - INFO - [9eb2e317-257] 请求完成 (257/300)
2025-07-16 09:34:16,195 - app - INFO - [9eb2e317-260] 请求完成 (258/300)
2025-07-16 09:34:16,624 - app - INFO - [9eb2e317-259] 请求完成 (259/300)
2025-07-16 09:34:16,656 - app - INFO - [9eb2e317-258] 请求完成 (260/300)
2025-07-16 09:34:16,717 - app - INFO - [9eb2e317-261] 请求完成 (261/300)
2025-07-16 09:34:16,892 - app - INFO - [9eb2e317-263] 请求完成 (262/300)
2025-07-16 09:34:16,966 - app - INFO - [9eb2e317-262] 请求完成 (263/300)
2025-07-16 09:34:17,091 - app - INFO - [9eb2e317-264] 请求完成 (264/300)
2025-07-16 09:34:17,346 - app - INFO - [9eb2e317-265] 请求完成 (265/300)
2025-07-16 09:34:17,392 - app - INFO - [9eb2e317-266] 请求完成 (266/300)
2025-07-16 09:34:18,606 - app - INFO - [9eb2e317-268] 请求完成 (267/300)
2025-07-16 09:34:18,651 - app - INFO - [9eb2e317-269] 请求完成 (268/300)
2025-07-16 09:34:19,858 - app - INFO - [9eb2e317-267] 请求完成 (269/300)
2025-07-16 09:34:20,237 - app - INFO - [9eb2e317-276] 请求完成 (270/300)
2025-07-16 09:34:20,247 - app - INFO - [9eb2e317-274] 请求完成 (271/300)
2025-07-16 09:34:21,158 - app - INFO - [9eb2e317-278] 请求完成 (272/300)
2025-07-16 09:34:21,415 - app - INFO - [9eb2e317-277] 请求完成 (273/300)
2025-07-16 09:34:22,143 - app - INFO - [9eb2e317-271] 请求完成 (274/300)
2025-07-16 09:34:22,659 - app - INFO - [9eb2e317-280] 请求完成 (275/300)
2025-07-16 09:34:23,752 - app - INFO - [9eb2e317-282] 请求完成 (276/300)
2025-07-16 09:34:24,053 - app - INFO - [9eb2e317-283] 请求完成 (277/300)
2025-07-16 09:34:24,155 - app - INFO - [9eb2e317-284] 请求完成 (278/300)
2025-07-16 09:34:24,614 - app - INFO - [9eb2e317-272] 请求完成 (279/300)
2025-07-16 09:34:24,875 - app - INFO - [9eb2e317-285] 请求完成 (280/300)
2025-07-16 09:34:25,117 - app - INFO - [9eb2e317-273] 请求完成 (281/300)
2025-07-16 09:34:25,118 - app - INFO - [9eb2e317-270] 请求完成 (282/300)
2025-07-16 09:34:25,148 - app - INFO - [9eb2e317-275] 请求完成 (283/300)
2025-07-16 09:34:26,217 - app - INFO - [9eb2e317-286] 请求完成 (284/300)
2025-07-16 09:34:26,384 - app - INFO - [9eb2e317-281] 请求完成 (285/300)
2025-07-16 09:34:26,724 - app - INFO - [9eb2e317-288] 请求完成 (286/300)
2025-07-16 09:34:26,836 - app - INFO - [9eb2e317-289] 请求完成 (287/300)
2025-07-16 09:34:27,045 - app - INFO - [9eb2e317-287] 请求完成 (288/300)
2025-07-16 09:34:27,779 - app - INFO - [9eb2e317-291] 请求完成 (289/300)
2025-07-16 09:34:27,805 - app - INFO - [9eb2e317-292] 请求完成 (290/300)
2025-07-16 09:34:27,865 - app - INFO - [9eb2e317-290] 请求完成 (291/300)
2025-07-16 09:34:28,047 - app - INFO - [9eb2e317-279] 请求完成 (292/300)
2025-07-16 09:34:28,163 - app - INFO - [9eb2e317-293] 请求完成 (293/300)
2025-07-16 09:34:28,300 - app - INFO - [9eb2e317-294] 请求完成 (294/300)
2025-07-16 09:34:28,735 - app - INFO - [9eb2e317-295] 请求完成 (295/300)
2025-07-16 09:34:29,011 - app - INFO - [9eb2e317-297] 请求完成 (296/300)
2025-07-16 09:34:29,199 - app - INFO - [9eb2e317-296] 请求完成 (297/300)
2025-07-16 09:34:29,900 - app - INFO - [9eb2e317-298] 请求完成 (298/300)
2025-07-16 09:34:30,300 - app - INFO - [9eb2e317-300] 请求完成 (299/300)
2025-07-16 09:34:31,053 - app - INFO - [9eb2e317-299] 请求完成 (300/300)
2025-07-16 09:34:31,182 - app - INFO - [9eb2e317] === 批量请求处理完成 ===
2025-07-16 09:34:31,182 - app - INFO - [9eb2e317] 总耗时: 89.31秒
2025-07-16 09:34:31,182 - app - INFO - [9eb2e317] 成功: 300/300
2025-07-16 09:42:44,242 - app - INFO - [cce09f39] === 新的批量聊天请求开始 ===
2025-07-16 09:42:44,248 - app - INFO - [cce09f39] 批量请求参数: 次数=100, 并发=10
2025-07-16 09:42:46,737 - app - INFO - [cce09f39-3] 请求完成 (1/100)
2025-07-16 09:42:46,835 - app - INFO - [cce09f39-5] 请求完成 (2/100)
2025-07-16 09:42:46,983 - app - INFO - [cce09f39-6] 请求完成 (3/100)
2025-07-16 09:42:46,984 - app - INFO - [cce09f39-7] 请求完成 (4/100)
2025-07-16 09:42:47,043 - app - INFO - [cce09f39-9] 请求完成 (5/100)
2025-07-16 09:42:47,138 - app - INFO - [cce09f39-4] 请求完成 (6/100)
2025-07-16 09:42:47,209 - app - INFO - [cce09f39-10] 请求完成 (7/100)
2025-07-16 09:42:47,264 - app - INFO - [cce09f39-8] 请求完成 (8/100)
2025-07-16 09:42:47,403 - app - INFO - [cce09f39-1] 请求完成 (9/100)
2025-07-16 09:42:47,897 - app - INFO - [cce09f39-2] 请求完成 (10/100)
2025-07-16 09:42:48,540 - app - INFO - [cce09f39-12] 请求完成 (11/100)
2025-07-16 09:42:48,740 - app - INFO - [cce09f39-13] 请求完成 (12/100)
2025-07-16 09:42:48,804 - app - INFO - [cce09f39-14] 请求完成 (13/100)
2025-07-16 09:42:48,938 - app - INFO - [cce09f39-18] 请求完成 (14/100)
2025-07-16 09:42:49,072 - app - INFO - [cce09f39-15] 请求完成 (15/100)
2025-07-16 09:42:49,290 - app - INFO - [cce09f39-17] 请求完成 (16/100)
2025-07-16 09:42:49,332 - app - INFO - [cce09f39-16] 请求完成 (17/100)
2025-07-16 09:42:49,711 - app - INFO - [cce09f39-20] 请求完成 (18/100)
2025-07-16 09:42:49,715 - app - INFO - [cce09f39-11] 请求完成 (19/100)
2025-07-16 09:42:50,102 - app - INFO - [cce09f39-19] 请求完成 (20/100)
2025-07-16 09:42:50,482 - app - INFO - [cce09f39-21] 请求完成 (21/100)
2025-07-16 09:42:50,935 - app - INFO - [cce09f39-25] 请求完成 (22/100)
2025-07-16 09:42:50,984 - app - INFO - [cce09f39-24] 请求完成 (23/100)
2025-07-16 09:42:51,024 - app - INFO - [cce09f39-27] 请求完成 (24/100)
2025-07-16 09:42:51,352 - app - INFO - [cce09f39-23] 请求完成 (25/100)
2025-07-16 09:42:51,387 - app - INFO - [cce09f39-26] 请求完成 (26/100)
2025-07-16 09:42:51,458 - app - INFO - [cce09f39-28] 请求完成 (27/100)
2025-07-16 09:42:51,687 - app - INFO - [cce09f39-29] 请求完成 (28/100)
2025-07-16 09:42:52,149 - app - INFO - [cce09f39-30] 请求完成 (29/100)
2025-07-16 09:42:52,158 - app - INFO - [cce09f39-31] 请求完成 (30/100)
2025-07-16 09:42:52,705 - app - INFO - [cce09f39-32] 请求完成 (31/100)
2025-07-16 09:42:52,923 - app - INFO - [cce09f39-33] 请求完成 (32/100)
2025-07-16 09:42:53,032 - app - INFO - [cce09f39-34] 请求完成 (33/100)
2025-07-16 09:42:53,319 - app - INFO - [cce09f39-37] 请求完成 (34/100)
2025-07-16 09:42:53,820 - app - INFO - [cce09f39-38] 请求完成 (35/100)
2025-07-16 09:42:53,823 - app - INFO - [cce09f39-36] 请求完成 (36/100)
2025-07-16 09:42:54,180 - app - INFO - [cce09f39-40] 请求完成 (37/100)
2025-07-16 09:42:54,206 - app - INFO - [cce09f39-35] 请求完成 (38/100)
2025-07-16 09:42:54,333 - app - INFO - [cce09f39-39] 请求完成 (39/100)
2025-07-16 09:42:54,442 - app - INFO - [cce09f39-41] 请求完成 (40/100)
2025-07-16 09:42:54,611 - app - INFO - [cce09f39-42] 请求完成 (41/100)
2025-07-16 09:42:54,886 - app - INFO - [cce09f39-43] 请求完成 (42/100)
2025-07-16 09:42:55,797 - app - INFO - [cce09f39-44] 请求完成 (43/100)
2025-07-16 09:42:55,932 - app - INFO - [cce09f39-45] 请求完成 (44/100)
2025-07-16 09:42:56,033 - app - INFO - [cce09f39-46] 请求完成 (45/100)
2025-07-16 09:42:56,132 - app - INFO - [cce09f39-22] 请求完成 (46/100)
2025-07-16 09:42:56,138 - app - INFO - [cce09f39-48] 请求完成 (47/100)
2025-07-16 09:42:56,178 - app - INFO - [cce09f39-49] 请求完成 (48/100)
2025-07-16 09:42:56,429 - app - INFO - [cce09f39-51] 请求完成 (49/100)
2025-07-16 09:42:56,633 - app - INFO - [cce09f39-52] 请求完成 (50/100)
2025-07-16 09:42:56,776 - app - INFO - [cce09f39-47] 请求完成 (51/100)
2025-07-16 09:42:57,654 - app - INFO - [cce09f39-53] 请求完成 (52/100)
2025-07-16 09:42:57,760 - app - INFO - [cce09f39-54] 请求完成 (53/100)
2025-07-16 09:42:57,867 - app - INFO - [cce09f39-56] 请求完成 (54/100)
2025-07-16 09:42:57,907 - app - INFO - [cce09f39-55] 请求完成 (55/100)
2025-07-16 09:42:58,054 - app - INFO - [cce09f39-50] 请求完成 (56/100)
2025-07-16 09:42:58,169 - app - INFO - [cce09f39-57] 请求完成 (57/100)
2025-07-16 09:42:58,204 - app - INFO - [cce09f39-59] 请求完成 (58/100)
2025-07-16 09:42:58,488 - app - INFO - [cce09f39-60] 请求完成 (59/100)
2025-07-16 09:42:58,565 - app - INFO - [cce09f39-61] 请求完成 (60/100)
2025-07-16 09:42:58,886 - app - INFO - [cce09f39-58] 请求完成 (61/100)
2025-07-16 09:42:59,666 - app - INFO - [cce09f39-62] 请求完成 (62/100)
2025-07-16 09:42:59,727 - app - INFO - [cce09f39-64] 请求完成 (63/100)
2025-07-16 09:42:59,856 - app - INFO - [cce09f39-67] 请求完成 (64/100)
2025-07-16 09:43:00,116 - app - INFO - [cce09f39-65] 请求完成 (65/100)
2025-07-16 09:43:00,250 - app - INFO - [cce09f39-63] 请求完成 (66/100)
2025-07-16 09:43:00,375 - app - INFO - [cce09f39-69] 请求完成 (67/100)
2025-07-16 09:43:00,427 - app - INFO - [cce09f39-66] 请求完成 (68/100)
2025-07-16 09:43:00,797 - app - INFO - [cce09f39-68] 请求完成 (69/100)
2025-07-16 09:43:00,798 - app - INFO - [cce09f39-71] 请求完成 (70/100)
2025-07-16 09:43:01,382 - app - INFO - [cce09f39-72] 请求完成 (71/100)
2025-07-16 09:43:02,016 - app - INFO - [cce09f39-74] 请求完成 (72/100)
2025-07-16 09:43:02,559 - app - INFO - [cce09f39-75] 请求完成 (73/100)
2025-07-16 09:43:02,606 - app - INFO - [cce09f39-80] 请求完成 (74/100)
2025-07-16 09:43:02,862 - app - INFO - [cce09f39-78] 请求完成 (75/100)
2025-07-16 09:43:03,171 - app - INFO - [cce09f39-81] 请求完成 (76/100)
2025-07-16 09:43:03,226 - app - INFO - [cce09f39-73] 请求完成 (77/100)
2025-07-16 09:43:03,252 - app - INFO - [cce09f39-76] 请求完成 (78/100)
2025-07-16 09:43:03,315 - app - INFO - [cce09f39-77] 请求完成 (79/100)
2025-07-16 09:43:03,568 - app - INFO - [cce09f39-70] 请求完成 (80/100)
2025-07-16 09:43:03,926 - app - INFO - [cce09f39-79] 请求完成 (81/100)
2025-07-16 09:43:03,933 - app - INFO - [cce09f39-82] 请求完成 (82/100)
2025-07-16 09:43:04,305 - app - INFO - [cce09f39-83] 请求完成 (83/100)
2025-07-16 09:43:04,944 - app - INFO - [cce09f39-85] 请求完成 (84/100)
2025-07-16 09:43:04,973 - app - INFO - [cce09f39-88] 请求完成 (85/100)
2025-07-16 09:43:05,022 - app - INFO - [cce09f39-87] 请求完成 (86/100)
2025-07-16 09:43:05,028 - app - INFO - [cce09f39-86] 请求完成 (87/100)
2025-07-16 09:43:05,252 - app - INFO - [cce09f39-89] 请求完成 (88/100)
2025-07-16 09:43:05,310 - app - INFO - [cce09f39-90] 请求完成 (89/100)
2025-07-16 09:43:05,597 - app - INFO - [cce09f39-91] 请求完成 (90/100)
2025-07-16 09:43:05,998 - app - INFO - [cce09f39-84] 请求完成 (91/100)
2025-07-16 09:43:06,166 - app - INFO - [cce09f39-92] 请求完成 (92/100)
2025-07-16 09:43:06,773 - app - INFO - [cce09f39-94] 请求完成 (93/100)
2025-07-16 09:43:06,865 - app - INFO - [cce09f39-97] 请求完成 (94/100)
2025-07-16 09:43:06,909 - app - INFO - [cce09f39-96] 请求完成 (95/100)
2025-07-16 09:43:06,999 - app - INFO - [cce09f39-98] 请求完成 (96/100)
2025-07-16 09:43:07,299 - app - INFO - [cce09f39-100] 请求完成 (97/100)
2025-07-16 09:43:07,437 - app - INFO - [cce09f39-93] 请求完成 (98/100)
2025-07-16 09:43:07,715 - app - INFO - [cce09f39-99] 请求完成 (99/100)
2025-07-16 09:43:12,560 - app - INFO - [cce09f39-95] 请求完成 (100/100)
2025-07-16 09:43:12,946 - app - INFO - [cce09f39] === 批量请求处理完成 ===
2025-07-16 09:43:12,946 - app - INFO - [cce09f39] 总耗时: 28.32秒
2025-07-16 09:43:12,946 - app - INFO - [cce09f39] 成功: 100/100
2025-07-16 09:44:50,575 - app - INFO - [aed9d62a] === 新的批量聊天请求开始 ===
2025-07-16 09:44:50,577 - app - INFO - [aed9d62a] 批量请求参数: 次数=50, 并发=10
2025-07-16 09:44:53,189 - app - INFO - [aed9d62a-9] 请求完成 (1/50)
2025-07-16 09:44:53,300 - app - INFO - [aed9d62a-10] 请求完成 (2/50)
2025-07-16 09:44:53,567 - app - INFO - [aed9d62a-5] 请求完成 (3/50)
2025-07-16 09:44:53,672 - app - INFO - [aed9d62a-8] 请求完成 (4/50)
2025-07-16 09:44:53,798 - app - INFO - [aed9d62a-7] 请求完成 (5/50)
2025-07-16 09:44:53,889 - app - INFO - [aed9d62a-1] 请求完成 (6/50)
2025-07-16 09:44:54,202 - app - INFO - [aed9d62a-2] 请求完成 (7/50)
2025-07-16 09:44:54,203 - app - INFO - [aed9d62a-4] 请求完成 (8/50)
2025-07-16 09:44:54,856 - app - INFO - [aed9d62a-3] 请求完成 (9/50)
2025-07-16 09:44:55,098 - app - INFO - [aed9d62a-6] 请求完成 (10/50)
2025-07-16 09:44:55,850 - app - INFO - [aed9d62a-13] 请求完成 (11/50)
2025-07-16 09:44:55,872 - app - INFO - [aed9d62a-12] 请求完成 (12/50)
2025-07-16 09:44:56,454 - app - INFO - [aed9d62a-11] 请求完成 (13/50)
2025-07-16 09:44:56,455 - app - INFO - [aed9d62a-14] 请求完成 (14/50)
2025-07-16 09:44:56,457 - app - INFO - [aed9d62a-17] 请求完成 (15/50)
2025-07-16 09:44:56,974 - app - INFO - [aed9d62a-16] 请求完成 (16/50)
2025-07-16 09:44:57,420 - app - INFO - [aed9d62a-18] 请求完成 (17/50)
2025-07-16 09:44:57,421 - app - INFO - [aed9d62a-19] 请求完成 (18/50)
2025-07-16 09:44:57,531 - app - INFO - [aed9d62a-20] 请求完成 (19/50)
2025-07-16 09:44:58,725 - app - INFO - [aed9d62a-22] 请求完成 (20/50)
2025-07-16 09:44:59,053 - app - INFO - [aed9d62a-25] 请求完成 (21/50)
2025-07-16 09:44:59,206 - app - INFO - [aed9d62a-21] 请求完成 (22/50)
2025-07-16 09:44:59,761 - app - INFO - [aed9d62a-24] 请求完成 (23/50)
2025-07-16 09:44:59,795 - app - INFO - [aed9d62a-27] 请求完成 (24/50)
2025-07-16 09:44:59,974 - app - INFO - [aed9d62a-23] 请求完成 (25/50)
2025-07-16 09:44:59,975 - app - INFO - [aed9d62a-28] 请求完成 (26/50)
2025-07-16 09:45:00,101 - app - INFO - [aed9d62a-26] 请求完成 (27/50)
2025-07-16 09:45:00,192 - app - INFO - [aed9d62a-29] 请求完成 (28/50)
2025-07-16 09:45:01,598 - app - INFO - [aed9d62a-31] 请求完成 (29/50)
2025-07-16 09:45:01,933 - app - INFO - [aed9d62a-30] 请求完成 (30/50)
2025-07-16 09:45:01,936 - app - INFO - [aed9d62a-32] 请求完成 (31/50)
2025-07-16 09:45:02,630 - app - INFO - [aed9d62a-34] 请求完成 (32/50)
2025-07-16 09:45:02,898 - app - INFO - [aed9d62a-33] 请求完成 (33/50)
2025-07-16 09:45:02,901 - app - INFO - [aed9d62a-35] 请求完成 (34/50)
2025-07-16 09:45:03,074 - app - INFO - [aed9d62a-38] 请求完成 (35/50)
2025-07-16 09:45:03,101 - app - INFO - [aed9d62a-37] 请求完成 (36/50)
2025-07-16 09:45:03,128 - app - INFO - [aed9d62a-36] 请求完成 (37/50)
2025-07-16 09:45:04,776 - app - INFO - [aed9d62a-39] 请求完成 (38/50)
2025-07-16 09:45:04,889 - app - INFO - [aed9d62a-40] 请求完成 (39/50)
2025-07-16 09:45:05,500 - app - INFO - [aed9d62a-44] 请求完成 (40/50)
2025-07-16 09:45:05,539 - app - INFO - [aed9d62a-43] 请求完成 (41/50)
2025-07-16 09:45:05,616 - app - INFO - [aed9d62a-46] 请求完成 (42/50)
2025-07-16 09:45:05,755 - app - INFO - [aed9d62a-42] 请求完成 (43/50)
2025-07-16 09:45:05,755 - app - INFO - [aed9d62a-47] 请求完成 (44/50)
2025-07-16 09:45:05,755 - app - INFO - [aed9d62a-45] 请求完成 (45/50)
2025-07-16 09:45:06,748 - app - INFO - [aed9d62a-41] 请求完成 (46/50)
2025-07-16 09:45:07,076 - app - INFO - [aed9d62a-49] 请求完成 (47/50)
2025-07-16 09:45:07,200 - app - INFO - [aed9d62a-48] 请求完成 (48/50)
2025-07-16 09:45:08,297 - app - INFO - [aed9d62a-50] 请求完成 (49/50)
2025-07-16 09:45:37,212 - app - INFO - [aed9d62a-15] 请求完成 (50/50)
2025-07-16 09:45:37,260 - app - INFO - [aed9d62a] === 批量请求处理完成 ===
2025-07-16 09:45:37,260 - app - INFO - [aed9d62a] 总耗时: 46.65秒
2025-07-16 09:45:37,260 - app - INFO - [aed9d62a] 成功: 50/50
2025-07-16 09:48:55,397 - app - INFO - [7047863e] === 新的聊天请求开始 ===
2025-07-16 09:48:55,401 - app - INFO - [7047863e] 请求数据字段: ['api_key', 'base_url', 'model_endpoint', 'model_id', 'system_content', 'user_content', 'logit_bias']
2025-07-16 09:48:55,403 - app - INFO - [7047863e] 收到logit_bias参数: {'135': -100, '136': -100, '854': -100, '861': -100}
2025-07-16 09:48:55,403 - app - INFO - [7047863e] 使用用户提供的base_url: https://ark.ap-southeast.bytepluses.com/api/v3
2025-07-16 09:48:55,403 - app - INFO - [7047863e] 使用模型参数: skylark-pro-sc-250615
2025-07-16 09:48:55,403 - app - INFO - [7047863e] API密钥: 6f7f1187-f042-41fb-8d0b-6f75f5ae39fd (长度: 36)
2025-07-16 09:48:55,404 - app - INFO - [7047863e] 用户输入长度: 10 字符
2025-07-16 09:48:55,404 - app - INFO - [7047863e] 系统消息长度: 1492 字符
2025-07-16 09:48:55,456 - app - INFO - [7047863e] ModelArk服务初始化成功
2025-07-16 09:48:55,457 - app - INFO - [7047863e] 开始调用API...
2025-07-16 09:48:57,314 - app - INFO - [7047863e] === 请求处理成功 ===
2025-07-16 09:48:57,314 - app - INFO - [7047863e] 总耗时: 1.92秒
2025-07-16 09:48:57,314 - app - INFO - [7047863e] API耗时: 1.86秒
2025-07-16 09:49:00,809 - app - INFO - [78d7c316] === 新的批量聊天请求开始 ===
2025-07-16 09:49:00,810 - app - INFO - [78d7c316] 批量请求参数: 次数=50, 并发=10
2025-07-16 09:49:02,776 - app - INFO - [78d7c316-9] 请求完成 (1/50)
2025-07-16 09:49:02,945 - app - INFO - [78d7c316-6] 请求完成 (2/50)
2025-07-16 09:49:03,216 - app - INFO - [78d7c316-8] 请求完成 (3/50)
2025-07-16 09:49:03,607 - app - INFO - [78d7c316-2] 请求完成 (4/50)
2025-07-16 09:49:03,624 - app - INFO - [78d7c316-4] 请求完成 (5/50)
2025-07-16 09:49:03,764 - app - INFO - [78d7c316-3] 请求完成 (6/50)
2025-07-16 09:49:03,802 - app - INFO - [78d7c316-7] 请求完成 (7/50)
2025-07-16 09:49:03,890 - app - INFO - [78d7c316-5] 请求完成 (8/50)
2025-07-16 09:49:03,959 - app - INFO - [78d7c316-1] 请求完成 (9/50)
2025-07-16 09:49:04,271 - app - INFO - [78d7c316-10] 请求完成 (10/50)
2025-07-16 09:49:04,642 - app - INFO - [78d7c316-12] 请求完成 (11/50)
2025-07-16 09:49:04,797 - app - INFO - [78d7c316-11] 请求完成 (12/50)
2025-07-16 09:49:05,426 - app - INFO - [78d7c316-14] 请求完成 (13/50)
2025-07-16 09:49:05,723 - app - INFO - [78d7c316-15] 请求完成 (14/50)
2025-07-16 09:49:05,813 - app - INFO - [78d7c316-16] 请求完成 (15/50)
2025-07-16 09:49:05,944 - app - INFO - [78d7c316-13] 请求完成 (16/50)
2025-07-16 09:49:06,218 - app - INFO - [78d7c316-20] 请求完成 (17/50)
2025-07-16 09:49:06,453 - app - INFO - [78d7c316-18] 请求完成 (18/50)
2025-07-16 09:49:06,714 - app - INFO - [78d7c316-19] 请求完成 (19/50)
2025-07-16 09:49:07,311 - app - INFO - [78d7c316-22] 请求完成 (20/50)
2025-07-16 09:49:07,314 - app - INFO - [78d7c316-23] 请求完成 (21/50)
2025-07-16 09:49:07,431 - app - INFO - [78d7c316-24] 请求完成 (22/50)
2025-07-16 09:49:07,615 - app - INFO - [78d7c316-21] 请求完成 (23/50)
2025-07-16 09:49:08,292 - app - INFO - [78d7c316-17] 请求完成 (24/50)
2025-07-16 09:49:08,561 - app - INFO - [78d7c316-29] 请求完成 (25/50)
2025-07-16 09:49:08,834 - app - INFO - [78d7c316-27] 请求完成 (26/50)
2025-07-16 09:49:08,998 - app - INFO - [78d7c316-26] 请求完成 (27/50)
2025-07-16 09:49:09,251 - app - INFO - [78d7c316-28] 请求完成 (28/50)
2025-07-16 09:49:09,668 - app - INFO - [78d7c316-25] 请求完成 (29/50)
2025-07-16 09:49:09,677 - app - INFO - [78d7c316-31] 请求完成 (30/50)
2025-07-16 09:49:10,049 - app - INFO - [78d7c316-32] 请求完成 (31/50)
2025-07-16 09:49:10,369 - app - INFO - [78d7c316-33] 请求完成 (32/50)
2025-07-16 09:49:10,519 - app - INFO - [78d7c316-36] 请求完成 (33/50)
2025-07-16 09:49:10,943 - app - INFO - [78d7c316-35] 请求完成 (34/50)
2025-07-16 09:49:11,201 - app - INFO - [78d7c316-34] 请求完成 (35/50)
2025-07-16 09:49:11,533 - app - INFO - [78d7c316-38] 请求完成 (36/50)
2025-07-16 09:49:11,643 - app - INFO - [78d7c316-30] 请求完成 (37/50)
2025-07-16 09:49:11,715 - app - INFO - [78d7c316-37] 请求完成 (38/50)
2025-07-16 09:49:11,827 - app - INFO - [78d7c316-40] 请求完成 (39/50)
2025-07-16 09:49:12,457 - app - INFO - [78d7c316-41] 请求完成 (40/50)
2025-07-16 09:49:12,947 - app - INFO - [78d7c316-39] 请求完成 (41/50)
2025-07-16 09:49:13,005 - app - INFO - [78d7c316-42] 请求完成 (42/50)
2025-07-16 09:49:13,732 - app - INFO - [78d7c316-44] 请求完成 (43/50)
2025-07-16 09:49:13,732 - app - INFO - [78d7c316-43] 请求完成 (44/50)
2025-07-16 09:49:14,080 - app - INFO - [78d7c316-47] 请求完成 (45/50)
2025-07-16 09:49:14,215 - app - INFO - [78d7c316-45] 请求完成 (46/50)
2025-07-16 09:49:14,625 - app - INFO - [78d7c316-49] 请求完成 (47/50)
2025-07-16 09:49:15,044 - app - INFO - [78d7c316-46] 请求完成 (48/50)
2025-07-16 09:49:15,520 - app - INFO - [78d7c316-50] 请求完成 (49/50)
2025-07-16 09:49:19,145 - app - INFO - [78d7c316-48] 请求完成 (50/50)
2025-07-16 09:49:19,185 - app - INFO - [78d7c316] === 批量请求处理完成 ===
2025-07-16 09:49:19,186 - app - INFO - [78d7c316] 总耗时: 18.34秒
2025-07-16 09:49:19,186 - app - INFO - [78d7c316] 成功: 50/50
2025-07-16 09:58:29,193 - app - INFO - [ef9f9380] === 新的聊天请求开始 ===
2025-07-16 09:58:29,196 - app - INFO - [ef9f9380] 请求数据字段: ['api_key', 'base_url', 'model_endpoint', 'model_id', 'system_content', 'user_content', 'logit_bias']
2025-07-16 09:58:29,198 - app - INFO - [ef9f9380] 收到logit_bias参数: {'135': -100, '136': -100, '854': -100, '861': -100}
2025-07-16 09:58:29,198 - app - INFO - [ef9f9380] 使用用户提供的base_url: https://ark.ap-southeast.bytepluses.com/api/v3
2025-07-16 09:58:29,198 - app - INFO - [ef9f9380] 使用模型参数: skylark-pro-sc-250615
2025-07-16 09:58:29,198 - app - INFO - [ef9f9380] API密钥: 6f7f1187-f042-41fb-8d0b-6f75f5ae39fd (长度: 36)
2025-07-16 09:58:29,198 - app - INFO - [ef9f9380] 用户输入长度: 10 字符
2025-07-16 09:58:29,198 - app - INFO - [ef9f9380] 系统消息长度: 1492 字符
2025-07-16 09:58:29,274 - app - INFO - [ef9f9380] ModelArk服务初始化成功
2025-07-16 09:58:29,274 - app - INFO - [ef9f9380] 开始调用API...
2025-07-16 09:58:31,829 - app - INFO - [ef9f9380] === 请求处理成功 ===
2025-07-16 09:58:31,829 - app - INFO - [ef9f9380] 总耗时: 2.64秒
2025-07-16 09:58:31,829 - app - INFO - [ef9f9380] API耗时: 2.55秒
2025-07-16 13:49:54,755 - app - INFO - [40524ccf] === 新的聊天请求开始 ===
2025-07-16 13:49:54,760 - app - INFO - [40524ccf] 请求数据字段: ['api_key', 'base_url', 'model_endpoint', 'model_id', 'system_content', 'user_content', 'logit_bias']
2025-07-16 13:49:54,762 - app - INFO - [40524ccf] 收到logit_bias参数: {'135': -100, '136': -100, '854': -100, '861': -100}
2025-07-16 13:49:54,762 - app - INFO - [40524ccf] 使用用户提供的base_url: https://ark.ap-southeast.bytepluses.com/api/v3
2025-07-16 13:49:54,762 - app - INFO - [40524ccf] 使用模型参数: skylark-pro-sc-250615
2025-07-16 13:49:54,762 - app - INFO - [40524ccf] API密钥: 6f7f1187-f042-41fb-8d0b-6f75f5ae39fd (长度: 36)
2025-07-16 13:49:54,763 - app - INFO - [40524ccf] 用户输入长度: 1 字符
2025-07-16 13:49:54,763 - app - INFO - [40524ccf] 系统消息长度: 1210 字符
2025-07-16 13:49:54,850 - app - INFO - [40524ccf] ModelArk服务初始化成功
2025-07-16 13:49:54,851 - app - INFO - [40524ccf] 开始调用API...
2025-07-16 13:49:59,244 - app - INFO - [40524ccf] === 请求处理成功 ===
2025-07-16 13:49:59,245 - app - INFO - [40524ccf] 总耗时: 4.49秒
2025-07-16 13:49:59,245 - app - INFO - [40524ccf] API耗时: 4.38秒
2025-07-16 19:09:39,297 - app - INFO - [9f938315] === 新的批量聊天请求开始 ===
2025-07-16 19:09:39,302 - app - INFO - [9f938315] 批量请求参数: 次数=20, 并发=10
2025-07-16 19:09:43,816 - app - INFO - [9f938315-3] 请求完成 (1/20)
2025-07-16 19:09:44,171 - app - INFO - [9f938315-5] 请求完成 (2/20)
2025-07-16 19:09:44,217 - app - INFO - [9f938315-10] 请求完成 (3/20)
2025-07-16 19:09:44,279 - app - INFO - [9f938315-8] 请求完成 (4/20)
2025-07-16 19:09:44,412 - app - INFO - [9f938315-2] 请求完成 (5/20)
2025-07-16 19:09:44,524 - app - INFO - [9f938315-4] 请求完成 (6/20)
2025-07-16 19:09:44,573 - app - INFO - [9f938315-9] 请求完成 (7/20)
2025-07-16 19:09:44,875 - app - INFO - [9f938315-7] 请求完成 (8/20)
2025-07-16 19:09:44,995 - app - INFO - [9f938315-6] 请求完成 (9/20)
2025-07-16 19:09:45,144 - app - INFO - [9f938315-1] 请求完成 (10/20)
2025-07-16 19:09:47,655 - app - INFO - [9f938315-11] 请求完成 (11/20)
2025-07-16 19:09:47,952 - app - INFO - [9f938315-20] 请求完成 (12/20)
2025-07-16 19:09:48,389 - app - INFO - [9f938315-12] 请求完成 (13/20)
2025-07-16 19:10:07,240 - app - INFO - [9f938315-17] 请求完成 (14/20)
2025-07-16 19:10:07,247 - app - INFO - [9f938315-14] 请求完成 (15/20)
2025-07-16 19:10:07,255 - app - INFO - [9f938315-16] 请求完成 (16/20)
2025-07-16 19:10:07,256 - app - INFO - [9f938315-13] 请求完成 (17/20)
2025-07-16 19:10:07,258 - app - INFO - [9f938315-19] 请求完成 (18/20)
2025-07-16 19:10:07,259 - app - INFO - [9f938315-18] 请求完成 (19/20)
2025-07-16 19:10:07,259 - app - INFO - [9f938315-15] 请求完成 (20/20)
2025-07-16 19:10:07,685 - app - INFO - [9f938315] === 批量请求处理完成 ===
2025-07-16 19:10:07,690 - app - INFO - [9f938315] 总耗时: 27.97秒
2025-07-16 19:10:07,694 - app - INFO - [9f938315] 成功: 20/20
2025-07-16 19:11:45,479 - app - INFO - [d6551cf4] === 新的批量聊天请求开始 ===
2025-07-16 19:11:45,482 - app - INFO - [d6551cf4] 批量请求参数: 次数=20, 并发=10
2025-07-16 19:11:48,904 - app - INFO - [d6551cf4-4] 请求完成 (1/20)
2025-07-16 19:11:48,948 - app - INFO - [d6551cf4-8] 请求完成 (2/20)
2025-07-16 19:11:49,205 - app - INFO - [d6551cf4-2] 请求完成 (3/20)
2025-07-16 19:11:49,218 - app - INFO - [d6551cf4-9] 请求完成 (4/20)
2025-07-16 19:11:49,227 - app - INFO - [d6551cf4-5] 请求完成 (5/20)
2025-07-16 19:11:49,266 - app - INFO - [d6551cf4-3] 请求完成 (6/20)
2025-07-16 19:11:49,292 - app - INFO - [d6551cf4-1] 请求完成 (7/20)
2025-07-16 19:11:49,381 - app - INFO - [d6551cf4-10] 请求完成 (8/20)
2025-07-16 19:11:49,649 - app - INFO - [d6551cf4-7] 请求完成 (9/20)
2025-07-16 19:11:49,691 - app - INFO - [d6551cf4-6] 请求完成 (10/20)
2025-07-16 19:11:52,375 - app - INFO - [d6551cf4-11] 请求完成 (11/20)
2025-07-16 19:11:52,534 - app - INFO - [d6551cf4-17] 请求完成 (12/20)
2025-07-16 19:11:52,596 - app - INFO - [d6551cf4-16] 请求完成 (13/20)
2025-07-16 19:11:52,601 - app - INFO - [d6551cf4-12] 请求完成 (14/20)
2025-07-16 19:11:52,693 - app - INFO - [d6551cf4-18] 请求完成 (15/20)
2025-07-16 19:11:52,843 - app - INFO - [d6551cf4-14] 请求完成 (16/20)
2025-07-16 19:11:53,148 - app - INFO - [d6551cf4-13] 请求完成 (17/20)
2025-07-16 19:11:53,348 - app - INFO - [d6551cf4-20] 请求完成 (18/20)
2025-07-16 19:11:53,563 - app - INFO - [d6551cf4-19] 请求完成 (19/20)
2025-07-16 19:11:53,639 - app - INFO - [d6551cf4-15] 请求完成 (20/20)
2025-07-16 19:11:53,704 - app - INFO - [d6551cf4] === 批量请求处理完成 ===
2025-07-16 19:11:53,704 - app - INFO - [d6551cf4] 总耗时: 8.16秒
2025-07-16 19:11:53,704 - app - INFO - [d6551cf4] 成功: 20/20
2025-07-25 11:16:59,815 - app - INFO - 启动应用，配置: type
2025-07-25 11:16:59,816 - app - INFO - 日志文件: logs/app.log
2025-07-25 11:16:59,816 - app - INFO - API基础URL: https://ark.cn-beijing.volces.com/api/v3
2025-07-25 11:17:00,544 - app - INFO - 启动应用，配置: type
2025-07-25 11:17:00,545 - app - INFO - 日志文件: logs/app.log
2025-07-25 11:17:00,545 - app - INFO - API基础URL: https://ark.cn-beijing.volces.com/api/v3
2025-07-25 11:22:50,521 - app - INFO - [712bd6da] === 新的聊天请求开始 ===
2025-07-25 11:22:50,524 - app - INFO - [712bd6da] 请求数据字段: ['api_key', 'base_url', 'model_endpoint', 'model_id', 'system_content', 'user_content', 'logit_bias']
2025-07-25 11:22:50,530 - app - INFO - [712bd6da] 收到logit_bias参数: {'135': -100, '136': -100, '854': -100, '861': -100}
2025-07-25 11:22:50,530 - app - INFO - [712bd6da] 使用用户提供的base_url: https://ark.ap-southeast.bytepluses.com/api/v3
2025-07-25 11:22:50,530 - app - INFO - [712bd6da] 使用模型参数: skylark-pro-sc-250615
2025-07-25 11:22:50,530 - app - INFO - [712bd6da] API密钥: 6f7f1187-f042-41fb-8d0b-6f75f5ae39fd (长度: 36)
2025-07-25 11:22:50,530 - app - INFO - [712bd6da] 用户输入长度: 4 字符
2025-07-25 11:22:50,530 - app - INFO - [712bd6da] 系统消息长度: 1974 字符
2025-07-25 11:22:50,631 - app - INFO - [712bd6da] ModelArk服务初始化成功
2025-07-25 11:22:50,631 - app - INFO - [712bd6da] 开始调用API...
2025-07-25 11:22:53,354 - app - INFO - [712bd6da] === 请求处理成功 ===
2025-07-25 11:22:53,354 - app - INFO - [712bd6da] 总耗时: 2.83秒
2025-07-25 11:22:53,354 - app - INFO - [712bd6da] API耗时: 2.72秒
2025-07-25 11:23:06,080 - app - INFO - [2ee7b9fd] === 新的聊天请求开始 ===
2025-07-25 11:23:06,082 - app - INFO - [2ee7b9fd] 请求数据字段: ['api_key', 'base_url', 'model_endpoint', 'model_id', 'system_content', 'user_content', 'logit_bias']
2025-07-25 11:23:06,083 - app - INFO - [2ee7b9fd] 收到logit_bias参数: {'135': -100, '136': -100, '854': -100, '861': -100}
2025-07-25 11:23:06,083 - app - INFO - [2ee7b9fd] 使用用户提供的base_url: https://ark.ap-southeast.bytepluses.com/api/v3
2025-07-25 11:23:06,083 - app - INFO - [2ee7b9fd] 使用模型参数: skylark-pro-sc-250615
2025-07-25 11:23:06,083 - app - INFO - [2ee7b9fd] API密钥: 6f7f1187-f042-41fb-8d0b-6f75f5ae39fd (长度: 36)
2025-07-25 11:23:06,083 - app - INFO - [2ee7b9fd] 用户输入长度: 5 字符
2025-07-25 11:23:06,083 - app - INFO - [2ee7b9fd] 系统消息长度: 1974 字符
2025-07-25 11:23:06,095 - app - INFO - [2ee7b9fd] ModelArk服务初始化成功
2025-07-25 11:23:06,095 - app - INFO - [2ee7b9fd] 开始调用API...
2025-07-25 11:23:08,147 - app - INFO - [2ee7b9fd] === 请求处理成功 ===
2025-07-25 11:23:08,147 - app - INFO - [2ee7b9fd] 总耗时: 2.07秒
2025-07-25 11:23:08,147 - app - INFO - [2ee7b9fd] API耗时: 2.05秒
2025-07-25 11:25:08,215 - app - INFO - [781975a6] === 新的聊天请求开始 ===
2025-07-25 11:25:08,217 - app - INFO - [781975a6] 请求数据字段: ['api_key', 'base_url', 'model_endpoint', 'model_id', 'system_content', 'user_content', 'logit_bias']
2025-07-25 11:25:08,218 - app - INFO - [781975a6] 收到logit_bias参数: {'135': -100, '136': -100, '854': -100, '861': -100}
2025-07-25 11:25:08,218 - app - INFO - [781975a6] 使用用户提供的base_url: https://ark.ap-southeast.bytepluses.com/api/v3
2025-07-25 11:25:08,218 - app - INFO - [781975a6] 使用模型参数: skylark-pro-sc-250615
2025-07-25 11:25:08,218 - app - INFO - [781975a6] API密钥: 6f7f1187-f042-41fb-8d0b-6f75f5ae39fd (长度: 36)
2025-07-25 11:25:08,218 - app - INFO - [781975a6] 用户输入长度: 11 字符
2025-07-25 11:25:08,218 - app - INFO - [781975a6] 系统消息长度: 1974 字符
2025-07-25 11:25:08,250 - app - INFO - [781975a6] ModelArk服务初始化成功
2025-07-25 11:25:08,250 - app - INFO - [781975a6] 开始调用API...
2025-07-25 11:25:09,909 - app - INFO - [781975a6] === 请求处理成功 ===
2025-07-25 11:25:09,909 - app - INFO - [781975a6] 总耗时: 1.69秒
2025-07-25 11:25:09,909 - app - INFO - [781975a6] API耗时: 1.66秒
2025-07-25 11:25:13,319 - app - INFO - [82a1c0d1] === 新的聊天请求开始 ===
2025-07-25 11:25:13,321 - app - INFO - [82a1c0d1] 请求数据字段: ['api_key', 'base_url', 'model_endpoint', 'model_id', 'system_content', 'user_content', 'logit_bias']
2025-07-25 11:25:13,322 - app - INFO - [82a1c0d1] 收到logit_bias参数: {'135': -100, '136': -100, '854': -100, '861': -100}
2025-07-25 11:25:13,322 - app - INFO - [82a1c0d1] 使用用户提供的base_url: https://ark.ap-southeast.bytepluses.com/api/v3
2025-07-25 11:25:13,322 - app - INFO - [82a1c0d1] 使用模型参数: skylark-pro-sc-250615
2025-07-25 11:25:13,322 - app - INFO - [82a1c0d1] API密钥: 6f7f1187-f042-41fb-8d0b-6f75f5ae39fd (长度: 36)
2025-07-25 11:25:13,322 - app - INFO - [82a1c0d1] 用户输入长度: 11 字符
2025-07-25 11:25:13,322 - app - INFO - [82a1c0d1] 系统消息长度: 1974 字符
2025-07-25 11:25:13,348 - app - INFO - [82a1c0d1] ModelArk服务初始化成功
2025-07-25 11:25:13,348 - app - INFO - [82a1c0d1] 开始调用API...
2025-07-25 11:25:15,305 - app - INFO - [82a1c0d1] === 请求处理成功 ===
2025-07-25 11:25:15,305 - app - INFO - [82a1c0d1] 总耗时: 1.99秒
2025-07-25 11:25:15,305 - app - INFO - [82a1c0d1] API耗时: 1.96秒
2025-07-25 11:25:26,546 - app - INFO - [3ee4ef1b] === 新的聊天请求开始 ===
2025-07-25 11:25:26,548 - app - INFO - [3ee4ef1b] 请求数据字段: ['api_key', 'base_url', 'model_endpoint', 'model_id', 'system_content', 'user_content', 'logit_bias']
2025-07-25 11:25:26,549 - app - INFO - [3ee4ef1b] 收到logit_bias参数: {'135': -100, '136': -100, '854': -100, '861': -100}
2025-07-25 11:25:26,549 - app - INFO - [3ee4ef1b] 使用用户提供的base_url: https://ark.ap-southeast.bytepluses.com/api/v3
2025-07-25 11:25:26,549 - app - INFO - [3ee4ef1b] 使用模型参数: skylark-pro-sc-250615
2025-07-25 11:25:26,549 - app - INFO - [3ee4ef1b] API密钥: 6f7f1187-f042-41fb-8d0b-6f75f5ae39fd (长度: 36)
2025-07-25 11:25:26,549 - app - INFO - [3ee4ef1b] 用户输入长度: 11 字符
2025-07-25 11:25:26,549 - app - INFO - [3ee4ef1b] 系统消息长度: 1974 字符
2025-07-25 11:25:26,572 - app - INFO - [3ee4ef1b] ModelArk服务初始化成功
2025-07-25 11:25:26,572 - app - INFO - [3ee4ef1b] 开始调用API...
2025-07-25 11:25:27,843 - app - ERROR - [3ee4ef1b] === 请求处理失败 ===
2025-07-25 11:25:27,843 - app - ERROR - [3ee4ef1b] 总耗时: 1.30秒
2025-07-25 11:25:27,843 - app - ERROR - [3ee4ef1b] 错误: Connection error.
2025-07-25 11:25:35,609 - app - INFO - [9363caa8] === 新的聊天请求开始 ===
2025-07-25 11:25:35,610 - app - INFO - [9363caa8] 请求数据字段: ['api_key', 'base_url', 'model_endpoint', 'model_id', 'system_content', 'user_content', 'logit_bias']
2025-07-25 11:25:35,611 - app - INFO - [9363caa8] 收到logit_bias参数: {'135': -100, '136': -100, '854': -100, '861': -100}
2025-07-25 11:25:35,611 - app - INFO - [9363caa8] 使用用户提供的base_url: https://ark.ap-southeast.bytepluses.com/api/v3
2025-07-25 11:25:35,611 - app - INFO - [9363caa8] 使用模型参数: skylark-pro-sc-250615
2025-07-25 11:25:35,611 - app - INFO - [9363caa8] API密钥: 6f7f1187-f042-41fb-8d0b-6f75f5ae39fd (长度: 36)
2025-07-25 11:25:35,611 - app - INFO - [9363caa8] 用户输入长度: 11 字符
2025-07-25 11:25:35,611 - app - INFO - [9363caa8] 系统消息长度: 1974 字符
2025-07-25 11:25:35,626 - app - INFO - [9363caa8] ModelArk服务初始化成功
2025-07-25 11:25:35,627 - app - INFO - [9363caa8] 开始调用API...
2025-07-25 11:25:37,661 - app - INFO - [9363caa8] === 请求处理成功 ===
2025-07-25 11:25:37,661 - app - INFO - [9363caa8] 总耗时: 2.05秒
2025-07-25 11:25:37,661 - app - INFO - [9363caa8] API耗时: 2.03秒
2025-07-25 11:25:57,822 - app - INFO - [97e34015] === 新的聊天请求开始 ===
2025-07-25 11:25:57,823 - app - INFO - [97e34015] 请求数据字段: ['api_key', 'base_url', 'model_endpoint', 'model_id', 'system_content', 'user_content', 'logit_bias']
2025-07-25 11:25:57,823 - app - INFO - [97e34015] 收到logit_bias参数: {'135': -100, '136': -100, '854': -100, '861': -100}
2025-07-25 11:25:57,823 - app - INFO - [97e34015] 使用用户提供的base_url: https://ark.ap-southeast.bytepluses.com/api/v3
2025-07-25 11:25:57,823 - app - INFO - [97e34015] 使用模型参数: skylark-pro-sc-250615
2025-07-25 11:25:57,823 - app - INFO - [97e34015] API密钥: 6f7f1187-f042-41fb-8d0b-6f75f5ae39fd (长度: 36)
2025-07-25 11:25:57,823 - app - INFO - [97e34015] 用户输入长度: 11 字符
2025-07-25 11:25:57,823 - app - INFO - [97e34015] 系统消息长度: 1974 字符
2025-07-25 11:25:57,832 - app - INFO - [97e34015] ModelArk服务初始化成功
2025-07-25 11:25:57,832 - app - INFO - [97e34015] 开始调用API...
2025-07-25 11:26:00,686 - app - INFO - [97e34015] === 请求处理成功 ===
2025-07-25 11:26:00,686 - app - INFO - [97e34015] 总耗时: 2.86秒
2025-07-25 11:26:00,686 - app - INFO - [97e34015] API耗时: 2.84秒
2025-07-25 11:26:30,077 - app - INFO - [92f9e4be] === 新的聊天请求开始 ===
2025-07-25 11:26:30,079 - app - INFO - [92f9e4be] 请求数据字段: ['api_key', 'base_url', 'model_endpoint', 'model_id', 'system_content', 'user_content', 'logit_bias']
2025-07-25 11:26:30,080 - app - INFO - [92f9e4be] 收到logit_bias参数: {'135': -100, '136': -100, '854': -100, '861': -100}
2025-07-25 11:26:30,080 - app - INFO - [92f9e4be] 使用用户提供的base_url: https://ark.ap-southeast.bytepluses.com/api/v3
2025-07-25 11:26:30,080 - app - INFO - [92f9e4be] 使用模型参数: skylark-pro-sc-250615
2025-07-25 11:26:30,080 - app - INFO - [92f9e4be] API密钥: 6f7f1187-f042-41fb-8d0b-6f75f5ae39fd (长度: 36)
2025-07-25 11:26:30,080 - app - INFO - [92f9e4be] 用户输入长度: 5 字符
2025-07-25 11:26:30,080 - app - INFO - [92f9e4be] 系统消息长度: 1974 字符
2025-07-25 11:26:30,112 - app - INFO - [92f9e4be] ModelArk服务初始化成功
2025-07-25 11:26:30,112 - app - INFO - [92f9e4be] 开始调用API...
2025-07-25 11:26:34,445 - app - INFO - [92f9e4be] === 请求处理成功 ===
2025-07-25 11:26:34,445 - app - INFO - [92f9e4be] 总耗时: 4.37秒
2025-07-25 11:26:34,445 - app - INFO - [92f9e4be] API耗时: 4.33秒
2025-07-25 11:28:21,871 - app - INFO - [9b9ad956] === 新的聊天请求开始 ===
2025-07-25 11:28:21,872 - app - INFO - [9b9ad956] 请求数据字段: ['api_key', 'base_url', 'model_endpoint', 'model_id', 'system_content', 'user_content', 'logit_bias']
2025-07-25 11:28:21,873 - app - INFO - [9b9ad956] 收到logit_bias参数: {'135': -100, '136': -100, '854': -100, '861': -100}
2025-07-25 11:28:21,873 - app - INFO - [9b9ad956] 使用用户提供的base_url: https://ark.ap-southeast.bytepluses.com/api/v3
2025-07-25 11:28:21,873 - app - INFO - [9b9ad956] 使用模型参数: skylark-pro-sc-250615
2025-07-25 11:28:21,873 - app - INFO - [9b9ad956] API密钥: 6f7f1187-f042-41fb-8d0b-6f75f5ae39fd (长度: 36)
2025-07-25 11:28:21,873 - app - INFO - [9b9ad956] 用户输入长度: 183 字符
2025-07-25 11:28:21,873 - app - INFO - [9b9ad956] 系统消息长度: 1974 字符
2025-07-25 11:28:21,899 - app - INFO - [9b9ad956] ModelArk服务初始化成功
2025-07-25 11:28:21,899 - app - INFO - [9b9ad956] 开始调用API...
2025-07-25 11:28:24,868 - app - INFO - [9b9ad956] === 请求处理成功 ===
2025-07-25 11:28:24,868 - app - INFO - [9b9ad956] 总耗时: 3.00秒
2025-07-25 11:28:24,868 - app - INFO - [9b9ad956] API耗时: 2.97秒
2025-07-25 11:29:22,927 - app - INFO - [dad83773] === 新的聊天请求开始 ===
2025-07-25 11:29:22,929 - app - INFO - [dad83773] 请求数据字段: ['api_key', 'base_url', 'model_endpoint', 'model_id', 'system_content', 'user_content', 'logit_bias']
2025-07-25 11:29:22,930 - app - INFO - [dad83773] 收到logit_bias参数: {'135': -100, '136': -100, '854': -100, '861': -100}
2025-07-25 11:29:22,930 - app - INFO - [dad83773] 使用用户提供的base_url: https://ark.ap-southeast.bytepluses.com/api/v3
2025-07-25 11:29:22,930 - app - INFO - [dad83773] 使用模型参数: skylark-pro-sc-250615
2025-07-25 11:29:22,930 - app - INFO - [dad83773] API密钥: 6f7f1187-f042-41fb-8d0b-6f75f5ae39fd (长度: 36)
2025-07-25 11:29:22,931 - app - INFO - [dad83773] 用户输入长度: 305 字符
2025-07-25 11:29:22,931 - app - INFO - [dad83773] 系统消息长度: 1974 字符
2025-07-25 11:29:22,949 - app - INFO - [dad83773] ModelArk服务初始化成功
2025-07-25 11:29:22,950 - app - INFO - [dad83773] 开始调用API...
2025-07-25 11:29:25,130 - app - INFO - [dad83773] === 请求处理成功 ===
2025-07-25 11:29:25,130 - app - INFO - [dad83773] 总耗时: 2.20秒
2025-07-25 11:29:25,130 - app - INFO - [dad83773] API耗时: 2.18秒
2025-07-28 15:38:31,371 - app - INFO - 启动应用，配置: type
2025-07-28 15:38:31,371 - app - INFO - 日志文件: logs/app.log
2025-07-28 15:38:31,371 - app - INFO - API基础URL: https://ark.cn-beijing.volces.com/api/v3
2025-07-28 15:38:32,187 - app - INFO - 启动应用，配置: type
2025-07-28 15:38:32,187 - app - INFO - 日志文件: logs/app.log
2025-07-28 15:38:32,187 - app - INFO - API基础URL: https://ark.cn-beijing.volces.com/api/v3
2025-07-28 15:41:06,273 - app - INFO - [d466a82d] === 新的聊天请求开始 ===
2025-07-28 15:41:06,277 - app - INFO - [d466a82d] 请求数据字段: ['api_key', 'base_url', 'model_endpoint', 'model_id', 'system_content', 'user_content', 'logit_bias']
2025-07-28 15:41:06,286 - app - INFO - [d466a82d] 收到logit_bias参数: {'135': -100, '136': -100, '854': -100, '861': -100}
2025-07-28 15:41:06,286 - app - INFO - [d466a82d] 使用用户提供的base_url: https://ark.ap-southeast.bytepluses.com/api/v3/
2025-07-28 15:41:06,286 - app - INFO - [d466a82d] 使用模型参数: skylark-pro-sc-250615
2025-07-28 15:41:06,286 - app - INFO - [d466a82d] API密钥: 6f7f1187-f042-41fb-8d0b-6f75f5ae39fd (长度: 36)
2025-07-28 15:41:06,286 - app - INFO - [d466a82d] 用户输入长度: 2 字符
2025-07-28 15:41:06,287 - app - INFO - [d466a82d] 系统消息长度: 2 字符
2025-07-28 15:41:06,380 - app - INFO - [d466a82d] ModelArk服务初始化成功
2025-07-28 15:41:06,380 - app - INFO - [d466a82d] 开始调用API...
2025-07-28 15:41:10,270 - app - INFO - [d466a82d] === 请求处理成功 ===
2025-07-28 15:41:10,270 - app - INFO - [d466a82d] 总耗时: 4.00秒
2025-07-28 15:41:10,270 - app - INFO - [d466a82d] API耗时: 3.89秒
2025-08-01 10:42:02,564 - app - INFO - 启动应用，配置: type
2025-08-01 10:42:02,564 - app - INFO - 日志文件: logs/app.log
2025-08-01 10:42:02,565 - app - INFO - API基础URL: https://ark.cn-beijing.volces.com/api/v3
2025-08-01 10:42:03,294 - app - INFO - 启动应用，配置: type
2025-08-01 10:42:03,295 - app - INFO - 日志文件: logs/app.log
2025-08-01 10:42:03,295 - app - INFO - API基础URL: https://ark.cn-beijing.volces.com/api/v3
2025-08-01 10:46:33,482 - app - INFO - [50202d06] === 新的聊天请求开始 ===
2025-08-01 10:46:33,485 - app - INFO - [50202d06] 请求数据字段: ['api_key', 'base_url', 'model_endpoint', 'model_id', 'messages', 'multi_turn', 'logit_bias']
2025-08-01 10:46:33,487 - app - INFO - [50202d06] 多轮对话模式，消息数量: 2
2025-08-01 10:46:33,487 - app - INFO - [50202d06] 消息 1: user (19 字符)
2025-08-01 10:46:33,487 - app - INFO - [50202d06] 消息 2: user (19 字符)
2025-08-01 10:46:33,487 - app - INFO - [50202d06] 收到logit_bias参数: {'135': -100, '136': -100, '854': -100, '861': -100}
2025-08-01 10:46:33,487 - app - INFO - [50202d06] 使用用户提供的base_url: https://ark.cn-beijing.volces.com/api/v3https://api.example.com/v1
2025-08-01 10:46:33,487 - app - INFO - [50202d06] 使用模型参数: test-model
2025-08-01 10:46:33,487 - app - INFO - [50202d06] API密钥: test-api-key (长度: 12)
2025-08-01 10:46:33,579 - app - INFO - [50202d06] ModelArk服务初始化成功
2025-08-01 10:46:33,579 - app - INFO - [50202d06] 使用多轮对话消息列表，共 2 条消息
2025-08-01 10:46:33,579 - app - INFO - [50202d06] 开始调用API...
2025-08-01 10:46:35,158 - app - ERROR - [50202d06] === 请求处理失败 ===
2025-08-01 10:46:35,158 - app - ERROR - [50202d06] 总耗时: 1.68秒
2025-08-01 10:46:35,158 - app - ERROR - [50202d06] 错误: Error code: 401 - {'error': {'code': 'AuthenticationError', 'message': 'The API key format is incorrect. Request id: 0217540163954702b098de9416cb52947df1dbcc87f0c5fa54a52', 'param': '', 'type': 'Unauthorized'}}
2025-08-01 10:47:33,021 - app - INFO - [95f9776b] === 新的聊天请求开始 ===
2025-08-01 10:47:33,024 - app - INFO - [95f9776b] 请求数据字段: ['api_key', 'base_url', 'model_endpoint', 'model_id', 'messages', 'multi_turn', 'logit_bias']
2025-08-01 10:47:33,024 - app - INFO - [95f9776b] 多轮对话模式，消息数量: 2
2025-08-01 10:47:33,024 - app - INFO - [95f9776b] 消息 1: user (33 字符)
2025-08-01 10:47:33,024 - app - INFO - [95f9776b] 消息 2: user (33 字符)
2025-08-01 10:47:33,025 - app - INFO - [95f9776b] 收到logit_bias参数: {'135': -100, '136': -100, '854': -100, '861': -100}
2025-08-01 10:47:33,025 - app - INFO - [95f9776b] 使用用户提供的base_url: https://ark.cn-beijing.volces.com/api/v3https://api.example.com/v1
2025-08-01 10:47:33,025 - app - INFO - [95f9776b] 使用模型参数: test-model
2025-08-01 10:47:33,025 - app - INFO - [95f9776b] API密钥: test-api-key (长度: 12)
2025-08-01 10:47:33,090 - app - INFO - [95f9776b] ModelArk服务初始化成功
2025-08-01 10:47:33,091 - app - INFO - [95f9776b] 使用多轮对话消息列表，共 2 条消息
2025-08-01 10:47:33,091 - app - INFO - [95f9776b] 开始调用API...
2025-08-01 10:47:34,421 - app - ERROR - [95f9776b] === 请求处理失败 ===
2025-08-01 10:47:34,421 - app - ERROR - [95f9776b] 总耗时: 1.40秒
2025-08-01 10:47:34,421 - app - ERROR - [95f9776b] 错误: Error code: 401 - {'error': {'code': 'AuthenticationError', 'message': 'The API key format is incorrect. Request id: 021754016454716dcaa2b3075f8e37b9e2211ef5925e23940ecfb', 'param': '', 'type': 'Unauthorized'}}
2025-08-01 10:48:16,109 - app - INFO - [4dc5c34d] === 新的聊天请求开始 ===
2025-08-01 10:48:16,113 - app - INFO - [4dc5c34d] 请求数据字段: ['api_key', 'base_url', 'model_endpoint', 'model_id', 'messages', 'multi_turn', 'logit_bias']
2025-08-01 10:48:16,114 - app - INFO - [4dc5c34d] 多轮对话模式，消息数量: 3
2025-08-01 10:48:16,114 - app - INFO - [4dc5c34d] 消息 1: user (33 字符)
2025-08-01 10:48:16,116 - app - INFO - [4dc5c34d] 消息 2: user (52 字符)
2025-08-01 10:48:16,116 - app - INFO - [4dc5c34d] 消息 3: user (52 字符)
2025-08-01 10:48:16,116 - app - INFO - [4dc5c34d] 收到logit_bias参数: {'135': -100, '136': -100, '854': -100, '861': -100}
2025-08-01 10:48:16,116 - app - INFO - [4dc5c34d] 使用用户提供的base_url: https://ark.cn-beijing.volces.com/api/v3https://api.example.com/v1
2025-08-01 10:48:16,116 - app - INFO - [4dc5c34d] 使用模型参数: test-model
2025-08-01 10:48:16,117 - app - INFO - [4dc5c34d] API密钥: test-api-key (长度: 12)
2025-08-01 10:48:16,210 - app - INFO - [4dc5c34d] ModelArk服务初始化成功
2025-08-01 10:48:16,210 - app - INFO - [4dc5c34d] 使用多轮对话消息列表，共 3 条消息
2025-08-01 10:48:16,210 - app - INFO - [4dc5c34d] 开始调用API...
2025-08-01 10:48:17,629 - app - ERROR - [4dc5c34d] === 请求处理失败 ===
2025-08-01 10:48:17,630 - app - ERROR - [4dc5c34d] 总耗时: 1.52秒
2025-08-01 10:48:17,630 - app - ERROR - [4dc5c34d] 错误: Error code: 401 - {'error': {'code': 'AuthenticationError', 'message': 'The API key format is incorrect. Request id: 021754016497714975c3c8a8fc2a400cdace3dd22cd50279649cf', 'param': '', 'type': 'Unauthorized'}}
